no,id,title,default_title,url,watch_url,source_tabs,primary_tab,media_family,duration,duration_min,is_duration_under_60,view_count,topics,thumbnail_url
1,dWaInRL_Gas,집사야 손이 짜다,집사야 손이 짜다,https://www.youtube.com/watch?v=dWaInRL_Gas,https://www.youtube.com/watch?v=dWaInRL_Gas,videos,videos,video,22.0,0.37,True,,관계/윤리,https://i.ytimg.com/vi/dWaInRL_Gas/hqdefault.jpg?sqp=-oaymwEcCNACELwBSFXyq4qpAw4IARUAAIhCGAFwAcABBg==&rs=AOn4CLBi2tR5kUMUuSVecbibTtfI1NuMJQ
2,Go_mCXoXv4M,don't go냄새 그거슨...👃🏻😨,don't go냄새 그거슨...👃🏻😨,https://www.youtube.com/watch?v=Go_mCXoXv4M,https://www.youtube.com/watch?v=Go_mCXoXv4M,videos,videos,video,16.0,0.27,True,,기타/엔터테인먼트,https://i.ytimg.com/vi/Go_mCXoXv4M/hqdefault.jpg?sqp=-oaymwE2CNACELwBSFXyq4qpAygIARUAAIhCGAFwAcABBvABAfgBzgWAApYDigIMCAAQARhjIGMoYzAP&rs=AOn4CLDEswMIAbwfC6hau_LiWj2o1J_pmw
3,-cepgyt2Bsc,술취한 아빠 마중나오는 고양이,술취한 아빠 마중나오는 고양이,https://www.youtube.com/watch?v=-cepgyt2Bsc,https://www.youtube.com/watch?v=-cepgyt2Bsc,videos,videos,video,46.0,0.77,True,,서사/상담,https://i.ytimg.com/vi/-cepgyt2Bsc/hqdefault.jpg?sqp=-oaymwEcCNACELwBSFXyq4qpAw4IARUAAIhCGAFwAcABBg==&rs=AOn4CLALBEZZVawmstLuF325IWY5MBuPOg
4,r_yUs-JXP8o,죠리퐁인데 사료뺏어먹는줄 아는 고양이,죠리퐁인데 사료뺏어먹는줄 아는 고양이,https://www.youtube.com/watch?v=r_yUs-JXP8o,https://www.youtube.com/watch?v=r_yUs-JXP8o,videos,videos,video,56.0,0.93,True,,생활/돌봄,https://i.ytimg.com/vi/r_yUs-JXP8o/hqdefault.jpg?sqp=-oaymwEcCNACELwBSFXyq4qpAw4IARUAAIhCGAFwAcABBg==&rs=AOn4CLDmHfiD1rDvJObhLpvgFq9cVTu0qQ
5,1ea07xC3yvI,귀여운 공격성,Cute Aggression,https://www.youtube.com/shorts/1ea07xC3yvI,https://www.youtube.com/watch?v=1ea07xC3yvI,shorts,shorts,shorts,,,,19000,행동/감정,https://i.ytimg.com/vi/1ea07xC3yvI/oardefault.jpg?sqp=-oaymwEdCJUDENAFSFWQAgHyq4qpAwwIARUAAIhCcAHAAQY=&rs=AOn4CLDIOnNsKiAk5s1k4mCiTV-_ZDPRvg&usqp=CCk
6,0NZTweb1uc0,첫째가 좋아? 둘째가 좋아?,"Who do you prefer, the first or the second?",https://www.youtube.com/shorts/0NZTweb1uc0,https://www.youtube.com/watch?v=0NZTweb1uc0,shorts,shorts,shorts,,,,74000,관계/윤리,https://i.ytimg.com/vi/0NZTweb1uc0/oardefault.jpg?sqp=-oaymwEdCJUDENAFSFWQAgHyq4qpAwwIARUAAIhCcAHAAQY=&rs=AOn4CLDcVz_Bxq7K1EFqj_sOaPES_p-GAg&usqp=CCk
7,E-So6aCZ0RQ,근데 강아지 키운 적 있음,But have you ever raised a dog?,https://www.youtube.com/shorts/E-So6aCZ0RQ,https://www.youtube.com/watch?v=E-So6aCZ0RQ,shorts,shorts,shorts,,,,16000,기타/엔터테인먼트,https://i.ytimg.com/vi/E-So6aCZ0RQ/oardefault.jpg?sqp=-oaymwEdCJUDENAFSFWQAgHyq4qpAwwIARUAAIhCcAHAAQY=&rs=AOn4CLC9Tt_DxyaDBDpXz470GMDcfrrdxg&usqp=CCk
8,7qyXfDMbLzA,아빠보다 비둘기,A Pigeon Over Dad,https://www.youtube.com/shorts/7qyXfDMbLzA,https://www.youtube.com/watch?v=7qyXfDMbLzA,shorts,shorts,shorts,,,,59000,서사/상담,https://i.ytimg.com/vi/7qyXfDMbLzA/oardefault.jpg?sqp=-oaymwEdCJUDENAFSFWQAgHyq4qpAwwIARUAAIhCcAHAAQY=&rs=AOn4CLAyfLliJXjL1bwG77FxNcf3Qek1gA&usqp=CCk
9,asZDs640iBc,멍냥이,Spacing-out cat,https://www.youtube.com/shorts/asZDs640iBc,https://www.youtube.com/watch?v=asZDs640iBc,shorts,shorts,shorts,,,,118000,기타/엔터테인먼트,https://i.ytimg.com/vi/asZDs640iBc/oardefault.jpg?sqp=-oaymwEdCJUDENAFSFWQAgHyq4qpAwwIARUAAIhCcAHAAQY=&rs=AOn4CLCJnuQToaTrn4rjo3-IEeu-H0eHrQ&usqp=CCk
10,dYm2SkaCli0,고양이는 싫다던 엄마,"My Mom, who said she hated cats",https://www.youtube.com/shorts/dYm2SkaCli0,https://www.youtube.com/watch?v=dYm2SkaCli0,shorts,shorts,shorts,,,,65000,서사/상담,https://i.ytimg.com/vi/dYm2SkaCli0/oardefault.jpg?sqp=-oaymwEdCJUDENAFSFWQAgHyq4qpAwwIARUAAIhCcAHAAQY=&rs=AOn4CLDPru__FXo6216fQX2eSjWy3qSnhQ&usqp=CCk
11,uKk3aKxD0Xs,먹이퍼즐!!,Food Puzzles!!,https://www.youtube.com/shorts/uKk3aKxD0Xs,https://www.youtube.com/watch?v=uKk3aKxD0Xs,shorts,shorts,shorts,,,,46000,기타/엔터테인먼트,https://i.ytimg.com/vi/uKk3aKxD0Xs/oardefault.jpg?sqp=-oaymwEdCJUDENAFSFWQAgHyq4qpAwwIARUAAIhCcAHAAQY=&rs=AOn4CLAGUgNl8ok2c_ojDCS_xm4g1zNgkQ&usqp=CCk
12,J_nKd6Ek7M0,수염도 ㄱㅇㅇ,Even their whiskers are cute,https://www.youtube.com/shorts/J_nKd6Ek7M0,https://www.youtube.com/watch?v=J_nKd6Ek7M0,shorts,shorts,shorts,,,,68000,기타/엔터테인먼트,https://i.ytimg.com/vi/J_nKd6Ek7M0/oardefault.jpg?sqp=-oaymwEdCJUDENAFSFWQAgHyq4qpAwwIARUAAIhCcAHAAQY=&rs=AOn4CLDhHvjq73SFz7TsU4aDNQ_paS0QOg&usqp=CCk
13,GbynZdE05IQ,사룟값은 해라,Earn Your Keep,https://www.youtube.com/shorts/GbynZdE05IQ,https://www.youtube.com/watch?v=GbynZdE05IQ,shorts,shorts,shorts,,,,31000,기타/엔터테인먼트,https://i.ytimg.com/vi/GbynZdE05IQ/oardefault.jpg?sqp=-oaymwEdCJUDENAFSFWQAgHyq4qpAwwIARUAAIhCcAHAAQY=&rs=AOn4CLBuvCyIsplhCAbYY4jKdKBlnsLc3A&usqp=CCk
14,ulge3rLUG_8,호랑이도 박스 좋아함,Even Tigers Love Boxes,https://www.youtube.com/shorts/ulge3rLUG_8,https://www.youtube.com/watch?v=ulge3rLUG_8,shorts,shorts,shorts,,,,32000,기타/엔터테인먼트,https://i.ytimg.com/vi/ulge3rLUG_8/oardefault.jpg?sqp=-oaymwEdCJUDENAFSFWQAgHyq4qpAwwIARUAAIhCcAHAAQY=&rs=AOn4CLD_ri8GycneXnoHXTMUNYSWCyP_NA&usqp=CCk
15,XbtlQ_5EHPI,민음사 마케터는 다르네,Minumsa marketers are just built different,https://www.youtube.com/shorts/XbtlQ_5EHPI,https://www.youtube.com/watch?v=XbtlQ_5EHPI,shorts,shorts,shorts,,,,33000,기타/엔터테인먼트,https://i.ytimg.com/vi/XbtlQ_5EHPI/oardefault.jpg?sqp=-oaymwEdCJUDENAFSFWQAgHyq4qpAwwIARUAAIhCcAHAAQY=&rs=AOn4CLAkBmbEESnCjkzHmigUBvBLMrZVdw&usqp=CCk
16,vK3w3HnWMiA,또 이러신다.. 약 드세요,Doing it again... please take your meds,https://www.youtube.com/shorts/vK3w3HnWMiA,https://www.youtube.com/watch?v=vK3w3HnWMiA,shorts,shorts,shorts,,,,213000,기타/엔터테인먼트,https://i.ytimg.com/vi/vK3w3HnWMiA/oardefault.jpg?sqp=-oaymwEdCJUDENAFSFWQAgHyq4qpAwwIARUAAIhCcAHAAQY=&rs=AOn4CLBjhdO4gWPKFEq_nl5nlkdu7UKdSA&usqp=CCk
17,9cvrBpyazv4,고양이가 서열 1위인 이유,The reason cats are number one in the hierarchy,https://www.youtube.com/shorts/9cvrBpyazv4,https://www.youtube.com/watch?v=9cvrBpyazv4,shorts,shorts,shorts,,,,35000,기타/엔터테인먼트,https://i.ytimg.com/vi/9cvrBpyazv4/oardefault.jpg?sqp=-oaymwEdCJUDENAFSFWQAgHyq4qpAwwIARUAAIhCcAHAAQY=&rs=AOn4CLDB-c86jJJjnG6z1pfxRC5Z6MRA7A&usqp=CCk
18,0fVcQKs4oYs,톰은 땅콩을 안 뗌,Tom doesn't get rid of peanuts.,https://www.youtube.com/shorts/0fVcQKs4oYs,https://www.youtube.com/watch?v=0fVcQKs4oYs,shorts,shorts,shorts,,,,83000,기타/엔터테인먼트,https://i.ytimg.com/vi/0fVcQKs4oYs/oardefault.jpg?sqp=-oaymwEdCJUDENAFSFWQAgHyq4qpAwwIARUAAIhCcAHAAQY=&rs=AOn4CLC2YyEnChHcGNYyLsOGn9Y_o3z04g&usqp=CCk
19,JV6VxfeaC10,고양이 액체설의 진실,The Truth About the Liquid Cat Theory,https://www.youtube.com/shorts/JV6VxfeaC10,https://www.youtube.com/watch?v=JV6VxfeaC10,shorts,shorts,shorts,,,,48000,기타/엔터테인먼트,https://i.ytimg.com/vi/JV6VxfeaC10/oardefault.jpg?sqp=-oaymwEdCJUDENAFSFWQAgHyq4qpAwwIARUAAIhCcAHAAQY=&rs=AOn4CLBiL8tI1x4PXh2dYcpyck7NJTEbmQ&usqp=CCk
20,yXk0U2lrmko,내 동심 돌려내,Give me back my childlike innocence,https://www.youtube.com/shorts/yXk0U2lrmko,https://www.youtube.com/watch?v=yXk0U2lrmko,shorts,shorts,shorts,,,,64000,기타/엔터테인먼트,https://i.ytimg.com/vi/yXk0U2lrmko/oardefault.jpg?sqp=-oaymwEdCJUDENAFSFWQAgHyq4qpAwwIARUAAIhCcAHAAQY=&rs=AOn4CLDARdAT3f0_-kN7ZcEA5WeKcEMxLA&usqp=CCk
21,wHc9c5yUe2g,병원 갈?말? 딱 알려드립니다 #네니요,Should you go to the vet or not? I'll tell you exactly when #YesNo,https://www.youtube.com/shorts/wHc9c5yUe2g,https://www.youtube.com/watch?v=wHc9c5yUe2g,shorts,shorts,shorts,,,,65000,건강/진료,https://i.ytimg.com/vi/wHc9c5yUe2g/oardefault.jpg?sqp=-oaymwEdCJUDENAFSFWQAgHyq4qpAwwIARUAAIhCcAHAAQY=&rs=AOn4CLB0oOPPkcZJdxwMX5mLg2Ook_FcEA&usqp=CCk
22,FUmMj7oT1t0,아빠는 서러워,Dads get no respect,https://www.youtube.com/shorts/FUmMj7oT1t0,https://www.youtube.com/watch?v=FUmMj7oT1t0,shorts,shorts,shorts,,,,144000,서사/상담,https://i.ytimg.com/vi/FUmMj7oT1t0/oardefault.jpg?sqp=-oaymwEdCJUDENAFSFWQAgHyq4qpAwwIARUAAIhCcAHAAQY=&rs=AOn4CLD5wxcl2IrzrH_kCJOobi3yoFv9Cg&usqp=CCk
23,U59HGL2_ZtM,고양이도 알겠다,Even a cat would know.,https://www.youtube.com/shorts/U59HGL2_ZtM,https://www.youtube.com/watch?v=U59HGL2_ZtM,shorts,shorts,shorts,,,,33000,기타/엔터테인먼트,https://i.ytimg.com/vi/U59HGL2_ZtM/oardefault.jpg?sqp=-oaymwEdCJUDENAFSFWQAgHyq4qpAwwIARUAAIhCcAHAAQY=&rs=AOn4CLCBh6bW26UkYGXNgNFbfFqiHdF5_Q&usqp=CCk
24,HBeXZMzuMAg,화기애애😇,A warm and friendly atmosphere 😇,https://www.youtube.com/shorts/HBeXZMzuMAg,https://www.youtube.com/watch?v=HBeXZMzuMAg,shorts,shorts,shorts,,,,22000,기타/엔터테인먼트,https://i.ytimg.com/vi/HBeXZMzuMAg/oardefault.jpg?sqp=-oaymwEdCJUDENAFSFWQAgHyq4qpAwwIARUAAIhCcAHAAQY=&rs=AOn4CLDqMwH99Jx0Nt-c4msFBUcK4o3e6A&usqp=CCk
25,tgJW3Mrtn8Y,"(속보)오다기리 조, 기무라 타쿠야 내한",(Breaking) Joe Odagiri and Takuya Kimura Visit Korea,https://www.youtube.com/shorts/tgJW3Mrtn8Y,https://www.youtube.com/watch?v=tgJW3Mrtn8Y,shorts,shorts,shorts,,,,43000,기타/엔터테인먼트,https://i.ytimg.com/vi/tgJW3Mrtn8Y/oardefault.jpg?sqp=-oaymwEdCJUDENAFSFWQAgHyq4qpAwwIARUAAIhCcAHAAQY=&rs=AOn4CLAlME3JxLODvb6mwCSzVCwbn_qMwg&usqp=CCk
26,gdZmuuiFksM,얼마나 좋아하는지 감도 안 옴,I have no idea how much you like me,https://www.youtube.com/shorts/gdZmuuiFksM,https://www.youtube.com/watch?v=gdZmuuiFksM,shorts,shorts,shorts,,,,39000,기타/엔터테인먼트,https://i.ytimg.com/vi/gdZmuuiFksM/oardefault.jpg?sqp=-oaymwEdCJUDENAFSFWQAgHyq4qpAwwIARUAAIhCcAHAAQY=&rs=AOn4CLDY1eAMxUbqUcyoa_KaIaP8Bc3LWg&usqp=CCk
27,1kGSKtwD-eE,정을 주지 않기로 했다(?),I decided not to get attached(?),https://www.youtube.com/shorts/1kGSKtwD-eE,https://www.youtube.com/watch?v=1kGSKtwD-eE,shorts,shorts,shorts,,,,103000,기타/엔터테인먼트,https://i.ytimg.com/vi/1kGSKtwD-eE/oardefault.jpg?sqp=-oaymwEdCJUDENAFSFWQAgHyq4qpAwwIARUAAIhCcAHAAQY=&rs=AOn4CLBZn41Nx8yDDQ_ktuJWnJmvyazlJQ&usqp=CCk
28,vPj6JwlPco0,기싸움 레전드,Legendary battle of wills,https://www.youtube.com/shorts/vPj6JwlPco0,https://www.youtube.com/watch?v=vPj6JwlPco0,shorts,shorts,shorts,,,,260000,행동/감정,https://i.ytimg.com/vi/vPj6JwlPco0/oardefault.jpg?sqp=-oaymwEdCJUDENAFSFWQAgHyq4qpAwwIARUAAIhCcAHAAQY=&rs=AOn4CLBnWc3G9jZqXW4ODziW0kR8J0Jqxw&usqp=CCk
29,65eSUiGUwx0,냥터밤,Nyanterbam,https://www.youtube.com/shorts/65eSUiGUwx0,https://www.youtube.com/watch?v=65eSUiGUwx0,shorts,shorts,shorts,,,,40000,기타/엔터테인먼트,https://i.ytimg.com/vi/65eSUiGUwx0/oardefault.jpg?sqp=-oaymwEdCJUDENAFSFWQAgHyq4qpAwwIARUAAIhCcAHAAQY=&rs=AOn4CLCTJsEbv67Z0-6E75l4HP6IaaZpRw&usqp=CCk
30,t2HnLECrOsQ,맞춰보세요,guess,https://www.youtube.com/shorts/t2HnLECrOsQ,https://www.youtube.com/watch?v=t2HnLECrOsQ,shorts,shorts,shorts,,,,38000,기타/엔터테인먼트,https://i.ytimg.com/vi/t2HnLECrOsQ/oardefault.jpg?sqp=-oaymwEdCJUDENAFSFWQAgHyq4qpAwwIARUAAIhCcAHAAQY=&rs=AOn4CLAY7_LjrPnCiItEadWPl_j0Tje9mw&usqp=CCk
31,BgE4wjmSB28,고양이 하찮은 앞니의 쓸모🦷,The Usefulness of a Cat's Trivial Front Teeth 🦷,https://www.youtube.com/shorts/BgE4wjmSB28,https://www.youtube.com/watch?v=BgE4wjmSB28,shorts,shorts,shorts,,,,135000,기타/엔터테인먼트,https://i.ytimg.com/vi/BgE4wjmSB28/oardefault.jpg?sqp=-oaymwEdCJUDENAFSFWQAgHyq4qpAwwIARUAAIhCcAHAAQY=&rs=AOn4CLBU5KU8rVfPECKRg9G_smGoJY9bjQ&usqp=CCk
32,xSxWE3kmxbU,저쪼아래,Below the Nipples,https://www.youtube.com/shorts/xSxWE3kmxbU,https://www.youtube.com/watch?v=xSxWE3kmxbU,shorts,shorts,shorts,,,,64000,기타/엔터테인먼트,https://i.ytimg.com/vi/xSxWE3kmxbU/oardefault.jpg?sqp=-oaymwEdCJUDENAFSFWQAgHyq4qpAwwIARUAAIhCcAHAAQY=&rs=AOn4CLCrAVKkfSJ62viO4FCq9qHCL6Ekeg&usqp=CCk
33,KVCTcuFUnZQ,고양이 궁디랑 머리를 같이 팡팡 #이거진짜예요,Patting the cat's butt and head together #ThisIsReal,https://www.youtube.com/shorts/KVCTcuFUnZQ,https://www.youtube.com/watch?v=KVCTcuFUnZQ,shorts,shorts,shorts,,,,84000,기타/엔터테인먼트,https://i.ytimg.com/vi/KVCTcuFUnZQ/oar2.jpg?sqp=-oaymwEdCJUDENAFSFWQAgHyq4qpAwwIARUAAIhCcAHAAQY=&rs=AOn4CLDlaW7rJ2HiJKJaJJXhapezGT5jLg&usqp=CCk
34,XxkcAwOIf7A,그냥 상혁이라고 하자,Let's just call him Sanghyeok.,https://www.youtube.com/shorts/XxkcAwOIf7A,https://www.youtube.com/watch?v=XxkcAwOIf7A,shorts,shorts,shorts,,,,48000,기타/엔터테인먼트,https://i.ytimg.com/vi/XxkcAwOIf7A/oardefault.jpg?sqp=-oaymwEdCJUDENAFSFWQAgHyq4qpAwwIARUAAIhCcAHAAQY=&rs=AOn4CLAk--_degAliZPmAo3cJr7pbxGQOA&usqp=CCk
35,bstY5DDwTE0,고양이에겐 독사과,Poison apple for cats,https://www.youtube.com/shorts/bstY5DDwTE0,https://www.youtube.com/watch?v=bstY5DDwTE0,shorts,shorts,shorts,,,,40000,기타/엔터테인먼트,https://i.ytimg.com/vi/bstY5DDwTE0/oardefault.jpg?sqp=-oaymwEdCJUDENAFSFWQAgHyq4qpAwwIARUAAIhCcAHAAQY=&rs=AOn4CLACxqndw4XqftLOUD5E6utlyW1IuA&usqp=CCk
36,MRWqVTDA0m0,18년간 고양이와 같이 자란 아이,A child who grew up with a cat for 18 years,https://www.youtube.com/shorts/MRWqVTDA0m0,https://www.youtube.com/watch?v=MRWqVTDA0m0,shorts,shorts,shorts,,,,120000,기타/엔터테인먼트,https://i.ytimg.com/vi/MRWqVTDA0m0/oardefault.jpg?sqp=-oaymwEdCJUDENAFSFWQAgHyq4qpAwwIARUAAIhCcAHAAQY=&rs=AOn4CLA7NcFwhnx1ObqvgX1FGKPGKI-IGQ&usqp=CCk
37,HiogVqpepBE,피부에 냥보하세요,Give your skin a treat.,https://www.youtube.com/shorts/HiogVqpepBE,https://www.youtube.com/watch?v=HiogVqpepBE,shorts,shorts,shorts,,,,43000,건강/진료,https://i.ytimg.com/vi/HiogVqpepBE/oardefault.jpg?sqp=-oaymwEdCJUDENAFSFWQAgHyq4qpAwwIARUAAIhCcAHAAQY=&rs=AOn4CLDHKFq1SxQ0GGZ7ZnNvqUNNxLj_9w&usqp=CCk
38,MZdCxA2XtfM,아기 질투하는 고양이ㅋㅋ,A cat jealous of a baby lol,https://www.youtube.com/shorts/MZdCxA2XtfM,https://www.youtube.com/watch?v=MZdCxA2XtfM,shorts,shorts,shorts,,,,474000,관계/윤리,https://i.ytimg.com/vi/MZdCxA2XtfM/oardefault.jpg?sqp=-oaymwEdCJUDENAFSFWQAgHyq4qpAwwIARUAAIhCcAHAAQY=&rs=AOn4CLD2HLxD9niNLlI7YZgs0LmpMazDeg&usqp=CCk
39,QttxywFbuVI,고양이가 죽기 전 나를 애틋하게 바라본다는 이야기 #이거진짜예요?,The story about a cat looking at me affectionately before it dies #IsThisReal?,https://www.youtube.com/shorts/QttxywFbuVI,https://www.youtube.com/watch?v=QttxywFbuVI,shorts,shorts,shorts,,,,55000,기타/엔터테인먼트,https://i.ytimg.com/vi/QttxywFbuVI/oardefault.jpg?sqp=-oaymwEdCJUDENAFSFWQAgHyq4qpAwwIARUAAIhCcAHAAQY=&rs=AOn4CLAKCUXmlRxCqW2ioBAbi98B-9i2og&usqp=CCk
40,IHIzyXFTrOg,풍속성 고양이라니ㄷㄷ,풍속성 고양이라니ㄷㄷ,https://www.youtube.com/shorts/IHIzyXFTrOg,https://www.youtube.com/watch?v=IHIzyXFTrOg,shorts,shorts,shorts,,,,59000,기타/엔터테인먼트,https://i.ytimg.com/vi/IHIzyXFTrOg/oardefault.jpg?sqp=-oaymwEdCJUDENAFSFWQAgHyq4qpAwwIARUAAIhCcAHAAQY=&rs=AOn4CLC9zHBG8VV7WyBZ1vFKumw4B0D6wg&usqp=CCk
41,m7LK4_RM8fY,동료 알바생이 일을 안 해요,My fellow part-timer isn't working.,https://www.youtube.com/shorts/m7LK4_RM8fY,https://www.youtube.com/watch?v=m7LK4_RM8fY,shorts,shorts,shorts,,,,472000,기타/엔터테인먼트,https://i.ytimg.com/vi/m7LK4_RM8fY/oardefault.jpg?sqp=-oaymwEdCJUDENAFSFWQAgHyq4qpAwwIARUAAIhCcAHAAQY=&rs=AOn4CLBdrVQLSJeD4R_v7ercu61kxw78IA&usqp=CCk
42,-5yq9bQNO0E,냥집사면 금연!🚭,Why cat owners should quit smoking,https://www.youtube.com/shorts/-5yq9bQNO0E,https://www.youtube.com/watch?v=-5yq9bQNO0E,shorts,shorts,shorts,,,,54000,관계/윤리,https://i.ytimg.com/vi/-5yq9bQNO0E/oardefault.jpg?sqp=-oaymwEdCJUDENAFSFWQAgHyq4qpAwwIARUAAIhCcAHAAQY=&rs=AOn4CLCBPe_Klww-Baisv_37ZEc4wx1CiQ&usqp=CCk
43,URaNdHCKQP4,죽기 전 마지막 인사,Last greeting before dying,https://www.youtube.com/shorts/URaNdHCKQP4,https://www.youtube.com/watch?v=URaNdHCKQP4,shorts,shorts,shorts,,,,53000,행동/감정,https://i.ytimg.com/vi/URaNdHCKQP4/oardefault.jpg?sqp=-oaymwEdCJUDENAFSFWQAgHyq4qpAwwIARUAAIhCcAHAAQY=&rs=AOn4CLCbrfuVxFZbT9eGmLB2nkrccUP7zQ&usqp=CCk
44,bEd_Olp6_RI,고양이집사 호신술✋,Cat Butler Self-Defense ✋,https://www.youtube.com/shorts/bEd_Olp6_RI,https://www.youtube.com/watch?v=bEd_Olp6_RI,shorts,shorts,shorts,,,,52000,관계/윤리,https://i.ytimg.com/vi/bEd_Olp6_RI/oar2.jpg?sqp=-oaymwEdCJUDENAFSFWQAgHyq4qpAwwIARUAAIhCcAHAAQY=&rs=AOn4CLC8zguWk5u8v9aiyHu5wuuiwV9VYQ&usqp=CCk
45,6JfmZYUGn7I,??: 세상 정복 가능,??: World domination possible,https://www.youtube.com/shorts/6JfmZYUGn7I,https://www.youtube.com/watch?v=6JfmZYUGn7I,shorts,shorts,shorts,,,,45000,기타/엔터테인먼트,https://i.ytimg.com/vi/6JfmZYUGn7I/oardefault.jpg?sqp=-oaymwEdCJUDENAFSFWQAgHyq4qpAwwIARUAAIhCcAHAAQY=&rs=AOn4CLB44LuroBUXxMQUs1TmIxAlTY54Jw&usqp=CCk
46,kl75oZsfF9s,와 이렇게 닮을 수 있나,A cat owner who looks exactly like their cat lol,https://www.youtube.com/shorts/kl75oZsfF9s,https://www.youtube.com/watch?v=kl75oZsfF9s,shorts,shorts,shorts,,,,341000,기타/엔터테인먼트,https://i.ytimg.com/vi/kl75oZsfF9s/oardefault.jpg?sqp=-oaymwEdCJUDENAFSFWQAgHyq4qpAwwIARUAAIhCcAHAAQY=&rs=AOn4CLBe8YcwJuauI1ZTjhBFcp6ctN_CkQ&usqp=CCk
47,84s091yayVM,천재 아냐?,Signs of a highly intelligent cat,https://www.youtube.com/shorts/84s091yayVM,https://www.youtube.com/watch?v=84s091yayVM,shorts,shorts,shorts,,,,126000,기타/엔터테인먼트,https://i.ytimg.com/vi/84s091yayVM/oardefault.jpg?sqp=-oaymwEdCJUDENAFSFWQAgHyq4qpAwwIARUAAIhCcAHAAQY=&rs=AOn4CLDlD-J-8rHPF8z0erVFyFWTPz1ZTA&usqp=CCk
48,rIg95sQIHmU,아주 사냥꾼이야,He's a real hunter.,https://www.youtube.com/shorts/rIg95sQIHmU,https://www.youtube.com/watch?v=rIg95sQIHmU,shorts,shorts,shorts,,,,96000,기타/엔터테인먼트,https://i.ytimg.com/vi/rIg95sQIHmU/oardefault.jpg?sqp=-oaymwEdCJUDENAFSFWQAgHyq4qpAwwIARUAAIhCcAHAAQY=&rs=AOn4CLAl_j3s61xsoK48o_VS_b77ZFg98Q&usqp=CCk
49,yIc6QX2Tlnk,천 마리에 한 마리 정도 걸리는..,Can a vaccine shot cause cancer in cats?,https://www.youtube.com/shorts/yIc6QX2Tlnk,https://www.youtube.com/watch?v=yIc6QX2Tlnk,shorts,shorts,shorts,,,,53000,기타/엔터테인먼트,https://i.ytimg.com/vi/yIc6QX2Tlnk/oardefault.jpg?sqp=-oaymwEdCJUDENAFSFWQAgHyq4qpAwwIARUAAIhCcAHAAQY=&rs=AOn4CLAVcaluAIDhCqsigX8HYZzSG_UDOg&usqp=CCk
50,W4sB109-1_g,사실상 기만이죠;,It is practically deception;,https://www.youtube.com/shorts/W4sB109-1_g,https://www.youtube.com/watch?v=W4sB109-1_g,shorts,shorts,shorts,,,,390000,기타/엔터테인먼트,https://i.ytimg.com/vi/W4sB109-1_g/oardefault.jpg?sqp=-oaymwEdCJUDENAFSFWQAgHyq4qpAwwIARUAAIhCcAHAAQY=&rs=AOn4CLAq7iWpgMzb4YMhB-5E1TOPFGJ9PQ&usqp=CCk
51,oBLxJhLkWvM,중증집사센터 1편,Chronic Cat Servant Center Part 1,https://www.youtube.com/shorts/oBLxJhLkWvM,https://www.youtube.com/watch?v=oBLxJhLkWvM,shorts,shorts,shorts,,,,445000,기타/엔터테인먼트,https://i.ytimg.com/vi/oBLxJhLkWvM/oardefault.jpg?sqp=-oaymwEdCJUDENAFSFWQAgHyq4qpAwwIARUAAIhCcAHAAQY=&rs=AOn4CLDsCK4yDB26Pec3xqXKg2UqtwApUg&usqp=CCk
52,mMSpXvPt8Yk,병원 갈 때 우리 집 고양이는?,What about my cat when going to the vet?,https://www.youtube.com/shorts/mMSpXvPt8Yk,https://www.youtube.com/watch?v=mMSpXvPt8Yk,shorts,shorts,shorts,,,,29000,건강/진료,https://i.ytimg.com/vi/mMSpXvPt8Yk/oardefault.jpg?sqp=-oaymwEdCJUDENAFSFWQAgHyq4qpAwwIARUAAIhCcAHAAQY=&rs=AOn4CLCxRbSiCobDIoMOFjATO0HFy5oe6g&usqp=CCk
53,euYFlOaWxK4,너 내꺼야,Why cats show their butt to their humans,https://www.youtube.com/shorts/euYFlOaWxK4,https://www.youtube.com/watch?v=euYFlOaWxK4,shorts,shorts,shorts,,,,69000,기타/엔터테인먼트,https://i.ytimg.com/vi/euYFlOaWxK4/oardefault.jpg?sqp=-oaymwEdCJUDENAFSFWQAgHyq4qpAwwIARUAAIhCcAHAAQY=&rs=AOn4CLBF-7dOz3VtfIH0JgfhBwDdngaJAg&usqp=CCk
54,MJiPtQtpn_Y,감당하실 수 있겠습니까?,Why walking your cat can be risky,https://www.youtube.com/shorts/MJiPtQtpn_Y,https://www.youtube.com/watch?v=MJiPtQtpn_Y,shorts,shorts,shorts,,,,925000,기타/엔터테인먼트,https://i.ytimg.com/vi/MJiPtQtpn_Y/oardefault.jpg?sqp=-oaymwEdCJUDENAFSFWQAgHyq4qpAwwIARUAAIhCcAHAAQY=&rs=AOn4CLD2_QnCl7mvcfvQvbDbsoUCdC1U1w&usqp=CCk
55,8CdUmAfjwLU,고양이 부위별 냄새 #이거진짜예요,What does a cat smell like?,https://www.youtube.com/shorts/8CdUmAfjwLU,https://www.youtube.com/watch?v=8CdUmAfjwLU,shorts,shorts,shorts,,,,82000,기타/엔터테인먼트,https://i.ytimg.com/vi/8CdUmAfjwLU/oardefault.jpg?sqp=-oaymwEdCJUDENAFSFWQAgHyq4qpAwwIARUAAIhCcAHAAQY=&rs=AOn4CLA9YpSVw1SOhHx0WLS70J0SzUdZeQ&usqp=CCk
56,jQdj6WLuOrQ,일광욕한 고양이 냄새 아는 사람?,Why cats love sunlight,https://www.youtube.com/shorts/jQdj6WLuOrQ,https://www.youtube.com/watch?v=jQdj6WLuOrQ,shorts,shorts,shorts,,,,31000,기타/엔터테인먼트,https://i.ytimg.com/vi/jQdj6WLuOrQ/oardefault.jpg?sqp=-oaymwEdCJUDENAFSFWQAgHyq4qpAwwIARUAAIhCcAHAAQY=&rs=AOn4CLCg_-VkMpjJ-tEt3dZrrWTpbHwIiQ&usqp=CCk
57,JT_5W674f5I,오늘 심장사상충 하는 날~,Do indoor cats still need parasite prevention?,https://www.youtube.com/shorts/JT_5W674f5I,https://www.youtube.com/watch?v=JT_5W674f5I,shorts,shorts,shorts,,,,67000,기타/엔터테인먼트,https://i.ytimg.com/vi_webp/JT_5W674f5I/oardefault.webp?usqp=CCk
58,RwUtphspg0o,안기는 고양이 특,What makes a cat super clingy to people?,https://www.youtube.com/shorts/RwUtphspg0o,https://www.youtube.com/watch?v=RwUtphspg0o,shorts,shorts,shorts,,,,426000,기타/엔터테인먼트,https://i.ytimg.com/vi/RwUtphspg0o/oardefault.jpg?sqp=-oaymwEdCJUDENAFSFWQAgHyq4qpAwwIARUAAIhCcAHAAQY=&rs=AOn4CLA_tUDIkTcxsbKEtEZ_c7eI9QEweA&usqp=CCk
59,Bf2dkC--xO4,고양이❤️ 인간☠️,Cat❤️ Human☠️,https://www.youtube.com/shorts/Bf2dkC--xO4,https://www.youtube.com/watch?v=Bf2dkC--xO4,shorts,shorts,shorts,,,,36000,기타/엔터테인먼트,https://i.ytimg.com/vi/Bf2dkC--xO4/oardefault.jpg?sqp=-oaymwEdCJUDENAFSFWQAgHyq4qpAwwIARUAAIhCcAHAAQY=&rs=AOn4CLDb5nEy7ko8gWQee7sCZer307zB_Q&usqp=CCk
60,TQ2TafIukHM,고양이 배꼽 #이거진짜예요,Is it hard to find a cat’s belly button?,https://www.youtube.com/shorts/TQ2TafIukHM,https://www.youtube.com/watch?v=TQ2TafIukHM,shorts,shorts,shorts,,,,161000,기타/엔터테인먼트,https://i.ytimg.com/vi/TQ2TafIukHM/oardefault.jpg?sqp=-oaymwEdCJUDENAFSFWQAgHyq4qpAwwIARUAAIhCcAHAAQY=&rs=AOn4CLAV0tsb31l5z4rZoXyOLCQjESKcRg&usqp=CCk
61,-A3i5fa6lFA,세상에서 제일 큰 골골송,A cat in the Guinness World Records 😼,https://www.youtube.com/shorts/-A3i5fa6lFA,https://www.youtube.com/watch?v=-A3i5fa6lFA,shorts,shorts,shorts,,,,64000,행동/감정,https://i.ytimg.com/vi/-A3i5fa6lFA/oardefault.jpg?sqp=-oaymwEdCJUDENAFSFWQAgHyq4qpAwwIARUAAIhCcAHAAQY=&rs=AOn4CLCzfCsnQOpAKXFr0wr2o3ilTyIHPQ&usqp=CCk
62,vq95UBrxie8,🐱: 어휴 입냄새,"🐱: Oh my, bad breath",https://www.youtube.com/shorts/vq95UBrxie8,https://www.youtube.com/watch?v=vq95UBrxie8,shorts,shorts,shorts,,,,107000,기타/엔터테인먼트,https://i.ytimg.com/vi/vq95UBrxie8/oardefault.jpg?sqp=-oaymwEdCJUDENAFSFWQAgHyq4qpAwwIARUAAIhCcAHAAQY=&rs=AOn4CLDrQ3rch3FWyPcjKCgjaRwD-Mh4zQ&usqp=CCk
63,x-xbvVx8Z18,🐶 : 맛있긴 해,My dog keeps eating my cat’s poop,https://www.youtube.com/shorts/x-xbvVx8Z18,https://www.youtube.com/watch?v=x-xbvVx8Z18,shorts,shorts,shorts,,,,41000,기타/엔터테인먼트,https://i.ytimg.com/vi/x-xbvVx8Z18/oardefault.jpg?sqp=-oaymwEdCJUDENAFSFWQAgHyq4qpAwwIARUAAIhCcAHAAQY=&rs=AOn4CLD1MbC3ZOynGrAw-QaK2ZUKa7vVNg&usqp=CCk
64,Sf144EdxzPs,고양이가 진짜 세상을 구한다,Why cat owners have the advantage,https://www.youtube.com/shorts/Sf144EdxzPs,https://www.youtube.com/watch?v=Sf144EdxzPs,shorts,shorts,shorts,,,,54000,기타/엔터테인먼트,https://i.ytimg.com/vi/Sf144EdxzPs/oardefault.jpg?sqp=-oaymwEdCJUDENAFSFWQAgHyq4qpAwwIARUAAIhCcAHAAQY=&rs=AOn4CLDlFoE0aBbVdAPKC17qDm7Fp0k2Fg&usqp=CCk
65,lrCHmgwrhd0,집사 허들 높다,The butler's hurdles are high,https://www.youtube.com/shorts/lrCHmgwrhd0,https://www.youtube.com/watch?v=lrCHmgwrhd0,shorts,shorts,shorts,,,,35000,관계/윤리,https://i.ytimg.com/vi/lrCHmgwrhd0/oardefault.jpg?sqp=-oaymwEdCJUDENAFSFWQAgHyq4qpAwwIARUAAIhCcAHAAQY=&rs=AOn4CLDka0YYYfLYVKm0bjyp-fLwIruroQ&usqp=CCk
66,DeRJcEGFdh0,수의사가 제일 많이 듣는 거짓말,The Lies Veterinarians Hear Most,https://www.youtube.com/shorts/DeRJcEGFdh0,https://www.youtube.com/watch?v=DeRJcEGFdh0,shorts,shorts,shorts,,,,344000,건강/진료,https://i.ytimg.com/vi/DeRJcEGFdh0/oar2.jpg?sqp=-oaymwEdCJUDENAFSFWQAgHyq4qpAwwIARUAAIhCcAHAAQY=&rs=AOn4CLDB1n5tydynY7vbjQY72dsGlqADNw&usqp=CCk
67,7ZoEC5qJGAM,나는 보이는 거지?,Can I see it?,https://www.youtube.com/shorts/7ZoEC5qJGAM,https://www.youtube.com/watch?v=7ZoEC5qJGAM,shorts,shorts,shorts,,,,119000,기타/엔터테인먼트,https://i.ytimg.com/vi/7ZoEC5qJGAM/oardefault.jpg?sqp=-oaymwEdCJUDENAFSFWQAgHyq4qpAwwIARUAAIhCcAHAAQY=&rs=AOn4CLCmeYO6CdZCZHqdhMj23uJYJRVPrw&usqp=CCk
68,In3xkIbO9Zg,수염 누르면 송곳니가 뿅,Push down a cat’s whiskers and their fangs pop out,https://www.youtube.com/shorts/In3xkIbO9Zg,https://www.youtube.com/watch?v=In3xkIbO9Zg,shorts,shorts,shorts,,,,93000,기타/엔터테인먼트,https://i.ytimg.com/vi/In3xkIbO9Zg/oardefault.jpg?sqp=-oaymwEdCJUDENAFSFWQAgHyq4qpAwwIARUAAIhCcAHAAQY=&rs=AOn4CLCy7X1DMOB7HAnbGdQjUkUpFWTlzQ&usqp=CCk
69,DzNNX64Haro,어떤 한 사람이 하나도 안 맞음,어떤 한 사람이 하나도 안 맞음,https://www.youtube.com/shorts/DzNNX64Haro,https://www.youtube.com/watch?v=DzNNX64Haro,shorts,shorts,shorts,,,,24000,기타/엔터테인먼트,https://i.ytimg.com/vi/DzNNX64Haro/oar2.jpg?sqp=-oaymwEdCJUDENAFSFWQAgHyq4qpAwwIARUAAIhCcAHAAQY=&rs=AOn4CLD5bS2_AqjToRDYVqcn2tVOpN-B1A&usqp=CCk
70,aMyhGEB7Q8Y,억울하다!,Why your first cat stops playing after a second cat arrives,https://www.youtube.com/shorts/aMyhGEB7Q8Y,https://www.youtube.com/watch?v=aMyhGEB7Q8Y,shorts,shorts,shorts,,,,39000,기타/엔터테인먼트,https://i.ytimg.com/vi/aMyhGEB7Q8Y/oardefault.jpg?sqp=-oaymwEdCJUDENAFSFWQAgHyq4qpAwwIARUAAIhCcAHAAQY=&rs=AOn4CLC9Ho0JV13GlV3w4p72EG091Bx3jQ&usqp=CCk
71,QX3WqjszRv4,??: 아기 태어났는데 고양이는 위험하지,Can you raise a cat and a baby together?,https://www.youtube.com/shorts/QX3WqjszRv4,https://www.youtube.com/watch?v=QX3WqjszRv4,shorts,shorts,shorts,,,,74000,관계/윤리,https://i.ytimg.com/vi/QX3WqjszRv4/oardefault.jpg?sqp=-oaymwEdCJUDENAFSFWQAgHyq4qpAwwIARUAAIhCcAHAAQY=&rs=AOn4CLATIvyOUvhz6yMQ6AOABj1yQ4NFiQ&usqp=CCk
72,qh0O5vTNhNw,전에 알던 내가 아냐,Why you should listen to a cat detective,https://www.youtube.com/shorts/qh0O5vTNhNw,https://www.youtube.com/watch?v=qh0O5vTNhNw,shorts,shorts,shorts,,,,49000,기타/엔터테인먼트,https://i.ytimg.com/vi/qh0O5vTNhNw/oardefault.jpg?sqp=-oaymwEdCJUDENAFSFWQAgHyq4qpAwwIARUAAIhCcAHAAQY=&rs=AOn4CLATQCM-H3cqyXMA9vZKJqGOOP-n8w&usqp=CCk
73,OFEyabbCkx0,☆아빠 데뷔☆,☆Dad's Debut☆,https://www.youtube.com/shorts/OFEyabbCkx0,https://www.youtube.com/watch?v=OFEyabbCkx0,shorts,shorts,shorts,,,,54000,서사/상담,https://i.ytimg.com/vi/OFEyabbCkx0/oardefault.jpg?sqp=-oaymwEdCJUDENAFSFWQAgHyq4qpAwwIARUAAIhCcAHAAQY=&rs=AOn4CLBaHAdeHrBI9HX7x8E5mNRmuVUAXA&usqp=CCk
74,p1UZ9IjAGR4,이혼변호사에게 연애상담,Relationship counseling from a divorce lawyer,https://www.youtube.com/shorts/p1UZ9IjAGR4,https://www.youtube.com/watch?v=p1UZ9IjAGR4,shorts,shorts,shorts,,,,25000,서사/상담,https://i.ytimg.com/vi/p1UZ9IjAGR4/oardefault.jpg?sqp=-oaymwEdCJUDENAFSFWQAgHyq4qpAwwIARUAAIhCcAHAAQY=&rs=AOn4CLDKJFI7xi9OwKlUUa2X17-_4EC1Kg&usqp=CCk
75,QpdlsfPuvG8,이숙캠보다 매운 고양이 합사,Cat fusion spicier than Lee Sook-cam,https://www.youtube.com/shorts/QpdlsfPuvG8,https://www.youtube.com/watch?v=QpdlsfPuvG8,shorts,shorts,shorts,,,,64000,관계/윤리,https://i.ytimg.com/vi/QpdlsfPuvG8/oardefault.jpg?sqp=-oaymwEdCJUDENAFSFWQAgHyq4qpAwwIARUAAIhCcAHAAQY=&rs=AOn4CLDeNSWJQiA0iETExa5Y9JV5BuSrwQ&usqp=CCk
76,1OLyj7QuA8Y,니가 왜 거기서 나와,The most unbelievable rescue a cat detective has ever handled,https://www.youtube.com/shorts/1OLyj7QuA8Y,https://www.youtube.com/watch?v=1OLyj7QuA8Y,shorts,shorts,shorts,,,,94000,기타/엔터테인먼트,https://i.ytimg.com/vi/1OLyj7QuA8Y/oardefault.jpg?sqp=-oaymwEdCJUDENAFSFWQAgHyq4qpAwwIARUAAIhCcAHAAQY=&rs=AOn4CLDX526lMd9bLSPYIQ8-7cRPAkKF6A&usqp=CCk
77,hdiI_nvbPz4,미야옹철도 이젠 한계다. 주사맞아라. #네니요,Cat vaccination Q&A every owner wonders about,https://www.youtube.com/shorts/hdiI_nvbPz4,https://www.youtube.com/watch?v=hdiI_nvbPz4,shorts,shorts,shorts,,,,68000,기타/엔터테인먼트,https://i.ytimg.com/vi/hdiI_nvbPz4/oardefault.jpg?sqp=-oaymwEdCJUDENAFSFWQAgHyq4qpAwwIARUAAIhCcAHAAQY=&rs=AOn4CLCKh7GH3N_8NSpLaLcwVc01oXWovg&usqp=CCk
78,tTPvMyHFq_g,너무 귀여우니까 제발 봐주세여,Please look at it because it's so cute,https://www.youtube.com/shorts/tTPvMyHFq_g,https://www.youtube.com/watch?v=tTPvMyHFq_g,shorts,shorts,shorts,,,,86000,행동/감정,https://i.ytimg.com/vi/tTPvMyHFq_g/oardefault.jpg?sqp=-oaymwEdCJUDENAFSFWQAgHyq4qpAwwIARUAAIhCcAHAAQY=&rs=AOn4CLC5N2zOH1eNWCpd2iT16DHHzybr-Q&usqp=CCk
79,CiK4DxQj3h0,남의 편,Other people's side,https://www.youtube.com/shorts/CiK4DxQj3h0,https://www.youtube.com/watch?v=CiK4DxQj3h0,shorts,shorts,shorts,,,,48000,기타/엔터테인먼트,https://i.ytimg.com/vi/CiK4DxQj3h0/oardefault.jpg?sqp=-oaymwEdCJUDENAFSFWQAgHyq4qpAwwIARUAAIhCcAHAAQY=&rs=AOn4CLAEfx1Ga0Djwuzdx4--gb5RogzuVQ&usqp=CCk
80,WpCjymQWLcE,?? : 집사 사랑한다,Why do cats lick their owners?,https://www.youtube.com/shorts/WpCjymQWLcE,https://www.youtube.com/watch?v=WpCjymQWLcE,shorts,shorts,shorts,,,,70000,관계/윤리,https://i.ytimg.com/vi/WpCjymQWLcE/oardefault.jpg?sqp=-oaymwEdCJUDENAFSFWQAgHyq4qpAwwIARUAAIhCcAHAAQY=&rs=AOn4CLAU2QozGLrwNO2oQO1u_kS8bXeeJw&usqp=CCk
81,vIrale-Xxp4,찔리는 집사님🙋,The most common lies veterinarians hear from pet owners,https://www.youtube.com/shorts/vIrale-Xxp4,https://www.youtube.com/watch?v=vIrale-Xxp4,shorts,shorts,shorts,,,,75000,관계/윤리,https://i.ytimg.com/vi/vIrale-Xxp4/oardefault.jpg?sqp=-oaymwEdCJUDENAFSFWQAgHyq4qpAwwIARUAAIhCcAHAAQY=&rs=AOn4CLDlwCPKTVXYT6FDNQ2FJS33Wddo9g&usqp=CCk
82,YKCUp8jx9e4,아직도 이런 집이 있어?,Are there still houses like this?,https://www.youtube.com/shorts/YKCUp8jx9e4,https://www.youtube.com/watch?v=YKCUp8jx9e4,shorts,shorts,shorts,,,,36000,기타/엔터테인먼트,https://i.ytimg.com/vi/YKCUp8jx9e4/oardefault.jpg?sqp=-oaymwEdCJUDENAFSFWQAgHyq4qpAwwIARUAAIhCcAHAAQY=&rs=AOn4CLCPz0Vkx1BYhTWiRxAeFuIrgTsP8A&usqp=CCk
83,yKA7S9PP6qw,장난감 취존,What’s my cat’s favorite toy?,https://www.youtube.com/shorts/yKA7S9PP6qw,https://www.youtube.com/watch?v=yKA7S9PP6qw,shorts,shorts,shorts,,,,37000,생활/돌봄,https://i.ytimg.com/vi_webp/yKA7S9PP6qw/oardefault.webp?usqp=CCk
84,bVbKaKT3UDY,피지컬 vs 지능캐,피지컬 vs 지능캐,https://www.youtube.com/shorts/bVbKaKT3UDY,https://www.youtube.com/watch?v=bVbKaKT3UDY,shorts,shorts,shorts,,,,72000,기타/엔터테인먼트,https://i.ytimg.com/vi_webp/bVbKaKT3UDY/oardefault.webp?usqp=CCk
85,881kgikWn2g,백합 절대절대 ❌,Lily absolutely absolutely ❌,https://www.youtube.com/shorts/881kgikWn2g,https://www.youtube.com/watch?v=881kgikWn2g,shorts,shorts,shorts,,,,75000,기타/엔터테인먼트,https://i.ytimg.com/vi_webp/881kgikWn2g/oardefault.webp?usqp=CCk
86,adE7e2ggfU0,?? : 이제 내 세상,?? : Now my world,https://www.youtube.com/shorts/adE7e2ggfU0,https://www.youtube.com/watch?v=adE7e2ggfU0,shorts,shorts,shorts,,,,554000,기타/엔터테인먼트,https://i.ytimg.com/vi_webp/adE7e2ggfU0/oardefault.webp?usqp=CCk
87,B6xLHX6ucqc,내 친구 고양이 이름ㅋㅋㅋㅋ,My friend's cat's name lol,https://www.youtube.com/shorts/B6xLHX6ucqc,https://www.youtube.com/watch?v=B6xLHX6ucqc,shorts,shorts,shorts,,,,380000,서사/상담,https://i.ytimg.com/vi_webp/B6xLHX6ucqc/oardefault.webp?usqp=CCk
88,dNOHigIJ2iQ,병원 간 고양이 유형 2가지ㅋㅋㅋㅋㅋ,병원 간 고양이 유형 2가지ㅋㅋㅋㅋㅋ,https://www.youtube.com/shorts/dNOHigIJ2iQ,https://www.youtube.com/watch?v=dNOHigIJ2iQ,shorts,shorts,shorts,,,,41000,건강/진료,https://i.ytimg.com/vi_webp/dNOHigIJ2iQ/oardefault.webp?usqp=CCk
89,RUsu1k4Z9z0,다리 끌고 다니면 무조건 병원!!,"If you drag your legs, you should definitely go to the hospital!!",https://www.youtube.com/shorts/RUsu1k4Z9z0,https://www.youtube.com/watch?v=RUsu1k4Z9z0,shorts,shorts,shorts,,,,60000,건강/진료,https://i.ytimg.com/vi_webp/RUsu1k4Z9z0/oardefault.webp?usqp=CCk
90,p24el44Igqs,3일 만에 엄마 본 고양이 반응ㅋㅋㅋ,The cat's reaction when it saw its mother after 3 days lol,https://www.youtube.com/shorts/p24el44Igqs,https://www.youtube.com/watch?v=p24el44Igqs,shorts,shorts,shorts,,,,156000,서사/상담,https://i.ytimg.com/vi_webp/p24el44Igqs/oardefault.webp?usqp=CCk
91,oivR-vR7uNY,냥덕후 필수 코스,A must-see for cat lovers,https://www.youtube.com/shorts/oivR-vR7uNY,https://www.youtube.com/watch?v=oivR-vR7uNY,shorts,shorts,shorts,,,,128000,기타/엔터테인먼트,https://i.ytimg.com/vi_webp/oivR-vR7uNY/oardefault.webp?usqp=CCk
92,1vryTayx5Xo,진짜 이래?,Is this really true?,https://www.youtube.com/shorts/1vryTayx5Xo,https://www.youtube.com/watch?v=1vryTayx5Xo,shorts,shorts,shorts,,,,213000,기타/엔터테인먼트,https://i.ytimg.com/vi/1vryTayx5Xo/oardefault.jpg?sqp=-oaymwEdCJUDENAFSFWQAgHyq4qpAwwIARUAAIhCcAHAAQY=&rs=AOn4CLDiHjeUtsj3sQhZJvyEODs3_d7Zfg&usqp=CCk
93,JC-8m8ib-W4,명절에 고양이 데려갈 때 꿀팁,Tips for taking your cat with you on holidays,https://www.youtube.com/shorts/JC-8m8ib-W4,https://www.youtube.com/watch?v=JC-8m8ib-W4,shorts,shorts,shorts,,,,40000,기타/엔터테인먼트,https://i.ytimg.com/vi/JC-8m8ib-W4/oardefault.jpg?usqp=CCk
94,tJ4xmC0DqOc,진짜 이거 중요함,This is really important,https://www.youtube.com/shorts/tJ4xmC0DqOc,https://www.youtube.com/watch?v=tJ4xmC0DqOc,shorts,shorts,shorts,,,,58000,기타/엔터테인먼트,https://i.ytimg.com/vi/tJ4xmC0DqOc/oardefault.jpg?usqp=CCk
95,WP5Q6fROsOs,이 중에 하나는 궁금한 게 있겠지 #네니요,One of these must be curious #neniyo,https://www.youtube.com/shorts/WP5Q6fROsOs,https://www.youtube.com/watch?v=WP5Q6fROsOs,shorts,shorts,shorts,,,,92000,기타/엔터테인먼트,https://i.ytimg.com/vi/WP5Q6fROsOs/oardefault.jpg?sqp=-oaymwEdCJUDENAFSFWQAgHyq4qpAwwIARUAAIhCcAHAAQY=&rs=AOn4CLBwwg1fAWgB1JgKDgt_YQsal46POQ&usqp=CCk
96,2UGvyq40KCQ,아기 고양이+ 아기 강아지 = ❤️,Baby Kitten + Baby Puppy = ❤️,https://www.youtube.com/shorts/2UGvyq40KCQ,https://www.youtube.com/watch?v=2UGvyq40KCQ,shorts,shorts,shorts,,,,41000,관계/윤리,https://i.ytimg.com/vi/2UGvyq40KCQ/oardefault.jpg?usqp=CCk
97,zC24XEkueBQ,배려해 줍시다 쫌,Let's be considerate,https://www.youtube.com/shorts/zC24XEkueBQ,https://www.youtube.com/watch?v=zC24XEkueBQ,shorts,shorts,shorts,,,,162000,기타/엔터테인먼트,https://i.ytimg.com/vi/zC24XEkueBQ/oardefault.jpg?sqp=-oaymwEdCJUDENAFSFWQAgHyq4qpAwwIARUAAIhCcAHAAQY=&rs=AOn4CLAv6nbP1Q2d853irML6gMkfNuQJow&usqp=CCk
98,PKw7IXZtqsc,🐶예민한 고양이 특,🐶Sensitive cat special,https://www.youtube.com/shorts/PKw7IXZtqsc,https://www.youtube.com/watch?v=PKw7IXZtqsc,shorts,shorts,shorts,,,,50000,기타/엔터테인먼트,https://i.ytimg.com/vi_webp/PKw7IXZtqsc/oardefault.webp?usqp=CCk
99,DHEnKaXC-aU,세계 최초 유기견 없는 나라,The world's first country without abandoned dogs,https://www.youtube.com/shorts/DHEnKaXC-aU,https://www.youtube.com/watch?v=DHEnKaXC-aU,shorts,shorts,shorts,,,,32000,관계/윤리,https://i.ytimg.com/vi_webp/DHEnKaXC-aU/oardefault.webp?usqp=CCk
100,5UvxRqm9fWA,안 무서워,I'm not scared,https://www.youtube.com/shorts/5UvxRqm9fWA,https://www.youtube.com/watch?v=5UvxRqm9fWA,shorts,shorts,shorts,,,,63000,기타/엔터테인먼트,https://i.ytimg.com/vi/5UvxRqm9fWA/oardefault.jpg?sqp=-oaymwEdCJUDENAFSFWQAgHyq4qpAwwIARUAAIhCcAHAAQY=&rs=AOn4CLAv86Rb5T4rochiDr41Ax4gvpvQHw&usqp=CCk
101,a3Llf5_AC88,뱃속부터 정해진 입맛,A taste that has been decided from the stomach,https://www.youtube.com/shorts/a3Llf5_AC88,https://www.youtube.com/watch?v=a3Llf5_AC88,shorts,shorts,shorts,,,,57000,기타/엔터테인먼트,https://i.ytimg.com/vi_webp/a3Llf5_AC88/oardefault.webp?usqp=CCk
102,CwGnmCDKKuI,할부지 조아,Installment plan is good,https://www.youtube.com/shorts/CwGnmCDKKuI,https://www.youtube.com/watch?v=CwGnmCDKKuI,shorts,shorts,shorts,,,,1700000,기타/엔터테인먼트,https://i.ytimg.com/vi/CwGnmCDKKuI/oardefault.jpg?sqp=-oaymwEdCJUDENAFSFWQAgHyq4qpAwwIARUAAIhCcAHAAQY=&rs=AOn4CLBo2_TiXJO0ErekpfW-0MBrdf6TBA&usqp=CCk
103,C2nKQbg9MSU,박스사랑 DNA,Box Love DNA,https://www.youtube.com/shorts/C2nKQbg9MSU,https://www.youtube.com/watch?v=C2nKQbg9MSU,shorts,shorts,shorts,,,,37000,기타/엔터테인먼트,https://i.ytimg.com/vi_webp/C2nKQbg9MSU/oardefault.webp?usqp=CCk
104,MNzHblvQ2dE,어떻게 이것도 귀엽냐,How is this cute too?,https://www.youtube.com/shorts/MNzHblvQ2dE,https://www.youtube.com/watch?v=MNzHblvQ2dE,shorts,shorts,shorts,,,,67000,행동/감정,https://i.ytimg.com/vi_webp/MNzHblvQ2dE/oardefault.webp?usqp=CCk
105,av-zhhJFxh8,수박 최고,Watermelon is the best,https://www.youtube.com/shorts/av-zhhJFxh8,https://www.youtube.com/watch?v=av-zhhJFxh8,shorts,shorts,shorts,,,,183000,기타/엔터테인먼트,https://i.ytimg.com/vi_webp/av-zhhJFxh8/oardefault.webp?usqp=CCk
106,zE4HXc8FOO0,🐱: 문 좀 열어봐,🐱: Open the door,https://www.youtube.com/shorts/zE4HXc8FOO0,https://www.youtube.com/watch?v=zE4HXc8FOO0,shorts,shorts,shorts,,,,143000,기타/엔터테인먼트,https://i.ytimg.com/vi_webp/zE4HXc8FOO0/oardefault.webp?usqp=CCk
107,-aOp0sV70WQ,나는 냄새나는 고양이야..,I am a smelly cat..,https://www.youtube.com/shorts/-aOp0sV70WQ,https://www.youtube.com/watch?v=-aOp0sV70WQ,shorts,shorts,shorts,,,,81000,기타/엔터테인먼트,https://i.ytimg.com/vi_webp/-aOp0sV70WQ/oardefault.webp?usqp=CCk
108,67a5AYK392U,이사 꿀팁,Moving Tips,https://www.youtube.com/shorts/67a5AYK392U,https://www.youtube.com/watch?v=67a5AYK392U,shorts,shorts,shorts,,,,26000,기타/엔터테인먼트,https://i.ytimg.com/vi_webp/67a5AYK392U/oardefault.webp?usqp=CCk
109,4z1StT8Jck8,고양이 산책 딱 말해드림 #네니오,I'll tell you exactly how to walk a cat #Nenio,https://www.youtube.com/shorts/4z1StT8Jck8,https://www.youtube.com/watch?v=4z1StT8Jck8,shorts,shorts,shorts,,,,531000,기타/엔터테인먼트,https://i.ytimg.com/vi/4z1StT8Jck8/oardefault.jpg?sqp=-oaymwEdCJUDENAFSFWQAgHyq4qpAwwIARUAAIhCcAHAAQY=&rs=AOn4CLChnFfkDPUXkCCeOsDeqBieY8cHwQ&usqp=CCk
110,GCDXh_p4W1s,10분컷,Clean your cat’s litter box in 10 minutes flat,https://www.youtube.com/shorts/GCDXh_p4W1s,https://www.youtube.com/watch?v=GCDXh_p4W1s,shorts,shorts,shorts,,,,144000,기타/엔터테인먼트,https://i.ytimg.com/vi_webp/GCDXh_p4W1s/oardefault.webp?usqp=CCk
111,l2mKvq0xOFs,혜윤의 묘연🍊,The story of actress Kim Hye-yoon adopting a rescue cat,https://www.youtube.com/shorts/l2mKvq0xOFs,https://www.youtube.com/watch?v=l2mKvq0xOFs,shorts,shorts,shorts,,,,318000,기타/엔터테인먼트,https://i.ytimg.com/vi/l2mKvq0xOFs/oardefault.jpg?sqp=-oaymwEdCJUDENAFSFWQAgHyq4qpAwwIARUAAIhCcAHAAQY=&rs=AOn4CLDOjL6RiVWZcxBFn4yNI4S2LIkPPA&usqp=CCk
112,k3BvLZGWJVw,츄르값하는 홍시,"Actress Kim Hye-yoon’s muse cat, Hongsi 🍊",https://www.youtube.com/shorts/k3BvLZGWJVw,https://www.youtube.com/watch?v=k3BvLZGWJVw,shorts,shorts,shorts,,,,46000,생활/돌봄,https://i.ytimg.com/vi/k3BvLZGWJVw/oardefault.jpg?sqp=-oaymwEdCJUDENAFSFWQAgHyq4qpAwwIARUAAIhCcAHAAQY=&rs=AOn4CLCmbjuN41rGVQzQU-TTwgajm8jb5A&usqp=CCk
113,sSxBfbwPjNg,절루가,Why cats dislike drunk owners,https://www.youtube.com/shorts/sSxBfbwPjNg,https://www.youtube.com/watch?v=sSxBfbwPjNg,shorts,shorts,shorts,,,,59000,기타/엔터테인먼트,https://i.ytimg.com/vi_webp/sSxBfbwPjNg/oardefault.webp?usqp=CCk
114,DaxLOLOlxZM,편식하면 안 돼,The right way to test cat food palatability,https://www.youtube.com/shorts/DaxLOLOlxZM,https://www.youtube.com/watch?v=DaxLOLOlxZM,shorts,shorts,shorts,,,,40000,기타/엔터테인먼트,https://i.ytimg.com/vi_webp/DaxLOLOlxZM/oardefault.webp?usqp=CCk
115,N_RRXGVgjK8,고오급 입맛,Can cats eat raw fish?,https://www.youtube.com/shorts/N_RRXGVgjK8,https://www.youtube.com/watch?v=N_RRXGVgjK8,shorts,shorts,shorts,,,,146000,기타/엔터테인먼트,https://i.ytimg.com/vi_webp/N_RRXGVgjK8/oardefault.webp?usqp=CCk
116,CIevRBUttxE,집사 필수 덕목,Want to be loved by cats?,https://www.youtube.com/shorts/CIevRBUttxE,https://www.youtube.com/watch?v=CIevRBUttxE,shorts,shorts,shorts,,,,75000,관계/윤리,https://i.ytimg.com/vi_webp/CIevRBUttxE/oardefault.webp?usqp=CCk
117,NM2YsvFWPpM,유부남의 회피스킬,Is it okay to confess to a kind veterinarian?,https://www.youtube.com/shorts/NM2YsvFWPpM,https://www.youtube.com/watch?v=NM2YsvFWPpM,shorts,shorts,shorts,,,,133000,기타/엔터테인먼트,https://i.ytimg.com/vi/NM2YsvFWPpM/oardefault.jpg?sqp=-oaymwEdCJUDENAFSFWQAgHyq4qpAwwIARUAAIhCcAHAAQY=&rs=AOn4CLDd6neW6Tz8lAHj6KWIAmdtAYOl2A&usqp=CCk
118,rKKufnKPP60,이야 호구왔다,A person getting shaken down by five cats,https://www.youtube.com/shorts/rKKufnKPP60,https://www.youtube.com/watch?v=rKKufnKPP60,shorts,shorts,shorts,,,,227000,기타/엔터테인먼트,https://i.ytimg.com/vi/rKKufnKPP60/oardefault.jpg?sqp=-oaymwEdCJUDENAFSFWQAgHyq4qpAwwIARUAAIhCcAHAAQY=&rs=AOn4CLCgxiillnW87LR2VqMZuu8kVSnMpw&usqp=CCk
119,lOEFJA0Dj9U,바선생 잡을 수 있어?,What if my cat got a part-time job?,https://www.youtube.com/shorts/lOEFJA0Dj9U,https://www.youtube.com/watch?v=lOEFJA0Dj9U,shorts,shorts,shorts,,,,226000,기타/엔터테인먼트,https://i.ytimg.com/vi_webp/lOEFJA0Dj9U/oardefault.webp?usqp=CCk
120,A43LPiKgR7U,냥이득,The benefits of cats and babies growing up together,https://www.youtube.com/shorts/A43LPiKgR7U,https://www.youtube.com/watch?v=A43LPiKgR7U,shorts,shorts,shorts,,,,84000,기타/엔터테인먼트,https://i.ytimg.com/vi/A43LPiKgR7U/oardefault.jpg?sqp=-oaymwEdCJUDENAFSFWQAgHyq4qpAwwIARUAAIhCcAHAAQY=&rs=AOn4CLDntlPfoTWlE_5KxgVsL5Epyh-MIQ&usqp=CCk
121,CBu3CSm0f0w,룸메이트,Relatable if you live with two cats,https://www.youtube.com/shorts/CBu3CSm0f0w,https://www.youtube.com/watch?v=CBu3CSm0f0w,shorts,shorts,shorts,,,,160000,기타/엔터테인먼트,https://i.ytimg.com/vi/CBu3CSm0f0w/oardefault.jpg?sqp=-oaymwEdCJUDENAFSFWQAgHyq4qpAwwIARUAAIhCcAHAAQY=&rs=AOn4CLB_lj8vg3B-RN9cdc7RQ4a1VkbUrA&usqp=CCk
122,T0W5cuLYDOI,니껀 내꺼,A cat targeting a baby’s toys (😼 vs 👶),https://www.youtube.com/shorts/T0W5cuLYDOI,https://www.youtube.com/watch?v=T0W5cuLYDOI,shorts,shorts,shorts,,,,169000,기타/엔터테인먼트,https://i.ytimg.com/vi/T0W5cuLYDOI/oardefault.jpg?sqp=-oaymwEdCJUDENAFSFWQAgHyq4qpAwwIARUAAIhCcAHAAQY=&rs=AOn4CLCPsMwxKv9oggJoHNhOZc-igW7Apg&usqp=CCk
123,j4Y-gbNZHiw,가정용 소 아냐?,A 29 lb cat!!!,https://www.youtube.com/shorts/j4Y-gbNZHiw,https://www.youtube.com/watch?v=j4Y-gbNZHiw,shorts,shorts,shorts,,,,292000,기타/엔터테인먼트,https://i.ytimg.com/vi/j4Y-gbNZHiw/oardefault.jpg?sqp=-oaymwEdCJUDENAFSFWQAgHyq4qpAwwIARUAAIhCcAHAAQY=&rs=AOn4CLDEcmSUH8RWIfxzMC9oiyvtoxaNXw&usqp=CCk
124,m8Rgy0o6qgU,내년에도 건강하게😻,Annual plan for cat parents (must-save!),https://www.youtube.com/shorts/m8Rgy0o6qgU,https://www.youtube.com/watch?v=m8Rgy0o6qgU,shorts,shorts,shorts,,,,33000,기타/엔터테인먼트,https://i.ytimg.com/vi/m8Rgy0o6qgU/oardefault.jpg?sqp=-oaymwEdCJUDENAFSFWQAgHyq4qpAwwIARUAAIhCcAHAAQY=&rs=AOn4CLDucezveAChkZk-SAdudMlTCw3JJg&usqp=CCk
125,a6XTeI2pmtQ,네모의 꿈,Why the youngest cat gets scolded,https://www.youtube.com/shorts/a6XTeI2pmtQ,https://www.youtube.com/watch?v=a6XTeI2pmtQ,shorts,shorts,shorts,,,,242000,기타/엔터테인먼트,https://i.ytimg.com/vi/a6XTeI2pmtQ/oardefault.jpg?sqp=-oaymwEdCJUDENAFSFWQAgHyq4qpAwwIARUAAIhCcAHAAQY=&rs=AOn4CLBuDgQbuPYqXx80jTlQig-nk2t0nw&usqp=CCk
126,T81TX1gMrhI,비상!!,A cat that doesn’t groom itself is at risk,https://www.youtube.com/shorts/T81TX1gMrhI,https://www.youtube.com/watch?v=T81TX1gMrhI,shorts,shorts,shorts,,,,55000,기타/엔터테인먼트,https://i.ytimg.com/vi/T81TX1gMrhI/oardefault.jpg?sqp=-oaymwEdCJUDENAFSFWQAgHyq4qpAwwIARUAAIhCcAHAAQY=&rs=AOn4CLBAqiC3WT2zjjzOkcxn--gwxHcdtg&usqp=CCk
127,f6grEB_I5sI,나갈래,The sounds cats make when they’re scared,https://www.youtube.com/shorts/f6grEB_I5sI,https://www.youtube.com/watch?v=f6grEB_I5sI,shorts,shorts,shorts,,,,73000,기타/엔터테인먼트,https://i.ytimg.com/vi/f6grEB_I5sI/oardefault.jpg?sqp=-oaymwEdCJUDENAFSFWQAgHyq4qpAwwIARUAAIhCcAHAAQY=&rs=AOn4CLCbOTGjpkpM6nArWa-cPIIl66JY5w&usqp=CCk
128,S_2Xufqe5t8,고양이 미용 부작용,Why grooming can be dangerous for cats,https://www.youtube.com/shorts/S_2Xufqe5t8,https://www.youtube.com/watch?v=S_2Xufqe5t8,shorts,shorts,shorts,,,,74000,기타/엔터테인먼트,https://i.ytimg.com/vi/S_2Xufqe5t8/oardefault.jpg?sqp=-oaymwEdCJUDENAFSFWQAgHyq4qpAwwIARUAAIhCcAHAAQY=&rs=AOn4CLAlmPpiqNKAVAxVP5TDUxB_2e_AOQ&usqp=CCk
129,1_UeCe4edmo,암내 중독냥,Cats addicted to armpit smell lol,https://www.youtube.com/shorts/1_UeCe4edmo,https://www.youtube.com/watch?v=1_UeCe4edmo,shorts,shorts,shorts,,,,22000,기타/엔터테인먼트,https://i.ytimg.com/vi/1_UeCe4edmo/oardefault.jpg?sqp=-oaymwEdCJUDENAFSFWQAgHyq4qpAwwIARUAAIhCcAHAAQY=&rs=AOn4CLD2Z5bKhT8i4ywdeZF29OlozOhtTw&usqp=CCk
130,SGtzHHKiNMI,레전드ㅋㅋㅋㅋㅋㅋㅋ,Legendary shameless cat meme lol,https://www.youtube.com/shorts/SGtzHHKiNMI,https://www.youtube.com/watch?v=SGtzHHKiNMI,shorts,shorts,shorts,,,,479000,기타/엔터테인먼트,https://i.ytimg.com/vi/SGtzHHKiNMI/oardefault.jpg?sqp=-oaymwEdCJUDENAFSFWQAgHyq4qpAwwIARUAAIhCcAHAAQY=&rs=AOn4CLC_gBNkrbW4tW9ZZzWgbi7lasK06Q&usqp=CCk
131,_xFEbFHGYtI,나는 인기집사?,How to become popular with cats,https://www.youtube.com/shorts/_xFEbFHGYtI,https://www.youtube.com/watch?v=_xFEbFHGYtI,shorts,shorts,shorts,,,,206000,관계/윤리,https://i.ytimg.com/vi/_xFEbFHGYtI/oardefault.jpg?sqp=-oaymwEdCJUDENAFSFWQAgHyq4qpAwwIARUAAIhCcAHAAQY=&rs=AOn4CLCoHXqHoPiFbiAlzpRswQ0ZYq9nGA&usqp=CCk
132,TMZvQu9tSws,벽지 다 뜯는 고양이,A cat that tears up all the wallpaper,https://www.youtube.com/shorts/TMZvQu9tSws,https://www.youtube.com/watch?v=TMZvQu9tSws,shorts,shorts,shorts,,,,79000,기타/엔터테인먼트,https://i.ytimg.com/vi/TMZvQu9tSws/oardefault.jpg?sqp=-oaymwEdCJUDENAFSFWQAgHyq4qpAwwIARUAAIhCcAHAAQY=&rs=AOn4CLDrzPU9Ub-kxyRLwBgGOH-kMrTxvA&usqp=CCk
133,suP-NdI9DJc,아오옭,A vet analyzes cat vocalizations,https://www.youtube.com/shorts/suP-NdI9DJc,https://www.youtube.com/watch?v=suP-NdI9DJc,shorts,shorts,shorts,,,,82000,기타/엔터테인먼트,https://i.ytimg.com/vi/suP-NdI9DJc/oardefault.jpg?sqp=-oaymwEdCJUDENAFSFWQAgHyq4qpAwwIARUAAIhCcAHAAQY=&rs=AOn4CLD-9t_z9S0irLor8NiqEzwYH_hAhQ&usqp=CCk
134,6hkuh6doeq8,고양이는 마이웨이,Cats don’t have a hierarchy!,https://www.youtube.com/shorts/6hkuh6doeq8,https://www.youtube.com/watch?v=6hkuh6doeq8,shorts,shorts,shorts,,,,176000,기타/엔터테인먼트,https://i.ytimg.com/vi/6hkuh6doeq8/oardefault.jpg?sqp=-oaymwEdCJUDENAFSFWQAgHyq4qpAwwIARUAAIhCcAHAAQY=&rs=AOn4CLAcEXpnMnpgn03y1OTtlYjUOI-7Ng&usqp=CCk
135,E3vordSGl2c,운명이야,"I didn’t plan to raise a cat, but now it lives with me",https://www.youtube.com/shorts/E3vordSGl2c,https://www.youtube.com/watch?v=E3vordSGl2c,shorts,shorts,shorts,,,,130000,기타/엔터테인먼트,https://i.ytimg.com/vi/E3vordSGl2c/oardefault.jpg?sqp=-oaymwEdCJUDENAFSFWQAgHyq4qpAwwIARUAAIhCcAHAAQY=&rs=AOn4CLC9f4ZqMrwq9qQOe5uKMOTI-C6PAw&usqp=CCk
136,-pxSsgP3gZM,알지만 모르는 척,Cats really are smart,https://www.youtube.com/shorts/-pxSsgP3gZM,https://www.youtube.com/watch?v=-pxSsgP3gZM,shorts,shorts,shorts,,,,190000,기타/엔터테인먼트,https://i.ytimg.com/vi/-pxSsgP3gZM/oardefault.jpg?sqp=-oaymwEdCJUDENAFSFWQAgHyq4qpAwwIARUAAIhCcAHAAQY=&rs=AOn4CLBjez4ilvv3hVI29trUKc3iakrcIA&usqp=CCk
137,nF-hc-317RM,전기장판 몇 도?,What temperature is safe for heating devices for cats?,https://www.youtube.com/shorts/nF-hc-317RM,https://www.youtube.com/watch?v=nF-hc-317RM,shorts,shorts,shorts,,,,145000,기타/엔터테인먼트,https://i.ytimg.com/vi/nF-hc-317RM/oardefault.jpg?sqp=-oaymwEdCJUDENAFSFWQAgHyq4qpAwwIARUAAIhCcAHAAQY=&rs=AOn4CLAYHY83ZMa9-HJr7w3d07BL5YZeYA&usqp=CCk
138,yCmbvHm8JkI,고양이가 깨울 때 공감ㅋㅋㅋㅋ,What cats do when they wake their owners in the morning,https://www.youtube.com/shorts/yCmbvHm8JkI,https://www.youtube.com/watch?v=yCmbvHm8JkI,shorts,shorts,shorts,,,,245000,기타/엔터테인먼트,https://i.ytimg.com/vi/yCmbvHm8JkI/oardefault.jpg?sqp=-oaymwEdCJUDENAFSFWQAgHyq4qpAwwIARUAAIhCcAHAAQY=&rs=AOn4CLDZ6oatrtLdF1lKbxcec90N8weYZQ&usqp=CCk
139,PqSKDGSbOMA,괴롭히지마ㅠㅠ,Do cats bully each other?,https://www.youtube.com/shorts/PqSKDGSbOMA,https://www.youtube.com/watch?v=PqSKDGSbOMA,shorts,shorts,shorts,,,,192000,기타/엔터테인먼트,https://i.ytimg.com/vi/PqSKDGSbOMA/oardefault.jpg?sqp=-oaymwEdCJUDENAFSFWQAgHyq4qpAwwIARUAAIhCcAHAAQY=&rs=AOn4CLDphlkjCb9EINAzh_FIEIMZSTRQ_w&usqp=CCk
140,vRC3AapHo5E,음수량 절대 지켜,Do cats dislike cold water?,https://www.youtube.com/shorts/vRC3AapHo5E,https://www.youtube.com/watch?v=vRC3AapHo5E,shorts,shorts,shorts,,,,90000,생활/돌봄,https://i.ytimg.com/vi/vRC3AapHo5E/oardefault.jpg?sqp=-oaymwEdCJUDENAFSFWQAgHyq4qpAwwIARUAAIhCcAHAAQY=&rs=AOn4CLCwkm97zO4I5fKT1SsChKT7jL8Z_g&usqp=CCk
141,RDBLyCEQIng,고양이 코딱지 무슨 색?,"If you see this kind of booger in your cat’s nose, go to the vet",https://www.youtube.com/shorts/RDBLyCEQIng,https://www.youtube.com/watch?v=RDBLyCEQIng,shorts,shorts,shorts,,,,40000,기타/엔터테인먼트,https://i.ytimg.com/vi/RDBLyCEQIng/oardefault.jpg?sqp=-oaymwEdCJUDENAFSFWQAgHyq4qpAwwIARUAAIhCcAHAAQY=&rs=AOn4CLAozGvV_85r9m_zI_Ef8Bf8VrsN4g&usqp=CCk
142,76asZmiG2lg,거대 고양이가 숨숨집 들어가는 방법,Cats who are satisfied as long as their head fits lol,https://www.youtube.com/shorts/76asZmiG2lg,https://www.youtube.com/watch?v=76asZmiG2lg,shorts,shorts,shorts,,,,49000,기타/엔터테인먼트,https://i.ytimg.com/vi/76asZmiG2lg/oardefault.jpg?sqp=-oaymwEdCJUDENAFSFWQAgHyq4qpAwwIARUAAIhCcAHAAQY=&rs=AOn4CLAyDphe_CEpMrRC-b90AgmhleHdaQ&usqp=CCk
143,rcvQgn6oj0Y,그렇게 쇼핑백 부자가 돼,Free ways to play with your cat,https://www.youtube.com/shorts/rcvQgn6oj0Y,https://www.youtube.com/watch?v=rcvQgn6oj0Y,shorts,shorts,shorts,,,,125000,기타/엔터테인먼트,https://i.ytimg.com/vi/rcvQgn6oj0Y/oardefault.jpg?sqp=-oaymwEdCJUDENAFSFWQAgHyq4qpAwwIARUAAIhCcAHAAQY=&rs=AOn4CLDX7M0GqBtTTfj4ssPgFRn19_TTmA&usqp=CCk
144,aZTG27rOMBU,사람인 거 들킴,A cat that walks on two legs?!,https://www.youtube.com/shorts/aZTG27rOMBU,https://www.youtube.com/watch?v=aZTG27rOMBU,shorts,shorts,shorts,,,,65000,기타/엔터테인먼트,https://i.ytimg.com/vi/aZTG27rOMBU/oardefault.jpg?sqp=-oaymwEdCJUDENAFSFWQAgHyq4qpAwwIARUAAIhCcAHAAQY=&rs=AOn4CLBNqpecSbtYpfqFtVS5YV6kPyPsAw&usqp=CCk
145,UlWmOVVsHJw,고양이는 못생겨도 돼,Happy cats look “ugly”,https://www.youtube.com/shorts/UlWmOVVsHJw,https://www.youtube.com/watch?v=UlWmOVVsHJw,shorts,shorts,shorts,,,,184000,기타/엔터테인먼트,https://i.ytimg.com/vi/UlWmOVVsHJw/oardefault.jpg?sqp=-oaymwEdCJUDENAFSFWQAgHyq4qpAwwIARUAAIhCcAHAAQY=&rs=AOn4CLBbpmYkQ-KO-jvpSoruIGo1bMSVqg&usqp=CCk
146,MRBZboaBaZU,그짓말치지마!😭,Cats do not “love” you,https://www.youtube.com/shorts/MRBZboaBaZU,https://www.youtube.com/watch?v=MRBZboaBaZU,shorts,shorts,shorts,,,,269000,기타/엔터테인먼트,https://i.ytimg.com/vi/MRBZboaBaZU/oardefault.jpg?sqp=-oaymwEdCJUDENAFSFWQAgHyq4qpAwwIARUAAIhCcAHAAQY=&rs=AOn4CLBh_I4RPvU9kAj-0BcDP1l-w-Bz0w&usqp=CCk
147,UKipIScFGKc,무한 사냥놀이 시작,How to stop a kitten that keeps biting,https://www.youtube.com/shorts/UKipIScFGKc,https://www.youtube.com/watch?v=UKipIScFGKc,shorts,shorts,shorts,,,,69000,행동/감정,https://i.ytimg.com/vi/UKipIScFGKc/oardefault.jpg?sqp=-oaymwEdCJUDENAFSFWQAgHyq4qpAwwIARUAAIhCcAHAAQY=&rs=AOn4CLD5SI5x93Ycc5U6zFs7TFx7HAMJxg&usqp=CCk
148,BAB-iMb6c4U,오ㅋ 슈팅스타,There’s a cat that eats static electricity?!,https://www.youtube.com/shorts/BAB-iMb6c4U,https://www.youtube.com/watch?v=BAB-iMb6c4U,shorts,shorts,shorts,,,,86000,기타/엔터테인먼트,https://i.ytimg.com/vi/BAB-iMb6c4U/oardefault.jpg?sqp=-oaymwEdCJUDENAFSFWQAgHyq4qpAwwIARUAAIhCcAHAAQY=&rs=AOn4CLBSQlMqBLLZbm7gSP59r2MrLwMBYg&usqp=CCk
149,v-_4A57OpJ8,극악의 난이도,Why you shouldn’t bring home a kitten carelessly,https://www.youtube.com/shorts/v-_4A57OpJ8,https://www.youtube.com/watch?v=v-_4A57OpJ8,shorts,shorts,shorts,,,,134000,기타/엔터테인먼트,https://i.ytimg.com/vi/v-_4A57OpJ8/oardefault.jpg?sqp=-oaymwEdCJUDENAFSFWQAgHyq4qpAwwIARUAAIhCcAHAAQY=&rs=AOn4CLDTMewBuKr-LpDZkF-SbsafOMUfvw&usqp=CCk
150,batyDQkpQ5k,토쟁이들ㅠ^ㅠ,Is It Normal for Cats to Vomit Often?,https://www.youtube.com/shorts/batyDQkpQ5k,https://www.youtube.com/watch?v=batyDQkpQ5k,shorts,shorts,shorts,,,,92000,건강/진료,https://i.ytimg.com/vi/batyDQkpQ5k/oardefault.jpg?sqp=-oaymwEdCJUDENAFSFWQAgHyq4qpAwwIARUAAIhCcAHAAQY=&rs=AOn4CLCh-fhvEF2moavKC361Ej_kCwggtA&usqp=CCk
151,Ot_DoqQYV4U,까치발 아니고 고양이발,Bald Spots on a Cat’s Heel?!,https://www.youtube.com/shorts/Ot_DoqQYV4U,https://www.youtube.com/watch?v=Ot_DoqQYV4U,shorts,shorts,shorts,,,,210000,기타/엔터테인먼트,https://i.ytimg.com/vi/Ot_DoqQYV4U/oardefault.jpg?sqp=-oaymwEdCJUDENAFSFWQAgHyq4qpAwwIARUAAIhCcAHAAQY=&rs=AOn4CLAD0oa10oUfaW1GyTEM1jSXCcR8EA&usqp=CCk
152,cNtuhXDmiV8,이 집의 주인공은 나야 나,The Cat That Gets Furious at Its Own Reflection,https://www.youtube.com/shorts/cNtuhXDmiV8,https://www.youtube.com/watch?v=cNtuhXDmiV8,shorts,shorts,shorts,,,,57000,기타/엔터테인먼트,https://i.ytimg.com/vi/cNtuhXDmiV8/oardefault.jpg?sqp=-oaymwEdCJUDENAFSFWQAgHyq4qpAwwIARUAAIhCcAHAAQY=&rs=AOn4CLC_qBeJswCzXRU7K0GtsV0ZlwyGfg&usqp=CCk
153,NuxGCgeSG4M,똥싸고 우다다다다,Why Do Cats Zoom Around After Pooping?💩🏃‍♂️🐈,https://www.youtube.com/shorts/NuxGCgeSG4M,https://www.youtube.com/watch?v=NuxGCgeSG4M,shorts,shorts,shorts,,,,105000,행동/감정,https://i.ytimg.com/vi/NuxGCgeSG4M/oardefault.jpg?sqp=-oaymwEdCJUDENAFSFWQAgHyq4qpAwwIARUAAIhCcAHAAQY=&rs=AOn4CLBHOlgACKIwhXl4UrNKyGEGx-EgOA&usqp=CCk
154,ljS-BznQ_K4,뻔뻔,The Biggest Downside of Raising a Cat with Your Family,https://www.youtube.com/shorts/ljS-BznQ_K4,https://www.youtube.com/watch?v=ljS-BznQ_K4,shorts,shorts,shorts,,,,279000,기타/엔터테인먼트,https://i.ytimg.com/vi/ljS-BznQ_K4/oardefault.jpg?sqp=-oaymwEdCJUDENAFSFWQAgHyq4qpAwwIARUAAIhCcAHAAQY=&rs=AOn4CLAzsrGC1_SgdJfmZ93_2XGY3qmpsA&usqp=CCk
155,fz5inJ7Q9EA,소노 중노 대노,A Real Vet Plays the Nintendo Pet Hospital Game 😂,https://www.youtube.com/shorts/fz5inJ7Q9EA,https://www.youtube.com/watch?v=fz5inJ7Q9EA,shorts,shorts,shorts,,,,83000,기타/엔터테인먼트,https://i.ytimg.com/vi/fz5inJ7Q9EA/oardefault.jpg?sqp=-oaymwEdCJUDENAFSFWQAgHyq4qpAwwIARUAAIhCcAHAAQY=&rs=AOn4CLASJszWyfV1VBTbFzIucHPbwUvlJg&usqp=CCk
156,JHp1QCD9kaU,이때 건들면 목숨 내놓아야 함,What Does an Angry Cat Look Like? 🤬,https://www.youtube.com/shorts/JHp1QCD9kaU,https://www.youtube.com/watch?v=JHp1QCD9kaU,shorts,shorts,shorts,,,,332000,기타/엔터테인먼트,https://i.ytimg.com/vi/JHp1QCD9kaU/oardefault.jpg?sqp=-oaymwEdCJUDENAFSFWQAgHyq4qpAwwIARUAAIhCcAHAAQY=&rs=AOn4CLDerH7ZE88lKNsQ7nfkgtqsQfhQEg&usqp=CCk
157,kZSLHpdXilo,아이고 시원타,The Cat That Skis on Its Butt ⛷️,https://www.youtube.com/shorts/kZSLHpdXilo,https://www.youtube.com/watch?v=kZSLHpdXilo,shorts,shorts,shorts,,,,242000,기타/엔터테인먼트,https://i.ytimg.com/vi/kZSLHpdXilo/oardefault.jpg?sqp=-oaymwEdCJUDENAFSFWQAgHyq4qpAwwIARUAAIhCcAHAAQY=&rs=AOn4CLCm_65AyTxdEhdL7QMlpTQPmPQkIA&usqp=CCk
158,Al7EzRGfoq8,장인어른의 호섭이 사랑,What Kind of Water Should Cats Drink?,https://www.youtube.com/shorts/Al7EzRGfoq8,https://www.youtube.com/watch?v=Al7EzRGfoq8,shorts,shorts,shorts,,,,120000,기타/엔터테인먼트,https://i.ytimg.com/vi/Al7EzRGfoq8/oardefault.jpg?sqp=-oaymwEdCJUDENAFSFWQAgHyq4qpAwwIARUAAIhCcAHAAQY=&rs=AOn4CLCV1lcQ-OIB2zkFyUYeYkVIeHkmnw&usqp=CCk
159,YSQOFKylTIQ,무 뽑듯 쑤욱,A Mother Cat Helping Her Daughter Raise Kittens,https://www.youtube.com/shorts/YSQOFKylTIQ,https://www.youtube.com/watch?v=YSQOFKylTIQ,shorts,shorts,shorts,,,,366000,기타/엔터테인먼트,https://i.ytimg.com/vi/YSQOFKylTIQ/oardefault.jpg?sqp=-oaymwEdCJUDENAFSFWQAgHyq4qpAwwIARUAAIhCcAHAAQY=&rs=AOn4CLBLGJfmC_xGcPaeDOItgXISKJ3c0w&usqp=CCk
160,rU2wh3mP4u4,🐱 : 냉장고? 안 머겅!,Why Cats Are Such Picky Eaters 😼,https://www.youtube.com/shorts/rU2wh3mP4u4,https://www.youtube.com/watch?v=rU2wh3mP4u4,shorts,shorts,shorts,,,,305000,기타/엔터테인먼트,https://i.ytimg.com/vi/rU2wh3mP4u4/oardefault.jpg?sqp=-oaymwEdCJUDENAFSFWQAgHyq4qpAwwIARUAAIhCcAHAAQY=&rs=AOn4CLDRU0rrIAA6hNn-utyDNxpOceQIxQ&usqp=CCk
161,6NBroJjPULU,반려견과 보호자의 얼굴은 닮았다?,Do Dogs and Their Owners Look Alike?🐶,https://www.youtube.com/shorts/6NBroJjPULU,https://www.youtube.com/watch?v=6NBroJjPULU,shorts,shorts,shorts,,,,42000,관계/윤리,https://i.ytimg.com/vi/6NBroJjPULU/oardefault.jpg?sqp=-oaymwEdCJUDENAFSFWQAgHyq4qpAwwIARUAAIhCcAHAAQY=&rs=AOn4CLBxxBB4LUATfl4uqVauyS8EngZq1Q&usqp=CCk
162,DKkHRZq8IiU,우리 아빠 마피아😼,The Villain’s Favorite Cat,https://www.youtube.com/shorts/DKkHRZq8IiU,https://www.youtube.com/watch?v=DKkHRZq8IiU,shorts,shorts,shorts,,,,61000,서사/상담,https://i.ytimg.com/vi_webp/DKkHRZq8IiU/oardefault.webp?usqp=CCk
163,RnjEzajL_CQ,이름하야 아비시니안,"The Harlequin of the Cat World, the Abyssinian 😼",https://www.youtube.com/shorts/RnjEzajL_CQ,https://www.youtube.com/watch?v=RnjEzajL_CQ,shorts,shorts,shorts,,,,131000,서사/상담,https://i.ytimg.com/vi/RnjEzajL_CQ/oardefault.jpg?sqp=-oaymwEdCJUDENAFSFWQAgHyq4qpAwwIARUAAIhCcAHAAQY=&rs=AOn4CLCvSOVkTebJKvh9h0mkTTUVJkzHsA&usqp=CCk
164,R3EcjTREV38,엄 : 엄마는 마 : 마덜,Am I a Stepmom to My Cat?!,https://www.youtube.com/shorts/R3EcjTREV38,https://www.youtube.com/watch?v=R3EcjTREV38,shorts,shorts,shorts,,,,220000,서사/상담,https://i.ytimg.com/vi/R3EcjTREV38/oardefault.jpg?sqp=-oaymwEdCJUDENAFSFWQAgHyq4qpAwwIARUAAIhCcAHAAQY=&rs=AOn4CLDqrtPbisC9gWnxU-qehSUskH4GBQ&usqp=CCk
165,fpVbPQiuOu0,"고양이 입양 전, 꼭 보기",Top 3 Types of People Who Shouldn’t Raise Cats,https://www.youtube.com/shorts/fpVbPQiuOu0,https://www.youtube.com/watch?v=fpVbPQiuOu0,shorts,shorts,shorts,,,,116000,관계/윤리,https://i.ytimg.com/vi/fpVbPQiuOu0/oardefault.jpg?sqp=-oaymwEdCJUDENAFSFWQAgHyq4qpAwwIARUAAIhCcAHAAQY=&rs=AOn4CLBVTSJo1BzrUGwCGpOHnB3cYbfDFA&usqp=CCk
166,pWSzKO_QhME,집사도 좀 치네?,A Cute Cat Having the Time of Its Life 😸,https://www.youtube.com/shorts/pWSzKO_QhME,https://www.youtube.com/watch?v=pWSzKO_QhME,shorts,shorts,shorts,,,,46000,관계/윤리,https://i.ytimg.com/vi/pWSzKO_QhME/oardefault.jpg?sqp=-oaymwEdCJUDENAFSFWQAgHyq4qpAwwIARUAAIhCcAHAAQY=&rs=AOn4CLBYqolsLs0LqsG2S1Ik0A2CtbqpOw&usqp=CCk
167,OKdHq6Py0Iw,화장실에서만 안아줘 고양이,The Cat That Wants to Be Hugged Only When You’re on the Toilet 🚽,https://www.youtube.com/shorts/OKdHq6Py0Iw,https://www.youtube.com/watch?v=OKdHq6Py0Iw,shorts,shorts,shorts,,,,137000,생활/돌봄,https://i.ytimg.com/vi/OKdHq6Py0Iw/oardefault.jpg?sqp=-oaymwEdCJUDENAFSFWQAgHyq4qpAwwIARUAAIhCcAHAAQY=&rs=AOn4CLDbW9WAJQGV4k4M2VFpg5rtyrCIFA&usqp=CCk
168,n5ZJUby7Nx0,우리 고양이 바보 아니다!,The Truth About the Cat Intelligence Challenge,https://www.youtube.com/shorts/n5ZJUby7Nx0,https://www.youtube.com/watch?v=n5ZJUby7Nx0,shorts,shorts,shorts,,,,153000,기타/엔터테인먼트,https://i.ytimg.com/vi_webp/n5ZJUby7Nx0/oardefault.webp?usqp=CCk
169,fPAOIFC2h9Q,기싱꿍꼬또,Do cats dream too? 🌙,https://www.youtube.com/shorts/fPAOIFC2h9Q,https://www.youtube.com/watch?v=fPAOIFC2h9Q,shorts,shorts,shorts,,,,115000,기타/엔터테인먼트,https://i.ytimg.com/vi/fPAOIFC2h9Q/oardefault.jpg?sqp=-oaymwEdCJUDENAFSFWQAgHyq4qpAwwIARUAAIhCcAHAAQY=&rs=AOn4CLB6UHVxGeYp76PhRxZdRtaSXsW5bA&usqp=CCk
170,ww81NAMKJYE,우리 고양이 꼭쥐스 어디 갔어!,My cat is missing one nipple! 😮,https://www.youtube.com/shorts/ww81NAMKJYE,https://www.youtube.com/watch?v=ww81NAMKJYE,shorts,shorts,shorts,,,,123000,기타/엔터테인먼트,https://i.ytimg.com/vi/ww81NAMKJYE/oardefault.jpg?sqp=-oaymwEdCJUDENAFSFWQAgHyq4qpAwwIARUAAIhCcAHAAQY=&rs=AOn4CLA3txiTZwpXHAN7MADIY7glWTgXug&usqp=CCk
171,GuuV8W7RaY8,낯가리냥,A cat that starts talking whenever the camera’s on 🤣,https://www.youtube.com/shorts/GuuV8W7RaY8,https://www.youtube.com/watch?v=GuuV8W7RaY8,shorts,shorts,shorts,,,,132000,기타/엔터테인먼트,https://i.ytimg.com/vi/GuuV8W7RaY8/oardefault.jpg?sqp=-oaymwEdCJUDENAFSFWQAgHyq4qpAwwIARUAAIhCcAHAAQY=&rs=AOn4CLAXeeONrmQ38RUwTvCU9Ofo_k3HWA&usqp=CCk
172,02xCjHs51Ss,봤냐? 아 봤냐고~,What’s Going on in a Cat’s Mind When They Respond to Their Name,https://www.youtube.com/shorts/02xCjHs51Ss,https://www.youtube.com/watch?v=02xCjHs51Ss,shorts,shorts,shorts,,,,187000,기타/엔터테인먼트,https://i.ytimg.com/vi/02xCjHs51Ss/oardefault.jpg?sqp=-oaymwEdCJUDENAFSFWQAgHyq4qpAwwIARUAAIhCcAHAAQY=&rs=AOn4CLCMzI5PHajcpg-kxFgKGw_FccFxjw&usqp=CCk
173,ZP52OSdK9cI,에겐냥에게 플러팅하는 테토냥ㅋㅋㅋㅋㅋ,Do cats fall in love too? 💕,https://www.youtube.com/shorts/ZP52OSdK9cI,https://www.youtube.com/watch?v=ZP52OSdK9cI,shorts,shorts,shorts,,,,52000,건강/진료,https://i.ytimg.com/vi/ZP52OSdK9cI/oardefault.jpg?sqp=-oaymwEdCJUDENAFSFWQAgHyq4qpAwwIARUAAIhCcAHAAQY=&rs=AOn4CLD3nNBS1iBHFiktvWA7NsyWEbPA8Q&usqp=CCk
174,8Ru7xsCzigc,T의 해석ㅋㅋㅋㅋㅋ,The hidden meaning behind ILLIT’s song “Borrowed Cat (Do the Dance)”🐱,https://www.youtube.com/shorts/8Ru7xsCzigc,https://www.youtube.com/watch?v=8Ru7xsCzigc,shorts,shorts,shorts,,,,73000,기타/엔터테인먼트,https://i.ytimg.com/vi_webp/8Ru7xsCzigc/oardefault.webp?usqp=CCk
175,FgMKZpizIP4,사랑받은 고양이는 티가 납니다😻,5 Traits of Cats That Are Especially Loved by Their Guardians 😻,https://www.youtube.com/shorts/FgMKZpizIP4,https://www.youtube.com/watch?v=FgMKZpizIP4,shorts,shorts,shorts,,,,263000,기타/엔터테인먼트,https://i.ytimg.com/vi/FgMKZpizIP4/oardefault.jpg?sqp=-oaymwEdCJUDENAFSFWQAgHyq4qpAwwIARUAAIhCcAHAAQY=&rs=AOn4CLBc-eBAPdHN5bGH5V0-Em2b_5Fhwg&usqp=CCk
176,7WOvYRac1A8,굽굽🍞,The real meaning of the cat loaf pose 🍞,https://www.youtube.com/shorts/7WOvYRac1A8,https://www.youtube.com/watch?v=7WOvYRac1A8,shorts,shorts,shorts,,,,638000,기타/엔터테인먼트,https://i.ytimg.com/vi/7WOvYRac1A8/oardefault.jpg?sqp=-oaymwEdCJUDENAFSFWQAgHyq4qpAwwIARUAAIhCcAHAAQY=&rs=AOn4CLCKV7Yp-0O90NRrvD5K_jNNUco62g&usqp=CCk
177,FfhGtvGRGm8,'추석음식' 절대 금지🚨,Dangerous foods for cats,https://www.youtube.com/shorts/FfhGtvGRGm8,https://www.youtube.com/watch?v=FfhGtvGRGm8,shorts,shorts,shorts,,,,83000,기타/엔터테인먼트,https://i.ytimg.com/vi/FfhGtvGRGm8/oardefault.jpg?sqp=-oaymwEdCJUDENAFSFWQAgHyq4qpAwwIARUAAIhCcAHAAQY=&rs=AOn4CLCDaeSXPsB_0QTmDUhCAFYdti1Ccw&usqp=CCk
178,UaRybpCfdjI,왕크니까 왕귀,My cat’s face is too big,https://www.youtube.com/shorts/UaRybpCfdjI,https://www.youtube.com/watch?v=UaRybpCfdjI,shorts,shorts,shorts,,,,831000,행동/감정,https://i.ytimg.com/vi/UaRybpCfdjI/oardefault.jpg?sqp=-oaymwEdCJUDENAFSFWQAgHyq4qpAwwIARUAAIhCcAHAAQY=&rs=AOn4CLCcDLY3OVmMlzelJwq9mhTX2TyNGA&usqp=CCk
179,p1bkTbcy3KE,고양이 최애 빗은?,Which brush do cats like?,https://www.youtube.com/shorts/p1bkTbcy3KE,https://www.youtube.com/watch?v=p1bkTbcy3KE,shorts,shorts,shorts,,,,380000,기타/엔터테인먼트,https://i.ytimg.com/vi/p1bkTbcy3KE/oardefault.jpg?sqp=-oaymwEdCJUDENAFSFWQAgHyq4qpAwwIARUAAIhCcAHAAQY=&rs=AOn4CLChldV0nBriOeUhCorVwVwfWYW5ig&usqp=CCk
180,aTh9xBuCc2A,반나절만에 적응 완,Moving Tips from a Vet Who Lives with Cats 🏡,https://www.youtube.com/shorts/aTh9xBuCc2A,https://www.youtube.com/watch?v=aTh9xBuCc2A,shorts,shorts,shorts,,,,121000,기타/엔터테인먼트,https://i.ytimg.com/vi/aTh9xBuCc2A/oardefault.jpg?sqp=-oaymwEdCJUDENAFSFWQAgHyq4qpAwwIARUAAIhCcAHAAQY=&rs=AOn4CLDHj6KJp_GUzM4R6UKBELCjFU7vkg&usqp=CCk
181,UC1ZFf4MgL8,방해하지 마라 닝겐,Why do cats knock things off the table?,https://www.youtube.com/shorts/UC1ZFf4MgL8,https://www.youtube.com/watch?v=UC1ZFf4MgL8,shorts,shorts,shorts,,,,163000,기타/엔터테인먼트,https://i.ytimg.com/vi/UC1ZFf4MgL8/oardefault.jpg?sqp=-oaymwEdCJUDENAFSFWQAgHyq4qpAwwIARUAAIhCcAHAAQY=&rs=AOn4CLBEF0foEoRSHaJnUkbmZnCPk5l94g&usqp=CCk
182,0Iqc4dgTgYA,😾 : 집에선 나만 봐!,"The Cat That Cries When Its Owner Disappears, Even for a Moment",https://www.youtube.com/shorts/0Iqc4dgTgYA,https://www.youtube.com/watch?v=0Iqc4dgTgYA,shorts,shorts,shorts,,,,368000,기타/엔터테인먼트,https://i.ytimg.com/vi/0Iqc4dgTgYA/oardefault.jpg?sqp=-oaymwEdCJUDENAFSFWQAgHyq4qpAwwIARUAAIhCcAHAAQY=&rs=AOn4CLA3OtKHf5BGsGF2VI64ubbzIMooHA&usqp=CCk
183,owizxeUs25c,냥춘기,Why Did My Cat Grow Distant as It Got Older?,https://www.youtube.com/shorts/owizxeUs25c,https://www.youtube.com/watch?v=owizxeUs25c,shorts,shorts,shorts,,,,126000,기타/엔터테인먼트,https://i.ytimg.com/vi/owizxeUs25c/oardefault.jpg?sqp=-oaymwEdCJUDENAFSFWQAgHyq4qpAwwIARUAAIhCcAHAAQY=&rs=AOn4CLBjscgfJ65RZ_CP1WDTTZ4JGQmsHg&usqp=CCk
184,yJJK6pSmfw8,😺 : 너무 재밌어!!,Cat That Pulls Down Its Owner’s Pants LOL,https://www.youtube.com/shorts/yJJK6pSmfw8,https://www.youtube.com/watch?v=yJJK6pSmfw8,shorts,shorts,shorts,,,,99000,기타/엔터테인먼트,https://i.ytimg.com/vi/yJJK6pSmfw8/oardefault.jpg?sqp=-oaymwEdCJUDENAFSFWQAgHyq4qpAwwIARUAAIhCcAHAAQY=&rs=AOn4CLDf61G3G2P_1uIhXEPJYBvSL7OXqQ&usqp=CCk
185,Zv5lDkIS3kg,찰진 집사 반응,Why Does My Cat Bite?,https://www.youtube.com/shorts/Zv5lDkIS3kg,https://www.youtube.com/watch?v=Zv5lDkIS3kg,shorts,shorts,shorts,,,,169000,관계/윤리,https://i.ytimg.com/vi/Zv5lDkIS3kg/oardefault.jpg?sqp=-oaymwEdCJUDENAFSFWQAgHyq4qpAwwIARUAAIhCcAHAAQY=&rs=AOn4CLACXeU0XHTAAQo_UlKuiZoUQZx-8A&usqp=CCk
186,BZDLXHRe8sM,기적의 철가방 솔루션,How to Help Cats Get Along,https://www.youtube.com/shorts/BZDLXHRe8sM,https://www.youtube.com/watch?v=BZDLXHRe8sM,shorts,shorts,shorts,,,,76000,기타/엔터테인먼트,https://i.ytimg.com/vi/BZDLXHRe8sM/oardefault.jpg?sqp=-oaymwEdCJUDENAFSFWQAgHyq4qpAwwIARUAAIhCcAHAAQY=&rs=AOn4CLChW2hCunLxR0NqVFMTsOv-wcYD2w&usqp=CCk
187,KTFzrgbLaVY,동물을 너무 사랑하면 오히려 힘든 직업,A veterinarian who loves animals too much...,https://www.youtube.com/shorts/KTFzrgbLaVY,https://www.youtube.com/watch?v=KTFzrgbLaVY,shorts,shorts,shorts,,,,55000,기타/엔터테인먼트,https://i.ytimg.com/vi/KTFzrgbLaVY/oardefault.jpg?sqp=-oaymwEdCJUDENAFSFWQAgHyq4qpAwwIARUAAIhCcAHAAQY=&rs=AOn4CLChSQzANksm4Av9B6Z902IbNzay_w&usqp=CCk
188,JWC6gyLo28Y,뭐든 억지로 먹이는 건 금물!,My picky cat – is it okay?,https://www.youtube.com/shorts/JWC6gyLo28Y,https://www.youtube.com/watch?v=JWC6gyLo28Y,shorts,shorts,shorts,,,,43000,기타/엔터테인먼트,https://i.ytimg.com/vi/JWC6gyLo28Y/oardefault.jpg?sqp=-oaymwEdCJUDENAFSFWQAgHyq4qpAwwIARUAAIhCcAHAAQY=&rs=AOn4CLAuGYMjwB_drj0SXRtPPBvF8euNEw&usqp=CCk
189,_uJzi468lVA,수화하는 고양이라니,A cat that uses sign language for its hearing-impaired guardian,https://www.youtube.com/shorts/_uJzi468lVA,https://www.youtube.com/watch?v=_uJzi468lVA,shorts,shorts,shorts,,,,111000,기타/엔터테인먼트,https://i.ytimg.com/vi/_uJzi468lVA/oardefault.jpg?sqp=-oaymwEdCJUDENAFSFWQAgHyq4qpAwwIARUAAIhCcAHAAQY=&rs=AOn4CLBWyOPss41pNVWSfttZ8adEx4oBLQ&usqp=CCk
190,d0-cHxfDqv8,정수기 하나 놔드려야겠네,Cat coughing while drinking water – what to do?,https://www.youtube.com/shorts/d0-cHxfDqv8,https://www.youtube.com/watch?v=d0-cHxfDqv8,shorts,shorts,shorts,,,,67000,기타/엔터테인먼트,https://i.ytimg.com/vi/d0-cHxfDqv8/oardefault.jpg?sqp=-oaymwEdCJUDENAFSFWQAgHyq4qpAwwIARUAAIhCcAHAAQY=&rs=AOn4CLBxsPnrpQDSo1oWtk4MncCRD4YpPw&usqp=CCk
191,11i_Sue6e0U,😼 : 사료 던져라 집사야,How to help a cat overcome boredom with hunting play,https://www.youtube.com/shorts/11i_Sue6e0U,https://www.youtube.com/watch?v=11i_Sue6e0U,shorts,shorts,shorts,,,,89000,생활/돌봄;관계/윤리,https://i.ytimg.com/vi/11i_Sue6e0U/oardefault.jpg?sqp=-oaymwEdCJUDENAFSFWQAgHyq4qpAwwIARUAAIhCcAHAAQY=&rs=AOn4CLB3KJpssEDH8e0sft_yQk4PQqCLCw&usqp=CCk
192,UhcwJTOGJR4,12년간 임보ㅋㅋㅋㅋ,I've been fostering cats for 12 years lol,https://www.youtube.com/shorts/UhcwJTOGJR4,https://www.youtube.com/watch?v=UhcwJTOGJR4,shorts,shorts,shorts,,,,5300000,기타/엔터테인먼트,https://i.ytimg.com/vi/UhcwJTOGJR4/oardefault.jpg?sqp=-oaymwEdCJUDENAFSFWQAgHyq4qpAwwIARUAAIhCcAHAAQY=&rs=AOn4CLDjbXN5UJU0WRxaCqInSEweGXWM7g&usqp=CCk
193,klWehXEwlOU,고양이는 사람이 맞다,A smart cat using a water purifier,https://www.youtube.com/shorts/klWehXEwlOU,https://www.youtube.com/watch?v=klWehXEwlOU,shorts,shorts,shorts,,,,106000,기타/엔터테인먼트,https://i.ytimg.com/vi/klWehXEwlOU/oardefault.jpg?sqp=-oaymwEdCJUDENAFSFWQAgHyq4qpAwwIARUAAIhCcAHAAQY=&rs=AOn4CLCL0MVIpspTUADPvdgzP5AVtknk0Q&usqp=CCk
194,rbM1-WUXwSk,고양이 관상가,A vet who can guess a cat’s personality by its face?!,https://www.youtube.com/shorts/rbM1-WUXwSk,https://www.youtube.com/watch?v=rbM1-WUXwSk,shorts,shorts,shorts,,,,352000,기타/엔터테인먼트,https://i.ytimg.com/vi/rbM1-WUXwSk/oardefault.jpg?sqp=-oaymwEdCJUDENAFSFWQAgHyq4qpAwwIARUAAIhCcAHAAQY=&rs=AOn4CLDA8p4m2xMrdYy5wmn97RgVqVBL5A&usqp=CCk
195,OE8HLAnHHvo,유일한 미련.. 고양이..🐈,Who should take the cat after a divorce?,https://www.youtube.com/shorts/OE8HLAnHHvo,https://www.youtube.com/watch?v=OE8HLAnHHvo,shorts,shorts,shorts,,,,849000,기타/엔터테인먼트,https://i.ytimg.com/vi/OE8HLAnHHvo/oardefault.jpg?sqp=-oaymwEdCJUDENAFSFWQAgHyq4qpAwwIARUAAIhCcAHAAQY=&rs=AOn4CLAULSJiUnNI9ImU55j1WSymd8vIpw&usqp=CCk
196,on6nqCm7_yI,다이어트 요요 온 고양이ㅋㅋㅋ,A cat that lost weight… and then the yo-yo struck!,https://www.youtube.com/shorts/on6nqCm7_yI,https://www.youtube.com/watch?v=on6nqCm7_yI,shorts,shorts,shorts,,,,881000,건강/진료,https://i.ytimg.com/vi/on6nqCm7_yI/oardefault.jpg?sqp=-oaymwEdCJUDENAFSFWQAgHyq4qpAwwIARUAAIhCcAHAAQY=&rs=AOn4CLBohXHRzL0dbIzt9TdcWbBz515Asw&usqp=CCk
197,LeNGC_8WN64,꾹꾹이 하기 좋은 배가 생김ㅋㅋㅋ,Will cats notice a person's pregnancy?,https://www.youtube.com/shorts/LeNGC_8WN64,https://www.youtube.com/watch?v=LeNGC_8WN64,shorts,shorts,shorts,,,,262000,행동/감정,https://i.ytimg.com/vi/LeNGC_8WN64/oardefault.jpg?sqp=-oaymwEdCJUDENAFSFWQAgHyq4qpAwwIARUAAIhCcAHAAQY=&rs=AOn4CLBoJg3cIXGIzqWa6huL9hlcem_Cfw&usqp=CCk
198,64kc9pqtZCk,진정한 개냥이 등장,Is it a cat or a dog?,https://www.youtube.com/shorts/64kc9pqtZCk,https://www.youtube.com/watch?v=64kc9pqtZCk,shorts,shorts,shorts,,,,433000,기타/엔터테인먼트,https://i.ytimg.com/vi/64kc9pqtZCk/oardefault.jpg?sqp=-oaymwEdCJUDENAFSFWQAgHyq4qpAwwIARUAAIhCcAHAAQY=&rs=AOn4CLCjlDFwIDuP3554lpUAsJ50lsbGNw&usqp=CCk
199,t5I3NEJSLyo,고양이에겐 고문 기구..😫,"Cat abuse, not cat products!😫",https://www.youtube.com/shorts/t5I3NEJSLyo,https://www.youtube.com/watch?v=t5I3NEJSLyo,shorts,shorts,shorts,,,,819000,기타/엔터테인먼트,https://i.ytimg.com/vi/t5I3NEJSLyo/oardefault.jpg?sqp=-oaymwEdCJUDENAFSFWQAgHyq4qpAwwIARUAAIhCcAHAAQY=&rs=AOn4CLAPEs4gNuEwiZIyaBGGScinIq1w8Q&usqp=CCk
200,w3vWMClo7yw,개명해야 되나 이거,Does the cat understand her name?,https://www.youtube.com/shorts/w3vWMClo7yw,https://www.youtube.com/watch?v=w3vWMClo7yw,shorts,shorts,shorts,,,,354000,기타/엔터테인먼트,https://i.ytimg.com/vi/w3vWMClo7yw/oardefault.jpg?sqp=-oaymwEdCJUDENAFSFWQAgHyq4qpAwwIARUAAIhCcAHAAQY=&rs=AOn4CLDjHfHoS3qHC9OfUqsP_Yji36cu3g&usqp=CCk
201,d7Opap_GoA8,흐즈믈르그..,How to know if two cats are fighting or playing,https://www.youtube.com/shorts/d7Opap_GoA8,https://www.youtube.com/watch?v=d7Opap_GoA8,shorts,shorts,shorts,,,,121000,기타/엔터테인먼트,https://i.ytimg.com/vi/d7Opap_GoA8/oardefault.jpg?sqp=-oaymwEdCJUDENAFSFWQAgHyq4qpAwwIARUAAIhCcAHAAQY=&rs=AOn4CLB5vsZzxG2ajnM5mRF9VzYkvN3vlw&usqp=CCk
202,izru9ElmRPk,이게 위험한 거였어?!,"'This oil' that people use a lot, it can kill cats",https://www.youtube.com/shorts/izru9ElmRPk,https://www.youtube.com/watch?v=izru9ElmRPk,shorts,shorts,shorts,,,,195000,관계/윤리,https://i.ytimg.com/vi/izru9ElmRPk/oardefault.jpg?sqp=-oaymwEdCJUDENAFSFWQAgHyq4qpAwwIARUAAIhCcAHAAQY=&rs=AOn4CLD8_WXzX_CG_mt37mmQhzwiKp0DCg&usqp=CCk
203,ROtKPzfRzQQ,나보다 낫다,"If there was a cat genius, it would be this 10-year-old girl from south Korea!",https://www.youtube.com/shorts/ROtKPzfRzQQ,https://www.youtube.com/watch?v=ROtKPzfRzQQ,shorts,shorts,shorts,,,,79000,기타/엔터테인먼트,https://i.ytimg.com/vi/ROtKPzfRzQQ/oardefault.jpg?sqp=-oaymwEdCJUDENAFSFWQAgHyq4qpAwwIARUAAIhCcAHAAQY=&rs=AOn4CLDOvz-ONoAO7HeDlIoJC0d2xQJxUQ&usqp=CCk
204,_5EbCdZhdjc,똥 굴러가유~💩,A cat jumps and drops poop one by one,https://www.youtube.com/shorts/_5EbCdZhdjc,https://www.youtube.com/watch?v=_5EbCdZhdjc,shorts,shorts,shorts,,,,113000,기타/엔터테인먼트,https://i.ytimg.com/vi/_5EbCdZhdjc/oardefault.jpg?sqp=-oaymwEdCJUDENAFSFWQAgHyq4qpAwwIARUAAIhCcAHAAQY=&rs=AOn4CLAbaiJg6yW28V0HE4r0OoUgqz1RvQ&usqp=CCk
205,GhkLyPvioAk,어떻게 사랑이 변하니!,How does love change!,https://www.youtube.com/shorts/GhkLyPvioAk,https://www.youtube.com/watch?v=GhkLyPvioAk,shorts,shorts,shorts,,,,201000,기타/엔터테인먼트,https://i.ytimg.com/vi/GhkLyPvioAk/oardefault.jpg?sqp=-oaymwEdCJYDENAFSFWQAgHyq4qpAwwIARUAAIhCcAHAAQY=&rs=AOn4CLCudty72aqfH9q4fPn285pILcj-7A&usqp=CCk
206,Kw_mroonpNA,둘째 고양이 키우고 싶으면 꼭 보세요,"If you want to raise a second cat, you must watch this",https://www.youtube.com/shorts/Kw_mroonpNA,https://www.youtube.com/watch?v=Kw_mroonpNA,shorts,shorts,shorts,,,,367000,관계/윤리,https://i.ytimg.com/vi/Kw_mroonpNA/oardefault.jpg?sqp=-oaymwEdCJUDENAFSFWQAgHyq4qpAwwIARUAAIhCcAHAAQY=&rs=AOn4CLC83ci7R04LkHcZPXtpqj4Xy8r0Vg&usqp=CCk
207,e2WmCECrtbA,물 찍먹하는 고양이 어떤데😼,a cat's habit of eating with water on its hands,https://www.youtube.com/shorts/e2WmCECrtbA,https://www.youtube.com/watch?v=e2WmCECrtbA,shorts,shorts,shorts,,,,224000,기타/엔터테인먼트,https://i.ytimg.com/vi/e2WmCECrtbA/oardefault.jpg?sqp=-oaymwEdCJUDENAFSFWQAgHyq4qpAwwIARUAAIhCcAHAAQY=&rs=AOn4CLAXCteFkgECzqpVv_NvKMpqgMNIAA&usqp=CCk
208,XsS4OgrjzME,너 누구냥!,Do cats recognize siblings they broke up with when they were young?,https://www.youtube.com/shorts/XsS4OgrjzME,https://www.youtube.com/watch?v=XsS4OgrjzME,shorts,shorts,shorts,,,,57000,기타/엔터테인먼트,https://i.ytimg.com/vi/XsS4OgrjzME/oardefault.jpg?sqp=-oaymwEdCJUDENAFSFWQAgHyq4qpAwwIARUAAIhCcAHAAQY=&rs=AOn4CLBaJcBSAK2j7GAXZ7gdpM0fKSAz6w&usqp=CCk
209,v2mO1F4HRR0,하루에 6끼 정돈 먹어줘야지!🍚,You have to eat 6 regular meals a day!🍚,https://www.youtube.com/shorts/v2mO1F4HRR0,https://www.youtube.com/watch?v=v2mO1F4HRR0,shorts,shorts,shorts,,,,94000,기타/엔터테인먼트,https://i.ytimg.com/vi/v2mO1F4HRR0/oardefault.jpg?sqp=-oaymwEdCJUDENAFSFWQAgHyq4qpAwwIARUAAIhCcAHAAQY=&rs=AOn4CLD7ozmaDcCbSuIoUgZ5xVP8gNdVjQ&usqp=CCk
210,9EgIjReMjAw,곱슬곱슬🧔‍♂️,Curly🧔‍♂️,https://www.youtube.com/shorts/9EgIjReMjAw,https://www.youtube.com/watch?v=9EgIjReMjAw,shorts,shorts,shorts,,,,64000,기타/엔터테인먼트,https://i.ytimg.com/vi/9EgIjReMjAw/oardefault.jpg?sqp=-oaymwEdCJUDENAFSFWQAgHyq4qpAwwIARUAAIhCcAHAAQY=&rs=AOn4CLB6Xfl_jx50KYzAltVkFJB4fxUKyw&usqp=CCk
211,LYRvjZpcc7E,널 좋아하지만 같이 살 수는 없어,"I like you, but we can't live together",https://www.youtube.com/shorts/LYRvjZpcc7E,https://www.youtube.com/watch?v=LYRvjZpcc7E,shorts,shorts,shorts,,,,88000,기타/엔터테인먼트,https://i.ytimg.com/vi/LYRvjZpcc7E/oardefault.jpg?sqp=-oaymwEdCJUDENAFSFWQAgHyq4qpAwwIARUAAIhCcAHAAQY=&rs=AOn4CLAnRmY9rS1KC6JadX0CWMrHmRFzYA&usqp=CCk
212,cms3uS7gWV4,고양이에게도 기합은 필수야,Even cats need motivation,https://www.youtube.com/shorts/cms3uS7gWV4,https://www.youtube.com/watch?v=cms3uS7gWV4,shorts,shorts,shorts,,,,415000,기타/엔터테인먼트,https://i.ytimg.com/vi/cms3uS7gWV4/oardefault.jpg?sqp=-oaymwEdCJUDENAFSFWQAgHyq4qpAwwIARUAAIhCcAHAAQY=&rs=AOn4CLCig1aZ8fASI01mzyZ3XLBkhvqr4w&usqp=CCk
213,GwpAm50Hb4A,고양이의 보은(아님),The cat's return (or not),https://www.youtube.com/shorts/GwpAm50Hb4A,https://www.youtube.com/watch?v=GwpAm50Hb4A,shorts,shorts,shorts,,,,75000,기타/엔터테인먼트,https://i.ytimg.com/vi/GwpAm50Hb4A/oardefault.jpg?sqp=-oaymwEdCJUDENAFSFWQAgHyq4qpAwwIARUAAIhCcAHAAQY=&rs=AOn4CLAjwtCv5515DJk-H7kZBEIG2zn0cA&usqp=CCk
214,XOtXGLmuHwU,고양아 고양아 감자를 내놓으렴,"Kitten, kitten, give me the potatoes.",https://www.youtube.com/shorts/XOtXGLmuHwU,https://www.youtube.com/watch?v=XOtXGLmuHwU,shorts,shorts,shorts,,,,46000,기타/엔터테인먼트,https://i.ytimg.com/vi/XOtXGLmuHwU/oardefault.jpg?sqp=-oaymwEdCJUDENAFSFWQAgHyq4qpAwwIARUAAIhCcAHAAQY=&rs=AOn4CLDPh2q4L9XM3qishd1fZV6PiQUXhQ&usqp=CCk
215,iHHURQvMGW4,배가 불룩해져 새벽 응급실로 온 아기고양이,A kitten with a bulging stomach came to the emergency room at dawn,https://www.youtube.com/shorts/iHHURQvMGW4,https://www.youtube.com/watch?v=iHHURQvMGW4,shorts,shorts,shorts,,,,196000,관계/윤리,https://i.ytimg.com/vi/iHHURQvMGW4/oardefault.jpg?sqp=-oaymwEdCJUDENAFSFWQAgHyq4qpAwwIARUAAIhCcAHAAQY=&rs=AOn4CLCPdXoSWs4ZrowLOGAgoUAgw9TSwg&usqp=CCk
216,njt60nNVkx0,그릉~그르릉~오도방구~,Grumbling~gurbling~ odobangu~,https://www.youtube.com/shorts/njt60nNVkx0,https://www.youtube.com/watch?v=njt60nNVkx0,shorts,shorts,shorts,,,,80000,기타/엔터테인먼트,https://i.ytimg.com/vi/njt60nNVkx0/oardefault.jpg?sqp=-oaymwEdCJUDENAFSFWQAgHyq4qpAwwIARUAAIhCcAHAAQY=&rs=AOn4CLBuoq8J3NNlZWlSuX7bdAm99ZMpyg&usqp=CCk
217,1sVU5bOeqOY,목이 많이 말랐나...? 아닙니다 위험신호입니다!,"Are you really thirsty...? No, that's a warning sign!",https://www.youtube.com/shorts/1sVU5bOeqOY,https://www.youtube.com/watch?v=1sVU5bOeqOY,shorts,shorts,shorts,,,,110000,관계/윤리,https://i.ytimg.com/vi/1sVU5bOeqOY/oardefault.jpg?sqp=-oaymwEdCJUDENAFSFWQAgHyq4qpAwwIARUAAIhCcAHAAQY=&rs=AOn4CLAM6ZgdKzSZllNhLLpDedWaQtIw1A&usqp=CCk
218,tpRdXAXpkgg,고양이에게 선풍기가 필요없는 이유,Why Cats Don't Need Fans,https://www.youtube.com/shorts/tpRdXAXpkgg,https://www.youtube.com/watch?v=tpRdXAXpkgg,shorts,shorts,shorts,,,,476000,기타/엔터테인먼트,https://i.ytimg.com/vi_webp/tpRdXAXpkgg/oardefault.webp?usqp=CCk
219,23o7jVRskd0,털옷 벗어봐 너 고양이 아니지,"Take off your fur coat, you're not a cat",https://www.youtube.com/shorts/23o7jVRskd0,https://www.youtube.com/watch?v=23o7jVRskd0,shorts,shorts,shorts,,,,35000,품종/지식,https://i.ytimg.com/vi/23o7jVRskd0/oardefault.jpg?sqp=-oaymwEdCJUDENAFSFWQAgHyq4qpAwwIARUAAIhCcAHAAQY=&rs=AOn4CLAAla8vAe3c-E9bTKsDT53fJB94Sg&usqp=CCk
220,5_Yu04d9qQw,맡으세요 마음껏,Take care of it as much as you want,https://www.youtube.com/shorts/5_Yu04d9qQw,https://www.youtube.com/watch?v=5_Yu04d9qQw,shorts,shorts,shorts,,,,240000,기타/엔터테인먼트,https://i.ytimg.com/vi/5_Yu04d9qQw/oardefault.jpg?sqp=-oaymwEdCJUDENAFSFWQAgHyq4qpAwwIARUAAIhCcAHAAQY=&rs=AOn4CLAQeSvgQbryHxEarEByCmgmwl1FLA&usqp=CCk
221,jx0u4Nnr8cg,고양이를 주웠다면,If you pick up a cat,https://www.youtube.com/shorts/jx0u4Nnr8cg,https://www.youtube.com/watch?v=jx0u4Nnr8cg,shorts,shorts,shorts,,,,96000,기타/엔터테인먼트,https://i.ytimg.com/vi/jx0u4Nnr8cg/oardefault.jpg?sqp=-oaymwEdCJUDENAFSFWQAgHyq4qpAwwIARUAAIhCcAHAAQY=&rs=AOn4CLCW_wSsUcliuEhpk8wc_HXxfJVZtQ&usqp=CCk
222,vaQNg9R1y_A,씻겨줘요,Wash me,https://www.youtube.com/shorts/vaQNg9R1y_A,https://www.youtube.com/watch?v=vaQNg9R1y_A,shorts,shorts,shorts,,,,119000,기타/엔터테인먼트,https://i.ytimg.com/vi/vaQNg9R1y_A/oardefault.jpg?sqp=-oaymwEdCJUDENAFSFWQAgHyq4qpAwwIARUAAIhCcAHAAQY=&rs=AOn4CLAeeGpqVpza52eoTuEmzvAlC0BQ_A&usqp=CCk
223,u8DtQ8hhhzE,하룰라라 가기 3초 전,3 seconds before going to Harulara,https://www.youtube.com/shorts/u8DtQ8hhhzE,https://www.youtube.com/watch?v=u8DtQ8hhhzE,shorts,shorts,shorts,,,,272000,기타/엔터테인먼트,https://i.ytimg.com/vi/u8DtQ8hhhzE/oardefault.jpg?sqp=-oaymwEdCJUDENAFSFWQAgHyq4qpAwwIARUAAIhCcAHAAQY=&rs=AOn4CLBveLIFwYWweC5jQh6rDkNbNNquUQ&usqp=CCk
224,v3RR7KU5CDs,딸~~바밤바 사왔어~,Baby girl! Daddy's home with some goodies for you!,https://www.youtube.com/shorts/v3RR7KU5CDs,https://www.youtube.com/watch?v=v3RR7KU5CDs,shorts,shorts,shorts,,,,624000,기타/엔터테인먼트,https://i.ytimg.com/vi/v3RR7KU5CDs/oardefault.jpg?sqp=-oaymwEdCJUDENAFSFWQAgHyq4qpAwwIARUAAIhCcAHAAQY=&rs=AOn4CLCy_W280Bfj6Xo_c3P4mjIuOgu9bw&usqp=CCk
225,AmcBaQjlbsA,잘해줄게,I'll do it well,https://www.youtube.com/shorts/AmcBaQjlbsA,https://www.youtube.com/watch?v=AmcBaQjlbsA,shorts,shorts,shorts,,,,130000,기타/엔터테인먼트,https://i.ytimg.com/vi/AmcBaQjlbsA/oardefault.jpg?sqp=-oaymwEdCJUDENAFSFWQAgHyq4qpAwwIARUAAIhCcAHAAQY=&rs=AOn4CLBRhhOlwzSeMgNprLxOvARjJJmL0g&usqp=CCk
226,7WDde-YKloM,내가 안챙기면 우리 집사 누가 챙기냐,"If I don't take care of it, who will take care of our butler?",https://www.youtube.com/shorts/7WDde-YKloM,https://www.youtube.com/watch?v=7WDde-YKloM,shorts,shorts,shorts,,,,833000,관계/윤리,https://i.ytimg.com/vi/7WDde-YKloM/oardefault.jpg?sqp=-oaymwEdCJUDENAFSFWQAgHyq4qpAwwIARUAAIhCcAHAAQY=&rs=AOn4CLCz7nO99ewn8GoB6L2PrnE0AMMeHg&usqp=CCk
227,ynrunM2VGJ8,내 침대 뺏는 고양이,The cat that stole my bed,https://www.youtube.com/shorts/ynrunM2VGJ8,https://www.youtube.com/watch?v=ynrunM2VGJ8,shorts,shorts,shorts,,,,172000,기타/엔터테인먼트,https://i.ytimg.com/vi/ynrunM2VGJ8/oardefault.jpg?sqp=-oaymwEdCJUDENAFSFWQAgHyq4qpAwwIARUAAIhCcAHAAQY=&rs=AOn4CLAsEuS4G4E6olhc9SZrqJH_ACdYmw&usqp=CCk
228,YsnX8jjdmL4,마중냥이,Welcome cat,https://www.youtube.com/shorts/YsnX8jjdmL4,https://www.youtube.com/watch?v=YsnX8jjdmL4,shorts,shorts,shorts,,,,521000,기타/엔터테인먼트,https://i.ytimg.com/vi/YsnX8jjdmL4/oardefault.jpg?sqp=-oaymwEdCJUDENAFSFWQAgHyq4qpAwwIARUAAIhCcAHAAQY=&rs=AOn4CLAoQcFcUJgW9Wkhj8z83mTFxx2NvA&usqp=CCk
229,RrpQ4k_R0kQ,같이가는 중국의 왕큰 수의사 학회😎,같이가는 중국의 왕큰 수의사 학회😎,https://www.youtube.com/shorts/RrpQ4k_R0kQ,https://www.youtube.com/watch?v=RrpQ4k_R0kQ,shorts,shorts,shorts,,,,38000,건강/진료,https://i.ytimg.com/vi/RrpQ4k_R0kQ/oardefault.jpg?sqp=-oaymwEdCJUDENAFSFWQAgHyq4qpAwwIARUAAIhCcAHAAQY=&rs=AOn4CLDTMqBUXfkRjgMOf3pFa0S1YPHnGw&usqp=CCk
230,S8tB0ipXrzI,동물병원 방문 전 이건 꼭 하고 가세요!,"Before visiting a vet, be sure to do this!",https://www.youtube.com/shorts/S8tB0ipXrzI,https://www.youtube.com/watch?v=S8tB0ipXrzI,shorts,shorts,shorts,,,,131000,건강/진료,https://i.ytimg.com/vi/S8tB0ipXrzI/oardefault.jpg?sqp=-oaymwEdCJUDENAFSFWQAgHyq4qpAwwIARUAAIhCcAHAAQY=&rs=AOn4CLAVp-cueC0aAmEwd5fbQZ1uOmA7hQ&usqp=CCk
231,kHoP_ZsPLUk,고양이는 어릴 때 헤어진 가족을 다시 알아볼수 있을까?,Can cats recognize their families from which they were separated at a young age?,https://www.youtube.com/shorts/kHoP_ZsPLUk,https://www.youtube.com/watch?v=kHoP_ZsPLUk,shorts,shorts,shorts,,,,572000,관계/윤리,https://i.ytimg.com/vi/kHoP_ZsPLUk/oardefault.jpg?sqp=-oaymwEdCJUDENAFSFWQAgHyq4qpAwwIARUAAIhCcAHAAQY=&rs=AOn4CLDkI2MK4qRzXDVh_lvM-cnerF4B0g&usqp=CCk
232,t9FqCxaTvjE,삼륜안...!,Samryunan...!,https://www.youtube.com/shorts/t9FqCxaTvjE,https://www.youtube.com/watch?v=t9FqCxaTvjE,shorts,shorts,shorts,,,,296000,기타/엔터테인먼트,https://i.ytimg.com/vi/t9FqCxaTvjE/oardefault.jpg?sqp=-oaymwEdCJUDENAFSFWQAgHyq4qpAwwIARUAAIhCcAHAAQY=&rs=AOn4CLA3bj_sL7tSKF7Jw9b7faVd_6y2rA&usqp=CCk
233,Tzx6cc5ViTU,만져주라 나도 날 줄테니 너도 내 노예가 되주라,"Touch me and I will give you mine, so you too become my slave",https://www.youtube.com/shorts/Tzx6cc5ViTU,https://www.youtube.com/watch?v=Tzx6cc5ViTU,shorts,shorts,shorts,,,,325000,기타/엔터테인먼트,https://i.ytimg.com/vi/Tzx6cc5ViTU/oardefault.jpg?sqp=-oaymwEdCJUDENAFSFWQAgHyq4qpAwwIARUAAIhCcAHAAQY=&rs=AOn4CLAw1LmV_xcNVr6ZmkCM_SJ_M7ur2w&usqp=CCk
234,EJcXcV8XqQM,러브버그 고양이가 먹어도 될까?🪲💕😸,Can Lovebug Cats Eat It?🪲💕😸,https://www.youtube.com/shorts/EJcXcV8XqQM,https://www.youtube.com/watch?v=EJcXcV8XqQM,shorts,shorts,shorts,,,,183000,기타/엔터테인먼트,https://i.ytimg.com/vi/EJcXcV8XqQM/oardefault.jpg?sqp=-oaymwEdCJUDENAFSFWQAgHyq4qpAwwIARUAAIhCcAHAAQY=&rs=AOn4CLC3zgDf5Hnrf4hot-GEzmrL12Ktsg&usqp=CCk
235,DYY8aBV4Grk,귀 파줘요,Please open my ears,https://www.youtube.com/shorts/DYY8aBV4Grk,https://www.youtube.com/watch?v=DYY8aBV4Grk,shorts,shorts,shorts,,,,220000,행동/감정,https://i.ytimg.com/vi/DYY8aBV4Grk/oardefault.jpg?sqp=-oaymwEdCJUDENAFSFWQAgHyq4qpAwwIARUAAIhCcAHAAQY=&rs=AOn4CLB6nYxIQ3NUDY6MTKN8Sm2h-sMBuA&usqp=CCk
236,CHs1fLG5Jgo,고양이 목욕 논란 종결,Ending the cat bathing controversy,https://www.youtube.com/shorts/CHs1fLG5Jgo,https://www.youtube.com/watch?v=CHs1fLG5Jgo,shorts,shorts,shorts,,,,850000,생활/돌봄,https://i.ytimg.com/vi/CHs1fLG5Jgo/oardefault.jpg?sqp=-oaymwEdCJUDENAFSFWQAgHyq4qpAwwIARUAAIhCcAHAAQY=&rs=AOn4CLBksZhouV722Gm0XKrMuOutbbF7Iw&usqp=CCk
237,4oE869TbJO0,춘봉아 조끼 안 잠긴다 너,춘봉아 조끼 안 잠긴다 너,https://www.youtube.com/shorts/4oE869TbJO0,https://www.youtube.com/watch?v=4oE869TbJO0,shorts,shorts,shorts,,,,7800000,기타/엔터테인먼트,https://i.ytimg.com/vi/4oE869TbJO0/oardefault.jpg?sqp=-oaymwEdCJUDENAFSFWQAgHyq4qpAwwIARUAAIhCcAHAAQY=&rs=AOn4CLDkabM0TSxkN3iJgbwFgzclT9M6iw&usqp=CCk
238,7jWyKBFA4Ag,냥줍 후 이건 꼭 하세요!😼,"After picking up a cat, be sure to do this!😼",https://www.youtube.com/shorts/7jWyKBFA4Ag,https://www.youtube.com/watch?v=7jWyKBFA4Ag,shorts,shorts,shorts,,,,155000,기타/엔터테인먼트,https://i.ytimg.com/vi/7jWyKBFA4Ag/oardefault.jpg?sqp=-oaymwEdCJUDENAFSFWQAgHyq4qpAwwIARUAAIhCcAHAAQY=&rs=AOn4CLDX51z7Nikpeteq2Eq0hwFF2wg1nQ&usqp=CCk
239,YRazefUpedw,천재 고양이 만들기,Creating a Genius Cat,https://www.youtube.com/shorts/YRazefUpedw,https://www.youtube.com/watch?v=YRazefUpedw,shorts,shorts,shorts,,,,422000,기타/엔터테인먼트,https://i.ytimg.com/vi/YRazefUpedw/oardefault.jpg?sqp=-oaymwEdCJUDENAFSFWQAgHyq4qpAwwIARUAAIhCcAHAAQY=&rs=AOn4CLBD4if9RZFiLAco8GQy2ORnCjRbNQ&usqp=CCk
240,tX6MBiDZyj0,이게 늑대야 고양이야???,Is this a wolf or a cat???,https://www.youtube.com/shorts/tX6MBiDZyj0,https://www.youtube.com/watch?v=tX6MBiDZyj0,shorts,shorts,shorts,,,,79000,기타/엔터테인먼트,https://i.ytimg.com/vi/tX6MBiDZyj0/oardefault.jpg?sqp=-oaymwEdCJUDENAFSFWQAgHyq4qpAwwIARUAAIhCcAHAAQY=&rs=AOn4CLCkZlDnF0k7aBZabIaX1innxkub8A&usqp=CCk
241,TScn55sxcPw,이게 바로 널 사랑한다는 뜻이야!,This is what it means to love you!,https://www.youtube.com/shorts/TScn55sxcPw,https://www.youtube.com/watch?v=TScn55sxcPw,shorts,shorts,shorts,,,,610000,기타/엔터테인먼트,https://i.ytimg.com/vi/TScn55sxcPw/oardefault.jpg?sqp=-oaymwEdCJUDENAFSFWQAgHyq4qpAwwIARUAAIhCcAHAAQY=&rs=AOn4CLDnuUodDi-5vFFQqh2QxnM_wHfkSQ&usqp=CCk
242,pQ8MC9SFTdQ,고양이가 앉아서 자는 이유,고양이가 앉아서 자는 이유,https://www.youtube.com/shorts/pQ8MC9SFTdQ,https://www.youtube.com/watch?v=pQ8MC9SFTdQ,shorts,shorts,shorts,,,,76000,기타/엔터테인먼트,https://i.ytimg.com/vi/pQ8MC9SFTdQ/oardefault.jpg?sqp=-oaymwEdCJUDENAFSFWQAgHyq4qpAwwIARUAAIhCcAHAAQY=&rs=AOn4CLB8TdjIl159x-rvkgl7kL9aX4pzbA&usqp=CCk
243,TcuiZ3meHaw,"칼군무 쩌럿다,,,","칼군무 쩌럿다,,,",https://www.youtube.com/shorts/TcuiZ3meHaw,https://www.youtube.com/watch?v=TcuiZ3meHaw,shorts,shorts,shorts,,,,82000,기타/엔터테인먼트,https://i.ytimg.com/vi/TcuiZ3meHaw/oardefault.jpg?sqp=-oaymwEdCJUDENAFSFWQAgHyq4qpAwwIARUAAIhCcAHAAQY=&rs=AOn4CLA_WzOLAdVGaqPIU2k56T8SaDQHXw&usqp=CCk
244,Yamb7gLMXLI,여행 전 이건 챙기세요!,여행 전 이건 챙기세요!,https://www.youtube.com/shorts/Yamb7gLMXLI,https://www.youtube.com/watch?v=Yamb7gLMXLI,shorts,shorts,shorts,,,,118000,기타/엔터테인먼트,https://i.ytimg.com/vi/Yamb7gLMXLI/oardefault.jpg?sqp=-oaymwEdCJUDENAFSFWQAgHyq4qpAwwIARUAAIhCcAHAAQY=&rs=AOn4CLD5QwRdNxXNIbJ3JhEIl_8adl5eZA&usqp=CCk
245,GycG-_eMqnI,고양이싸움에 집사 등터짐,고양이싸움에 집사 등터짐,https://www.youtube.com/shorts/GycG-_eMqnI,https://www.youtube.com/watch?v=GycG-_eMqnI,shorts,shorts,shorts,,,,86000,행동/감정;관계/윤리,https://i.ytimg.com/vi/GycG-_eMqnI/oardefault.jpg?sqp=-oaymwEdCJUDENAFSFWQAgHyq4qpAwwIARUAAIhCcAHAAQY=&rs=AOn4CLBbqbR6MX1mA-dY-Xq2KP3i3ppOqw&usqp=CCk
246,UAXf0ES9m_g,냥피드에게 맡겨주세용💘,Leave it to Nyangfeed💘,https://www.youtube.com/shorts/UAXf0ES9m_g,https://www.youtube.com/watch?v=UAXf0ES9m_g,shorts,shorts,shorts,,,,65000,기타/엔터테인먼트,https://i.ytimg.com/vi/UAXf0ES9m_g/oardefault.jpg?sqp=-oaymwEdCJUDENAFSFWQAgHyq4qpAwwIARUAAIhCcAHAAQY=&rs=AOn4CLBNBhnZ1MGfcLbyJQhikiQBxYrcEw&usqp=CCk
247,MjDfaCoJOwc,여름! 너무! 더워! 에어컨을! 틀...기 전에,Summer! It's so hot! Turn on the air conditioner! Before...,https://www.youtube.com/shorts/MjDfaCoJOwc,https://www.youtube.com/watch?v=MjDfaCoJOwc,shorts,shorts,shorts,,,,778000,기타/엔터테인먼트,https://i.ytimg.com/vi/MjDfaCoJOwc/oardefault.jpg?sqp=-oaymwEdCJUDENAFSFWQAgHyq4qpAwwIARUAAIhCcAHAAQY=&rs=AOn4CLAP30zW3mPJLm93pffnsD3uLSynVg&usqp=CCk
248,5BFVtjf9tAs,아저씨 하악질 잘하지..?,아저씨 하악질 잘하지..?,https://www.youtube.com/shorts/5BFVtjf9tAs,https://www.youtube.com/watch?v=5BFVtjf9tAs,shorts,shorts,shorts,,,,37000,행동/감정,https://i.ytimg.com/vi/5BFVtjf9tAs/oardefault.jpg?sqp=-oaymwEdCJUDENAFSFWQAgHyq4qpAwwIARUAAIhCcAHAAQY=&rs=AOn4CLBiPOfRWmSyyWFiXSA0YR5ggHBuGw&usqp=CCk
249,em3l8Eyngtw,나 여름타....겨울도 타...,I ride summer... I ride winter too...,https://www.youtube.com/shorts/em3l8Eyngtw,https://www.youtube.com/watch?v=em3l8Eyngtw,shorts,shorts,shorts,,,,228000,기타/엔터테인먼트,https://i.ytimg.com/vi/em3l8Eyngtw/oardefault.jpg?sqp=-oaymwEdCJUDENAFSFWQAgHyq4qpAwwIARUAAIhCcAHAAQY=&rs=AOn4CLBjzsjFut4FLZ4NELnioD80Y8m9eg&usqp=CCk
250,DARvMeLVX2g,사춘긴가...,Is it puberty...?,https://www.youtube.com/shorts/DARvMeLVX2g,https://www.youtube.com/watch?v=DARvMeLVX2g,shorts,shorts,shorts,,,,102000,기타/엔터테인먼트,https://i.ytimg.com/vi/DARvMeLVX2g/oardefault.jpg?sqp=-oaymwEdCJUDENAFSFWQAgHyq4qpAwwIARUAAIhCcAHAAQY=&rs=AOn4CLBf4c-pzT_wiGCGHZL_Sra4I7c8bQ&usqp=CCk
251,F0kcQ7luSTk,세상에 이렇게 네모난 고양이가,There is such a square cat in the world,https://www.youtube.com/shorts/F0kcQ7luSTk,https://www.youtube.com/watch?v=F0kcQ7luSTk,shorts,shorts,shorts,,,,323000,기타/엔터테인먼트,https://i.ytimg.com/vi/F0kcQ7luSTk/oardefault.jpg?sqp=-oaymwEdCJUDENAFSFWQAgHyq4qpAwwIARUAAIhCcAHAAQY=&rs=AOn4CLCrzftAOOxLQLkswlmwxpMmtmFhpw&usqp=CCk
252,bFln0e5MCdQ,고양이랑 밀당하는 법,How to flirt with a cat,https://www.youtube.com/shorts/bFln0e5MCdQ,https://www.youtube.com/watch?v=bFln0e5MCdQ,shorts,shorts,shorts,,,,5800000,기타/엔터테인먼트,https://i.ytimg.com/vi/bFln0e5MCdQ/oardefault.jpg?sqp=-oaymwEdCJUDENAFSFWQAgHyq4qpAwwIARUAAIhCcAHAAQY=&rs=AOn4CLCW6TJZpy0MssvL5owAAY3LfQS-XA&usqp=CCk
253,e9PWrPgFuew,좀비 담당 일진,Zombie In-Charge Iljin,https://www.youtube.com/shorts/e9PWrPgFuew,https://www.youtube.com/watch?v=e9PWrPgFuew,shorts,shorts,shorts,,,,52000,기타/엔터테인먼트,https://i.ytimg.com/vi/e9PWrPgFuew/oardefault.jpg?sqp=-oaymwEdCJUDENAFSFWQAgHyq4qpAwwIARUAAIhCcAHAAQY=&rs=AOn4CLCEBuSuM6fn2zpIE1JIB_dHZV3Wug&usqp=CCk
254,1hqc5ysZW_Q,귀여우면 다야? 귀여우면 다냐고!!!!,Is cute enough? Is cute enough?,https://www.youtube.com/shorts/1hqc5ysZW_Q,https://www.youtube.com/watch?v=1hqc5ysZW_Q,shorts,shorts,shorts,,,,254000,행동/감정,https://i.ytimg.com/vi/1hqc5ysZW_Q/oardefault.jpg?sqp=-oaymwEdCJUDENAFSFWQAgHyq4qpAwwIARUAAIhCcAHAAQY=&rs=AOn4CLCKzlsFHlvKZbnE8S4BMyjH_sHMOw&usqp=CCk
255,kdWjA0B__RI,네모네모 고먐미,Square square gomyami,https://www.youtube.com/shorts/kdWjA0B__RI,https://www.youtube.com/watch?v=kdWjA0B__RI,shorts,shorts,shorts,,,,136000,기타/엔터테인먼트,https://i.ytimg.com/vi/kdWjA0B__RI/oardefault.jpg?sqp=-oaymwEdCJUDENAFSFWQAgHyq4qpAwwIARUAAIhCcAHAAQY=&rs=AOn4CLBh5OX2fE7SmCqvnuNPm_-eJzYJ0A&usqp=CCk
256,QAcFLim1auQ,이럴거면 고양이 키우지 마세요,"If this is how it's going to be, don't raise a cat.",https://www.youtube.com/shorts/QAcFLim1auQ,https://www.youtube.com/watch?v=QAcFLim1auQ,shorts,shorts,shorts,,,,1100000,기타/엔터테인먼트,https://i.ytimg.com/vi/QAcFLim1auQ/oardefault.jpg?sqp=-oaymwEdCJUDENAFSFWQAgHyq4qpAwwIARUAAIhCcAHAAQY=&rs=AOn4CLDhrsEyJfNe1U8ftYKt_yW2X0CyQA&usqp=CCk
257,a4RTL-4AmqA,치즈냥 특,Cheese Cat Special,https://www.youtube.com/shorts/a4RTL-4AmqA,https://www.youtube.com/watch?v=a4RTL-4AmqA,shorts,shorts,shorts,,,,138000,기타/엔터테인먼트,https://i.ytimg.com/vi/a4RTL-4AmqA/oardefault.jpg?sqp=-oaymwEdCJUDENAFSFWQAgHyq4qpAwwIARUAAIhCcAHAAQY=&rs=AOn4CLAH3ctmV8QBjfiI_qeMXNaic_KY2Q&usqp=CCk
258,4pJ7AeWrWhg,???: 버릴게,???: I'll throw it away,https://www.youtube.com/shorts/4pJ7AeWrWhg,https://www.youtube.com/watch?v=4pJ7AeWrWhg,shorts,shorts,shorts,,,,1000000,기타/엔터테인먼트,https://i.ytimg.com/vi/4pJ7AeWrWhg/oardefault.jpg?sqp=-oaymwEdCJUDENAFSFWQAgHyq4qpAwwIARUAAIhCcAHAAQY=&rs=AOn4CLDasj_bLQ3axzBzLMmE8HAVdEFjFA&usqp=CCk
259,1YsVDG3Ln9A,이런 보호자도 있더군요..,There are also guardians like this...,https://www.youtube.com/shorts/1YsVDG3Ln9A,https://www.youtube.com/watch?v=1YsVDG3Ln9A,shorts,shorts,shorts,,,,215000,관계/윤리,https://i.ytimg.com/vi/1YsVDG3Ln9A/oardefault.jpg?sqp=-oaymwEdCJUDENAFSFWQAgHyq4qpAwwIARUAAIhCcAHAAQY=&rs=AOn4CLCZXTido0i8Q2rcez74k_OVa4_Idw&usqp=CCk
260,EJOV_6Pq0dg,고양이 같은 마인드셋이 필요한 이유,Why You Need a Cat-Like Mindset,https://www.youtube.com/shorts/EJOV_6Pq0dg,https://www.youtube.com/watch?v=EJOV_6Pq0dg,shorts,shorts,shorts,,,,73000,기타/엔터테인먼트,https://i.ytimg.com/vi/EJOV_6Pq0dg/oardefault.jpg?sqp=-oaymwEdCJUDENAFSFWQAgHyq4qpAwwIARUAAIhCcAHAAQY=&rs=AOn4CLAx-3tbehXESNYJJWjnKP2yQnzyzg&usqp=CCk
261,qDpBpaVul5g,뚱냥인거 같다? 들어와라,Looks like a fat cat? Come in.,https://www.youtube.com/shorts/qDpBpaVul5g,https://www.youtube.com/watch?v=qDpBpaVul5g,shorts,shorts,shorts,,,,111000,기타/엔터테인먼트,https://i.ytimg.com/vi/qDpBpaVul5g/oardefault.jpg?sqp=-oaymwEdCJUDENAFSFWQAgHyq4qpAwwIARUAAIhCcAHAAQY=&rs=AOn4CLDK1OzAmB3WdkdUO-ldVNYB_rKESg&usqp=CCk
262,ERtITH7Vyws,너무 쉬웡💊,It's so easy💊,https://www.youtube.com/shorts/ERtITH7Vyws,https://www.youtube.com/watch?v=ERtITH7Vyws,shorts,shorts,shorts,,,,57000,기타/엔터테인먼트,https://i.ytimg.com/vi/ERtITH7Vyws/oardefault.jpg?sqp=-oaymwEdCJUDENAFSFWQAgHyq4qpAwwIARUAAIhCcAHAAQY=&rs=AOn4CLCfK3qItxRNEIr2IuEJc01WcgVIsQ&usqp=CCk
263,QET1qEQxfQo,행복했다.. . ..,I was happy...,https://www.youtube.com/shorts/QET1qEQxfQo,https://www.youtube.com/watch?v=QET1qEQxfQo,shorts,shorts,shorts,,,,334000,기타/엔터테인먼트,https://i.ytimg.com/vi/QET1qEQxfQo/oardefault.jpg?sqp=-oaymwEdCJUDENAFSFWQAgHyq4qpAwwIARUAAIhCcAHAAQY=&rs=AOn4CLD1v6_lK9XK3j4TigWGjxvIRXERLQ&usqp=CCk
264,Kd-qqP32xf4,그알에 고양이가 많이 나오는 이유,Why there are so many cats in that egg,https://www.youtube.com/shorts/Kd-qqP32xf4,https://www.youtube.com/watch?v=Kd-qqP32xf4,shorts,shorts,shorts,,,,217000,기타/엔터테인먼트,https://i.ytimg.com/vi/Kd-qqP32xf4/oardefault.jpg?sqp=-oaymwEdCJUDENAFSFWQAgHyq4qpAwwIARUAAIhCcAHAAQY=&rs=AOn4CLBsjxSTPOYWWc7aPRJCXJzmBl0SKA&usqp=CCk
265,dVuHiRpm1Cw,하핫 귀여워! (머리 헝크러트림),하핫 귀여워! (머리 헝크러트림),https://www.youtube.com/shorts/dVuHiRpm1Cw,https://www.youtube.com/watch?v=dVuHiRpm1Cw,shorts,shorts,shorts,,,,833000,행동/감정,https://i.ytimg.com/vi/dVuHiRpm1Cw/oardefault.jpg?sqp=-oaymwEdCJUDENAFSFWQAgHyq4qpAwwIARUAAIhCcAHAAQY=&rs=AOn4CLBouf_-HIO4JsHceQ0x_jh8LhZFqQ&usqp=CCk
266,7TLOWxhdMKU,이거이거 뺑소니에요!,This is a hit and run!,https://www.youtube.com/shorts/7TLOWxhdMKU,https://www.youtube.com/watch?v=7TLOWxhdMKU,shorts,shorts,shorts,,,,391000,기타/엔터테인먼트,https://i.ytimg.com/vi/7TLOWxhdMKU/oardefault.jpg?sqp=-oaymwEdCJUDENAFSFWQAgHyq4qpAwwIARUAAIhCcAHAAQY=&rs=AOn4CLD1PDkxoIujTL__1LM0RWkAdAvDaA&usqp=CCk
267,9X5l6nx0XIM,도파민 터지는 고양이판 나솔,도파민 터지는 고양이판 나솔,https://www.youtube.com/shorts/9X5l6nx0XIM,https://www.youtube.com/watch?v=9X5l6nx0XIM,shorts,shorts,shorts,,,,63000,기타/엔터테인먼트,https://i.ytimg.com/vi/9X5l6nx0XIM/oardefault.jpg?sqp=-oaymwEdCJUDENAFSFWQAgHyq4qpAwwIARUAAIhCcAHAAQY=&rs=AOn4CLA_8pxDk-ndrq5-CppIwGAPfGymEw&usqp=CCk
268,eCsWvIAHdxo,초면인 고양이가 나보고 따라오라고 한다,초면인 고양이가 나보고 따라오라고 한다,https://www.youtube.com/shorts/eCsWvIAHdxo,https://www.youtube.com/watch?v=eCsWvIAHdxo,shorts,shorts,shorts,,,,195000,기타/엔터테인먼트,https://i.ytimg.com/vi/eCsWvIAHdxo/oardefault.jpg?sqp=-oaymwEdCJUDENAFSFWQAgHyq4qpAwwIARUAAIhCcAHAAQY=&rs=AOn4CLD7j8nICl1C55E34Cdrv5-7IEVHkA&usqp=CCk
269,J9dpupPgjmQ,장인어른에게 사랑받는 법,How to be loved by your father-in-law,https://www.youtube.com/shorts/J9dpupPgjmQ,https://www.youtube.com/watch?v=J9dpupPgjmQ,shorts,shorts,shorts,,,,74000,기타/엔터테인먼트,https://i.ytimg.com/vi/J9dpupPgjmQ/oardefault.jpg?sqp=-oaymwEdCJUDENAFSFWQAgHyq4qpAwwIARUAAIhCcAHAAQY=&rs=AOn4CLAlrYtjjxE_2P_dOEuyxJEtpu847Q&usqp=CCk
270,1QfeER38yMo,스쳐간 고양이를 그리워할까?,Will I miss the cat that passed by?,https://www.youtube.com/shorts/1QfeER38yMo,https://www.youtube.com/watch?v=1QfeER38yMo,shorts,shorts,shorts,,,,203000,기타/엔터테인먼트,https://i.ytimg.com/vi/1QfeER38yMo/oardefault.jpg?sqp=-oaymwEdCJUDENAFSFWQAgHyq4qpAwwIARUAAIhCcAHAAQY=&rs=AOn4CLDpjCJyogUy3Hm7O7UzjRo7KN3b4g&usqp=CCk
271,pIzVRriG3z0,훈련이라고요? 고양이를 위한거라고요?,훈련이라고요? 고양이를 위한거라고요?,https://www.youtube.com/shorts/pIzVRriG3z0,https://www.youtube.com/watch?v=pIzVRriG3z0,shorts,shorts,shorts,,,,126000,기타/엔터테인먼트,https://i.ytimg.com/vi/pIzVRriG3z0/oardefault.jpg?sqp=-oaymwEdCJUDENAFSFWQAgHyq4qpAwwIARUAAIhCcAHAAQY=&rs=AOn4CLBb3p0XKslTMLn1lJ7BqQ2klYnK-w&usqp=CCk
272,uJ5Bm-W-Fjo,오래오래 살아야한다~,오래오래 살아야한다~,https://www.youtube.com/shorts/uJ5Bm-W-Fjo,https://www.youtube.com/watch?v=uJ5Bm-W-Fjo,shorts,shorts,shorts,,,,178000,기타/엔터테인먼트,https://i.ytimg.com/vi/uJ5Bm-W-Fjo/oardefault.jpg?sqp=-oaymwEdCJUDENAFSFWQAgHyq4qpAwwIARUAAIhCcAHAAQY=&rs=AOn4CLCM3GL5vYKHtTCQOYp96a7LdLq5hw&usqp=CCk
273,QoO1Jc-LlGU,왜이래 우리 좋았잖아,Why are you like this? We had a good time.,https://www.youtube.com/shorts/QoO1Jc-LlGU,https://www.youtube.com/watch?v=QoO1Jc-LlGU,shorts,shorts,shorts,,,,824000,기타/엔터테인먼트,https://i.ytimg.com/vi/QoO1Jc-LlGU/oardefault.jpg?sqp=-oaymwEdCJUDENAFSFWQAgHyq4qpAwwIARUAAIhCcAHAAQY=&rs=AOn4CLAY-PEL0qL9Gn8Eg1SjeHVSbAe_Yw&usqp=CCk
274,WBszD25cATg,아들 중성화 한다고 명품쇼핑백 챙겨온 아버지,A father who brought luxury shopping bags to get his son neutered.,https://www.youtube.com/shorts/WBszD25cATg,https://www.youtube.com/watch?v=WBszD25cATg,shorts,shorts,shorts,,,,44000,건강/진료,https://i.ytimg.com/vi/WBszD25cATg/oardefault.jpg?sqp=-oaymwEdCJUDENAFSFWQAgHyq4qpAwwIARUAAIhCcAHAAQY=&rs=AOn4CLDU11jk64e1Q1S7iDGKtShBw6LjIQ&usqp=CCk
275,_27B8wkQtCs,cat walk,cat walk,https://www.youtube.com/shorts/_27B8wkQtCs,https://www.youtube.com/watch?v=_27B8wkQtCs,shorts,shorts,shorts,,,,232000,기타/엔터테인먼트,https://i.ytimg.com/vi/_27B8wkQtCs/oardefault.jpg?sqp=-oaymwEdCJUDENAFSFWQAgHyq4qpAwwIARUAAIhCcAHAAQY=&rs=AOn4CLDUuwoTiJejkBkynsl4BpmrVAABiQ&usqp=CCk
276,S2ZlzlV7i9w,냥관식,Cat food,https://www.youtube.com/shorts/S2ZlzlV7i9w,https://www.youtube.com/watch?v=S2ZlzlV7i9w,shorts,shorts,shorts,,,,352000,기타/엔터테인먼트,https://i.ytimg.com/vi/S2ZlzlV7i9w/oardefault.jpg?sqp=-oaymwEdCJUDENAFSFWQAgHyq4qpAwwIARUAAIhCcAHAAQY=&rs=AOn4CLCqhTkAI-c9iRjGS3OI1h13tZuzGQ&usqp=CCk
277,UdOrQmdaUnE,고양이가 쩝쩝거린다,The cat is meowing,https://www.youtube.com/shorts/UdOrQmdaUnE,https://www.youtube.com/watch?v=UdOrQmdaUnE,shorts,shorts,shorts,,,,59000,기타/엔터테인먼트,https://i.ytimg.com/vi/UdOrQmdaUnE/oardefault.jpg?sqp=-oaymwEdCJUDENAFSFWQAgHyq4qpAwwIARUAAIhCcAHAAQY=&rs=AOn4CLA5KVWY95q7QpLXw2YkoO4ur-31LQ&usqp=CCk
278,tvgVgsL-jOs,잠시 검문좀 하겠습니다 저는 '수의사'니까요,잠시 검문좀 하겠습니다 저는 '수의사'니까요,https://www.youtube.com/shorts/tvgVgsL-jOs,https://www.youtube.com/watch?v=tvgVgsL-jOs,shorts,shorts,shorts,,,,55000,건강/진료,https://i.ytimg.com/vi/tvgVgsL-jOs/oardefault.jpg?sqp=-oaymwEdCJUDENAFSFWQAgHyq4qpAwwIARUAAIhCcAHAAQY=&rs=AOn4CLD9Ot22enk2SdciIBrSSg_nTXd51Q&usqp=CCk
279,Jkip7eaF-c0,니가 뛰어,니가 뛰어,https://www.youtube.com/shorts/Jkip7eaF-c0,https://www.youtube.com/watch?v=Jkip7eaF-c0,shorts,shorts,shorts,,,,172000,기타/엔터테인먼트,https://i.ytimg.com/vi/Jkip7eaF-c0/oardefault.jpg?sqp=-oaymwEdCJUDENAFSFWQAgHyq4qpAwwIARUAAIhCcAHAAQY=&rs=AOn4CLA0MbLZr-HG4tuOjBg0jGdRNNUl8w&usqp=CCk
280,Er8cnlEfD6s,자다가 움찔!,I woke up with a start!,https://www.youtube.com/shorts/Er8cnlEfD6s,https://www.youtube.com/watch?v=Er8cnlEfD6s,shorts,shorts,shorts,,,,271000,기타/엔터테인먼트,https://i.ytimg.com/vi/Er8cnlEfD6s/oardefault.jpg?sqp=-oaymwEdCJUDENAFSFWQAgHyq4qpAwwIARUAAIhCcAHAAQY=&rs=AOn4CLA8j9gE_5RTxUaHhm-auFAxMSfmfA&usqp=CCk
281,-7gt9LugblM,지피티말 믿어요? 네 저는 믿어요,지피티말 믿어요? 네 저는 믿어요,https://www.youtube.com/shorts/-7gt9LugblM,https://www.youtube.com/watch?v=-7gt9LugblM,shorts,shorts,shorts,,,,38000,기타/엔터테인먼트,https://i.ytimg.com/vi/-7gt9LugblM/oardefault.jpg?sqp=-oaymwEdCJUDENAFSFWQAgHyq4qpAwwIARUAAIhCcAHAAQY=&rs=AOn4CLD4_9dx-w2kL48nRdfD0u-yS7zR-g&usqp=CCk
282,Mv2GyA7rpnk,둘이 같은 고양이라고요?,둘이 같은 고양이라고요?,https://www.youtube.com/shorts/Mv2GyA7rpnk,https://www.youtube.com/watch?v=Mv2GyA7rpnk,shorts,shorts,shorts,,,,89000,기타/엔터테인먼트,https://i.ytimg.com/vi/Mv2GyA7rpnk/oardefault.jpg?sqp=-oaymwEdCJUDENAFSFWQAgHyq4qpAwwIARUAAIhCcAHAAQY=&rs=AOn4CLDmZ-5KzJz63HpJAxXZdE7alVIuMQ&usqp=CCk
283,qkZYSsFEASo,(그-윽)(느-끼),(그-윽)(느-끼),https://www.youtube.com/shorts/qkZYSsFEASo,https://www.youtube.com/watch?v=qkZYSsFEASo,shorts,shorts,shorts,,,,293000,기타/엔터테인먼트,https://i.ytimg.com/vi/qkZYSsFEASo/oardefault.jpg?sqp=-oaymwEdCJUDENAFSFWQAgHyq4qpAwwIARUAAIhCcAHAAQY=&rs=AOn4CLC_IWDMpA99H7uGiMxBwx1rIp0Dew&usqp=CCk
284,F9a-hwuDxRc,너 내 동료가 되라!,너 내 동료가 되라!,https://www.youtube.com/shorts/F9a-hwuDxRc,https://www.youtube.com/watch?v=F9a-hwuDxRc,shorts,shorts,shorts,,,,157000,기타/엔터테인먼트,https://i.ytimg.com/vi/F9a-hwuDxRc/oardefault.jpg?sqp=-oaymwEdCJUDENAFSFWQAgHyq4qpAwwIARUAAIhCcAHAAQY=&rs=AOn4CLBGABPiXjq_VTpjOdktLwXbk2izEQ&usqp=CCk
285,RquM_2t8kTI,이걸 속네,이걸 속네,https://www.youtube.com/shorts/RquM_2t8kTI,https://www.youtube.com/watch?v=RquM_2t8kTI,shorts,shorts,shorts,,,,98000,기타/엔터테인먼트,https://i.ytimg.com/vi/RquM_2t8kTI/oardefault.jpg?sqp=-oaymwEdCJUDENAFSFWQAgHyq4qpAwwIARUAAIhCcAHAAQY=&rs=AOn4CLB9otC--9pqrFYtVlYhToTVUpd8sQ&usqp=CCk
286,26r6fe1CznM,세상에 이런 고양이가,세상에 이런 고양이가,https://www.youtube.com/shorts/26r6fe1CznM,https://www.youtube.com/watch?v=26r6fe1CznM,shorts,shorts,shorts,,,,234000,기타/엔터테인먼트,https://i.ytimg.com/vi/26r6fe1CznM/oardefault.jpg?sqp=-oaymwEdCJUDENAFSFWQAgHyq4qpAwwIARUAAIhCcAHAAQY=&rs=AOn4CLCHQm-z4K9l-FarKQRUgftDmk0zDQ&usqp=CCk
287,DhCyleF0Kyc,싸울까 말까 싸울까 말까,Should I fight or not? Should I fight or not?,https://www.youtube.com/shorts/DhCyleF0Kyc,https://www.youtube.com/watch?v=DhCyleF0Kyc,shorts,shorts,shorts,,,,306000,기타/엔터테인먼트,https://i.ytimg.com/vi/DhCyleF0Kyc/oardefault.jpg?sqp=-oaymwEdCJUDENAFSFWQAgHyq4qpAwwIARUAAIhCcAHAAQY=&rs=AOn4CLBgDQ49r6o1gd-jTsg0bxvVqECF6Q&usqp=CCk
288,j9JK0HXsvoE,궁디팡팡의 오해,Gungdi Pangpang's misunderstanding,https://www.youtube.com/shorts/j9JK0HXsvoE,https://www.youtube.com/watch?v=j9JK0HXsvoE,shorts,shorts,shorts,,,,170000,기타/엔터테인먼트,https://i.ytimg.com/vi/j9JK0HXsvoE/oardefault.jpg?sqp=-oaymwEdCJUDENAFSFWQAgHyq4qpAwwIARUAAIhCcAHAAQY=&rs=AOn4CLCnNEAOpDfrg2CofTVncf0yooQAIw&usqp=CCk
289,btH3G_Lkmpg,왕관의 무게,왕관의 무게,https://www.youtube.com/shorts/btH3G_Lkmpg,https://www.youtube.com/watch?v=btH3G_Lkmpg,shorts,shorts,shorts,,,,120000,기타/엔터테인먼트,https://i.ytimg.com/vi/btH3G_Lkmpg/oardefault.jpg?sqp=-oaymwEdCJUDENAFSFWQAgHyq4qpAwwIARUAAIhCcAHAAQY=&rs=AOn4CLArTeSUoi8IyFN702FqORfZl5UlKA&usqp=CCk
290,xX6MB-qWn34,하루아침에 고양이가...,"One day, a cat...",https://www.youtube.com/shorts/xX6MB-qWn34,https://www.youtube.com/watch?v=xX6MB-qWn34,shorts,shorts,shorts,,,,138000,기타/엔터테인먼트,https://i.ytimg.com/vi/xX6MB-qWn34/oardefault.jpg?sqp=-oaymwEdCJUDENAFSFWQAgHyq4qpAwwIARUAAIhCcAHAAQY=&rs=AOn4CLCHuS3jpCxvGufLmDmQqQ9-cyJbEQ&usqp=CCk
291,c1INKMDkNNM,고양이도 연애하려면 어쩔수 없구나,Even cats can't help but fall in love.,https://www.youtube.com/shorts/c1INKMDkNNM,https://www.youtube.com/watch?v=c1INKMDkNNM,shorts,shorts,shorts,,,,123000,기타/엔터테인먼트,https://i.ytimg.com/vi/c1INKMDkNNM/oardefault.jpg?sqp=-oaymwEdCJUDENAFSFWQAgHyq4qpAwwIARUAAIhCcAHAAQY=&rs=AOn4CLAbkvizlXDy8nZjzgWPvWbQpRbT1A&usqp=CCk
292,Y3qMWpf7rZI,집사야 눈치챙기자,"Butler, be careful",https://www.youtube.com/shorts/Y3qMWpf7rZI,https://www.youtube.com/watch?v=Y3qMWpf7rZI,shorts,shorts,shorts,,,,2200000,행동/감정;관계/윤리,https://i.ytimg.com/vi/Y3qMWpf7rZI/oardefault.jpg?sqp=-oaymwEdCJUDENAFSFWQAgHyq4qpAwwIARUAAIhCcAHAAQY=&rs=AOn4CLAfVkYQCcUh9vMDvioBoO4SGu4pPQ&usqp=CCk
293,LAlZ4AAya5U,오래오래 사는 고양이,오래오래 사는 고양이,https://www.youtube.com/shorts/LAlZ4AAya5U,https://www.youtube.com/watch?v=LAlZ4AAya5U,shorts,shorts,shorts,,,,236000,기타/엔터테인먼트,https://i.ytimg.com/vi/LAlZ4AAya5U/oardefault.jpg?sqp=-oaymwEdCJUDENAFSFWQAgHyq4qpAwwIARUAAIhCcAHAAQY=&rs=AOn4CLAHh69SZZXG7JEP-JyWKvJJBoEAkw&usqp=CCk
294,ceHPq_zs9vI,밥먹다 말고 머리는 왜 털어?,밥먹다 말고 머리는 왜 털어?,https://www.youtube.com/shorts/ceHPq_zs9vI,https://www.youtube.com/watch?v=ceHPq_zs9vI,shorts,shorts,shorts,,,,83000,생활/돌봄;품종/지식,https://i.ytimg.com/vi/ceHPq_zs9vI/oardefault.jpg?sqp=-oaymwEdCJUDENAFSFWQAgHyq4qpAwwIARUAAIhCcAHAAQY=&rs=AOn4CLDqJwbjy3vcbMo5xWcUHxEFtcwnxA&usqp=CCk
295,CnW_YvidpQQ,[근황올림픽] 생강 사오지 마세요!!! 그 고양이,[Recent Updates] Don't Buy Ginger!!! That Cat,https://www.youtube.com/shorts/CnW_YvidpQQ,https://www.youtube.com/watch?v=CnW_YvidpQQ,shorts,shorts,shorts,,,,375000,기타/엔터테인먼트,https://i.ytimg.com/vi/CnW_YvidpQQ/oardefault.jpg?sqp=-oaymwEdCJUDENAFSFWQAgHyq4qpAwwIARUAAIhCcAHAAQY=&rs=AOn4CLAkWis62bBx7iITGfYnFG2aaIV4cw&usqp=CCk
296,OUN7zj89UwE,고양이가 제 말에 대답했어요,고양이가 제 말에 대답했어요,https://www.youtube.com/shorts/OUN7zj89UwE,https://www.youtube.com/watch?v=OUN7zj89UwE,shorts,shorts,shorts,,,,311000,기타/엔터테인먼트,https://i.ytimg.com/vi/OUN7zj89UwE/oardefault.jpg?sqp=-oaymwEdCJUDENAFSFWQAgHyq4qpAwwIARUAAIhCcAHAAQY=&rs=AOn4CLCDNrFrNyMNuq6J_8Kt7hRNdi2i2A&usqp=CCk
297,pKZJ8bKe3XI,아들놈을 쥐어박은 이유,The reason I beat my son,https://www.youtube.com/shorts/pKZJ8bKe3XI,https://www.youtube.com/watch?v=pKZJ8bKe3XI,shorts,shorts,shorts,,,,137000,기타/엔터테인먼트,https://i.ytimg.com/vi/pKZJ8bKe3XI/oardefault.jpg?sqp=-oaymwEdCJUDENAFSFWQAgHyq4qpAwwIARUAAIhCcAHAAQY=&rs=AOn4CLA0hU261rVYLPp1rnslwsFMwFVa6A&usqp=CCk
298,eHIum8IGCbE,손만 싫어하는 고양이의 진심,The true feelings of a cat who hates only hands,https://www.youtube.com/shorts/eHIum8IGCbE,https://www.youtube.com/watch?v=eHIum8IGCbE,shorts,shorts,shorts,,,,89000,기타/엔터테인먼트,https://i.ytimg.com/vi/eHIum8IGCbE/oardefault.jpg?sqp=-oaymwEdCJUDENAFSFWQAgHyq4qpAwwIARUAAIhCcAHAAQY=&rs=AOn4CLDcVPL-xQkxL8hA6xzj0E5-rYqdKQ&usqp=CCk
299,XPexsErNzBs,첫!만남은 너무 어려워,First! Meeting is so hard,https://www.youtube.com/shorts/XPexsErNzBs,https://www.youtube.com/watch?v=XPexsErNzBs,shorts,shorts,shorts,,,,1300000,기타/엔터테인먼트,https://i.ytimg.com/vi/XPexsErNzBs/oardefault.jpg?sqp=-oaymwEdCJUDENAFSFWQAgHyq4qpAwwIARUAAIhCcAHAAQY=&rs=AOn4CLBIcU6KsvBBjTmuD8yPoTIUoIMG1g&usqp=CCk
300,g1qFnobBOLQ,탈모 온 고양이,A cat with bald spots,https://www.youtube.com/shorts/g1qFnobBOLQ,https://www.youtube.com/watch?v=g1qFnobBOLQ,shorts,shorts,shorts,,,,268000,기타/엔터테인먼트,https://i.ytimg.com/vi/g1qFnobBOLQ/oardefault.jpg?sqp=-oaymwEdCJUDENAFSFWQAgHyq4qpAwwIARUAAIhCcAHAAQY=&rs=AOn4CLBjFLZNVSUM4KG_YYa7dElQ7ov-rA&usqp=CCk
301,uapsc6p6lQE,고양아 화풀어,"Cat, vent your anger",https://www.youtube.com/shorts/uapsc6p6lQE,https://www.youtube.com/watch?v=uapsc6p6lQE,shorts,shorts,shorts,,,,144000,기타/엔터테인먼트,https://i.ytimg.com/vi/uapsc6p6lQE/oardefault.jpg?sqp=-oaymwEdCJUDENAFSFWQAgHyq4qpAwwIARUAAIhCcAHAAQY=&rs=AOn4CLC_jVWJh9groFgwv4-9LAK_zy1OcQ&usqp=CCk
302,Nw6H8ZZG3KI,중꺾마 고양이,Medium-length cat,https://www.youtube.com/shorts/Nw6H8ZZG3KI,https://www.youtube.com/watch?v=Nw6H8ZZG3KI,shorts,shorts,shorts,,,,194000,기타/엔터테인먼트,https://i.ytimg.com/vi/Nw6H8ZZG3KI/oardefault.jpg?sqp=-oaymwEdCJUDENAFSFWQAgHyq4qpAwwIARUAAIhCcAHAAQY=&rs=AOn4CLAnl9pRc9DWnG-KFuWvt5w2amfBKQ&usqp=CCk
303,qFZP4QJiEm0,후천적 물속성(?) 고양이,Acquired water attribute(?) cat,https://www.youtube.com/shorts/qFZP4QJiEm0,https://www.youtube.com/watch?v=qFZP4QJiEm0,shorts,shorts,shorts,,,,173000,기타/엔터테인먼트,https://i.ytimg.com/vi/qFZP4QJiEm0/oardefault.jpg?sqp=-oaymwEdCJUDENAFSFWQAgHyq4qpAwwIARUAAIhCcAHAAQY=&rs=AOn4CLAC-CBdvxy9dvwXSP0nsytiKuiWDg&usqp=CCk
304,-l_jnjAe2lI,할짝...할짜악...할짝...👅,Slap...slap...slap...👅,https://www.youtube.com/shorts/-l_jnjAe2lI,https://www.youtube.com/watch?v=-l_jnjAe2lI,shorts,shorts,shorts,,,,1100000,기타/엔터테인먼트,https://i.ytimg.com/vi/-l_jnjAe2lI/oardefault.jpg?sqp=-oaymwEdCJUDENAFSFWQAgHyq4qpAwwIARUAAIhCcAHAAQY=&rs=AOn4CLBFbUdl7_agzby5wkmI-hHt8ffnVg&usqp=CCk
305,l0-v5CGsdjc,또 나만 붓지...나만 진심이지...,또 나만 붓지...나만 진심이지...,https://www.youtube.com/shorts/l0-v5CGsdjc,https://www.youtube.com/watch?v=l0-v5CGsdjc,shorts,shorts,shorts,,,,114000,기타/엔터테인먼트,https://i.ytimg.com/vi/l0-v5CGsdjc/oardefault.jpg?sqp=-oaymwEdCJUDENAFSFWQAgHyq4qpAwwIARUAAIhCcAHAAQY=&rs=AOn4CLBKwooaipQILgrSYqryc2iSGqX5tg&usqp=CCk
306,e6EwAiDYLqo,기썬을 제압해,기썬을 제압해,https://www.youtube.com/shorts/e6EwAiDYLqo,https://www.youtube.com/watch?v=e6EwAiDYLqo,shorts,shorts,shorts,,,,32000,기타/엔터테인먼트,https://i.ytimg.com/vi/e6EwAiDYLqo/oardefault.jpg?sqp=-oaymwEdCJUDENAFSFWQAgHyq4qpAwwIARUAAIhCcAHAAQY=&rs=AOn4CLDqdMqmSRRaP4EpQNBkgygWYUPd3A&usqp=CCk
307,MWdkAXcK5RQ,천재고양이 특,천재고양이 특,https://www.youtube.com/shorts/MWdkAXcK5RQ,https://www.youtube.com/watch?v=MWdkAXcK5RQ,shorts,shorts,shorts,,,,94000,기타/엔터테인먼트,https://i.ytimg.com/vi/MWdkAXcK5RQ/oardefault.jpg?sqp=-oaymwEdCJUDENAFSFWQAgHyq4qpAwwIARUAAIhCcAHAAQY=&rs=AOn4CLC1wpXFpJ8qXyf6VR6hNKYhFdT3Tg&usqp=CCk
308,G5d-GkKK7iE,집사를 하찮게 여길수도 있는거임? 그럴수 있으니 조심해라,Could it be possible to look down on the butler? Be careful.,https://www.youtube.com/shorts/G5d-GkKK7iE,https://www.youtube.com/watch?v=G5d-GkKK7iE,shorts,shorts,shorts,,,,4300000,관계/윤리,https://i.ytimg.com/vi/G5d-GkKK7iE/oardefault.jpg?sqp=-oaymwEdCJUDENAFSFWQAgHyq4qpAwwIARUAAIhCcAHAAQY=&rs=AOn4CLBEjQ4HbLqc0X59_Gd5bP7uCF9qdQ&usqp=CCk
309,hgBcDVkDRSg,민들레 날아가유~,민들레 날아가유~,https://www.youtube.com/shorts/hgBcDVkDRSg,https://www.youtube.com/watch?v=hgBcDVkDRSg,shorts,shorts,shorts,,,,270000,기타/엔터테인먼트,https://i.ytimg.com/vi/hgBcDVkDRSg/oardefault.jpg?sqp=-oaymwEdCJUDENAFSFWQAgHyq4qpAwwIARUAAIhCcAHAAQY=&rs=AOn4CLAbG9u4N5YZHENG-DAyZTS9H-kBRQ&usqp=CCk
310,s09pi_Bl20s,짜장밥이거덩요🍛,짜장밥이거덩요🍛,https://www.youtube.com/shorts/s09pi_Bl20s,https://www.youtube.com/watch?v=s09pi_Bl20s,shorts,shorts,shorts,,,,,생활/돌봄,https://i.ytimg.com/vi/s09pi_Bl20s/oar2.jpg?sqp=-oaymwEdCJUDENAFSFWQAgHyq4qpAwwIARUAAIhCcAHAAQY=&rs=AOn4CLD_HYtCeS8MGiCOqVuqKi-NVBhHQg&usqp=CCk
311,V-RdBJVoBrw,똥만 싸면 우사인 볼트,"If you just take a shit, you're like Usain Bolt",https://www.youtube.com/shorts/V-RdBJVoBrw,https://www.youtube.com/watch?v=V-RdBJVoBrw,shorts,shorts,shorts,,,,353000,기타/엔터테인먼트,https://i.ytimg.com/vi/V-RdBJVoBrw/oardefault.jpg?sqp=-oaymwEdCJUDENAFSFWQAgHyq4qpAwwIARUAAIhCcAHAAQY=&rs=AOn4CLD4x6-hhUi2i0O02uaATCHS_uWcFw&usqp=CCk
312,zxbklU3snFw,나랑 대화하려고 성대까지 갈아끼는 고양이,나랑 대화하려고 성대까지 갈아끼는 고양이,https://www.youtube.com/shorts/zxbklU3snFw,https://www.youtube.com/watch?v=zxbklU3snFw,shorts,shorts,shorts,,,,73000,기타/엔터테인먼트,https://i.ytimg.com/vi/zxbklU3snFw/oardefault.jpg?sqp=-oaymwEdCJUDENAFSFWQAgHyq4qpAwwIARUAAIhCcAHAAQY=&rs=AOn4CLA9oYV63m8Isf_RyuLy8gFyQoWbSw&usqp=CCk
313,tKp7mn0s9X4,아 아기고양이는 못참지,아 아기고양이는 못참지,https://www.youtube.com/shorts/tKp7mn0s9X4,https://www.youtube.com/watch?v=tKp7mn0s9X4,shorts,shorts,shorts,,,,679000,관계/윤리,https://i.ytimg.com/vi/tKp7mn0s9X4/oardefault.jpg?sqp=-oaymwEdCJUDENAFSFWQAgHyq4qpAwwIARUAAIhCcAHAAQY=&rs=AOn4CLCtC6o5kDw709ZLn_lcrlBf8moZvg&usqp=CCk
314,2HxBfIozEvI,너무 깔끔한 사람에겐 고양이가 별로인 이유,Why Cats Don't Work for People Who Are Too Neat,https://www.youtube.com/shorts/2HxBfIozEvI,https://www.youtube.com/watch?v=2HxBfIozEvI,shorts,shorts,shorts,,,,380000,기타/엔터테인먼트,https://i.ytimg.com/vi/2HxBfIozEvI/oardefault.jpg?sqp=-oaymwEdCJUDENAFSFWQAgHyq4qpAwwIARUAAIhCcAHAAQY=&rs=AOn4CLCsBykI66MFI03WdoSxTocFD0uOYQ&usqp=CCk
315,KKtND4mys9s,집에 고양이가 두마리 이상이면 벌어지는 일,What happens when you have more than one cat in the house?,https://www.youtube.com/shorts/KKtND4mys9s,https://www.youtube.com/watch?v=KKtND4mys9s,shorts,shorts,shorts,,,,71000,기타/엔터테인먼트,https://i.ytimg.com/vi/KKtND4mys9s/oardefault.jpg?sqp=-oaymwEdCJUDENAFSFWQAgHyq4qpAwwIARUAAIhCcAHAAQY=&rs=AOn4CLAcYH13TIX9mUBsWbffBNyfzsNS7Q&usqp=CCk
316,uMfHO1xNIt0,아기 고양이들 주목! 지금부터 파티를 시작한다,아기 고양이들 주목! 지금부터 파티를 시작한다,https://www.youtube.com/shorts/uMfHO1xNIt0,https://www.youtube.com/watch?v=uMfHO1xNIt0,shorts,shorts,shorts,,,,115000,관계/윤리,https://i.ytimg.com/vi/uMfHO1xNIt0/oardefault.jpg?sqp=-oaymwEdCJUDENAFSFWQAgHyq4qpAwwIARUAAIhCcAHAAQY=&rs=AOn4CLCLJ1E7e3unk3aTbA2z4dVUzumeUg&usqp=CCk
317,fjPPTMqElHo,훙 할부지 나 똑땅해😾,훙 할부지 나 똑땅해😾,https://www.youtube.com/shorts/fjPPTMqElHo,https://www.youtube.com/watch?v=fjPPTMqElHo,shorts,shorts,shorts,,,,857000,기타/엔터테인먼트,https://i.ytimg.com/vi/fjPPTMqElHo/oardefault.jpg?sqp=-oaymwEdCJUDENAFSFWQAgHyq4qpAwwIARUAAIhCcAHAAQY=&rs=AOn4CLDFNnIssFiS6Or4mkSUs-cRwF8X4A&usqp=CCk
318,yA5dI_aV0VE,집사가 야옹하면 고양이도 야옹~,"When the butler meows, the cat meows too~",https://www.youtube.com/shorts/yA5dI_aV0VE,https://www.youtube.com/watch?v=yA5dI_aV0VE,shorts,shorts,shorts,,,,354000,관계/윤리,https://i.ytimg.com/vi/yA5dI_aV0VE/oardefault.jpg?sqp=-oaymwEdCJUDENAFSFWQAgHyq4qpAwwIARUAAIhCcAHAAQY=&rs=AOn4CLC_-fmkx6IL3NDgK7f9PORJ9fBMYA&usqp=CCk
319,gLR-D6wCxjQ,아닌데요 우리고양이 저 사랑해서 핥아주는거 맞는데요!,It is a human illusion,https://www.youtube.com/shorts/gLR-D6wCxjQ,https://www.youtube.com/watch?v=gLR-D6wCxjQ,shorts,shorts,shorts,,,,850000,기타/엔터테인먼트,https://i.ytimg.com/vi/gLR-D6wCxjQ/oardefault.jpg?sqp=-oaymwEdCJUDENAFSFWQAgHyq4qpAwwIARUAAIhCcAHAAQY=&rs=AOn4CLBw3peud1U9mneZojMgFg7fAw0nkA&usqp=CCk
320,3teUmC7ZbKU,뽀갈하고 함냐함냐 하고싶은건 과학적인거임,What I want to say is scientific.,https://www.youtube.com/shorts/3teUmC7ZbKU,https://www.youtube.com/watch?v=3teUmC7ZbKU,shorts,shorts,shorts,,,,120000,기타/엔터테인먼트,https://i.ytimg.com/vi/3teUmC7ZbKU/oardefault.jpg?sqp=-oaymwEdCJUDENAFSFWQAgHyq4qpAwwIARUAAIhCcAHAAQY=&rs=AOn4CLCmOYE0wwQg4BYI5KGSxXo5EE-IrA&usqp=CCk
321,Vng7zdSwVDQ,개킹..바지벗기는 경박한 고양이👖,a cat that takes off my pants,https://www.youtube.com/shorts/Vng7zdSwVDQ,https://www.youtube.com/watch?v=Vng7zdSwVDQ,shorts,shorts,shorts,,,,179000,기타/엔터테인먼트,https://i.ytimg.com/vi/Vng7zdSwVDQ/oardefault.jpg?sqp=-oaymwEdCJUDENAFSFWQAgHyq4qpAwwIARUAAIhCcAHAAQY=&rs=AOn4CLC0z1zHVuVpMf65ymQG0XzpFZfThA&usqp=CCk
322,D0PAsZeMQVg,고양이를 살리는 심폐소생술,Cat CPR,https://www.youtube.com/shorts/D0PAsZeMQVg,https://www.youtube.com/watch?v=D0PAsZeMQVg,shorts,shorts,shorts,,,,121000,기타/엔터테인먼트,https://i.ytimg.com/vi/D0PAsZeMQVg/oardefault.jpg?sqp=-oaymwEdCJUDENAFSFWQAgHyq4qpAwwIARUAAIhCcAHAAQY=&rs=AOn4CLApWC1AH24jDPgqEHinJAoyxIF74g&usqp=CCk
323,okBbPCcvZOQ,고양이면 이거 다~할줄 안다,Veterinarian's Cat Education 3 Things,https://www.youtube.com/shorts/okBbPCcvZOQ,https://www.youtube.com/watch?v=okBbPCcvZOQ,shorts,shorts,shorts,,,,887000,기타/엔터테인먼트,https://i.ytimg.com/vi/okBbPCcvZOQ/oardefault.jpg?sqp=-oaymwEdCJUDENAFSFWQAgHyq4qpAwwIARUAAIhCcAHAAQY=&rs=AOn4CLA_q6fBrfoYroicMNY_VOrLURezVA&usqp=CCk
324,eFVGs-pVopA,고양이가 '이곳'에서 잔다면?,고양이가 '이곳'에서 잔다면?,https://www.youtube.com/shorts/eFVGs-pVopA,https://www.youtube.com/watch?v=eFVGs-pVopA,shorts,shorts,shorts,,,,165000,기타/엔터테인먼트,https://i.ytimg.com/vi/eFVGs-pVopA/oardefault.jpg?sqp=-oaymwEdCJUDENAFSFWQAgHyq4qpAwwIARUAAIhCcAHAAQY=&rs=AOn4CLAR2OLMHYGSDV18BX7EnuZcIyEEOg&usqp=CCk
325,WcxWeI-L2BU,고영희 너 눈을 왜 그렇게 뜨고 째려봐?,a lovely confession from a cat,https://www.youtube.com/shorts/WcxWeI-L2BU,https://www.youtube.com/watch?v=WcxWeI-L2BU,shorts,shorts,shorts,,,,329000,행동/감정,https://i.ytimg.com/vi/WcxWeI-L2BU/oardefault.jpg?sqp=-oaymwEdCJUDENAFSFWQAgHyq4qpAwwIARUAAIhCcAHAAQY=&rs=AOn4CLBqtGhdQKl22u-t7du6HQS5R_y04A&usqp=CCk
326,YEGQvU5zCgw,"사르르...집사 맘도,, 수의사 아저씨 맘도 녹여요...",Slurp... It melts the butler's heart and the vet's heart too...,https://www.youtube.com/shorts/YEGQvU5zCgw,https://www.youtube.com/watch?v=YEGQvU5zCgw,shorts,shorts,shorts,,,,309000,건강/진료;관계/윤리,https://i.ytimg.com/vi/YEGQvU5zCgw/oardefault.jpg?sqp=-oaymwEdCJUDENAFSFWQAgHyq4qpAwwIARUAAIhCcAHAAQY=&rs=AOn4CLCzlDuWqNQ5-Sq7Ie_u17DBQ0BqbQ&usqp=CCk
327,geVwhxOkjp8,"인형으로만 봤던 고양이, 이제 진짜 친해질 때가 됐습니다","인형으로만 봤던 고양이, 이제 진짜 친해질 때가 됐습니다",https://www.youtube.com/shorts/geVwhxOkjp8,https://www.youtube.com/watch?v=geVwhxOkjp8,shorts,shorts,shorts,,,,20000,기타/엔터테인먼트,https://i.ytimg.com/vi/geVwhxOkjp8/oardefault.jpg?sqp=-oaymwEdCJUDENAFSFWQAgHyq4qpAwwIARUAAIhCcAHAAQY=&rs=AOn4CLA9Sh3Z6el_evniUcWFJGEF6LWA5w&usqp=CCk
328,JNWY7Cew-Ts,참집사,True butler,https://www.youtube.com/shorts/JNWY7Cew-Ts,https://www.youtube.com/watch?v=JNWY7Cew-Ts,shorts,shorts,shorts,,,,125000,관계/윤리,https://i.ytimg.com/vi/JNWY7Cew-Ts/oardefault.jpg?sqp=-oaymwEdCJUDENAFSFWQAgHyq4qpAwwIARUAAIhCcAHAAQY=&rs=AOn4CLBQaGcqnohG4OwD1AlpmsN36ZjOJw&usqp=CCk
329,cRq1Jfeq1ak,자꾸 화장실도 따라와야 한다고 떼를 쓰는 고양이,Why do you follow me to the bathroom?,https://www.youtube.com/shorts/cRq1Jfeq1ak,https://www.youtube.com/watch?v=cRq1Jfeq1ak,shorts,shorts,shorts,,,,194000,생활/돌봄,https://i.ytimg.com/vi/cRq1Jfeq1ak/oardefault.jpg?sqp=-oaymwEdCJUDENAFSFWQAgHyq4qpAwwIARUAAIhCcAHAAQY=&rs=AOn4CLBQJD513gI9WEHVIYvGzZDp-1q3gw&usqp=CCk
330,wjVRLWxV3PI,멋부리는 고양이는 최악이에요,멋부리는 고양이는 최악이에요,https://www.youtube.com/shorts/wjVRLWxV3PI,https://www.youtube.com/watch?v=wjVRLWxV3PI,shorts,shorts,shorts,,,,20000,기타/엔터테인먼트,https://i.ytimg.com/vi/wjVRLWxV3PI/oardefault.jpg?sqp=-oaymwEdCJUDENAFSFWQAgHyq4qpAwwIARUAAIhCcAHAAQY=&rs=AOn4CLCZAESDDT5Y_6DhNk3sEpziCveJ-A&usqp=CCk
331,pEIklC9JNPA,고양이가 이렇게 잔다면 걱정해야 합니다,고양이가 이렇게 잔다면 걱정해야 합니다,https://www.youtube.com/shorts/pEIklC9JNPA,https://www.youtube.com/watch?v=pEIklC9JNPA,shorts,shorts,shorts,,,,110000,기타/엔터테인먼트,https://i.ytimg.com/vi/pEIklC9JNPA/oardefault.jpg?sqp=-oaymwEdCJUDENAFSFWQAgHyq4qpAwwIARUAAIhCcAHAAQY=&rs=AOn4CLBWb8_7MLdXPDhg1t-9BmOh3uCDLA&usqp=CCk
332,dK91zxx-Fek,막 몽글하구☁️말랑하구☁️...zzZ...😴,막 몽글하구☁️말랑하구☁️...zzZ...😴,https://www.youtube.com/shorts/dK91zxx-Fek,https://www.youtube.com/watch?v=dK91zxx-Fek,shorts,shorts,shorts,,,,19000,기타/엔터테인먼트,https://i.ytimg.com/vi/dK91zxx-Fek/oar2.jpg?sqp=-oaymwEdCPYCENAFSFWQAgHyq4qpAwwIARUAAIhCcAHAAQY=&rs=AOn4CLAu-En73_nyBwjSx62nWf6Mo9UX0w&usqp=CCk
333,A-JRdboBxAM,고양이를 죽일 수도 있는 식물 🪴,Plants that can kill cats 🪴,https://www.youtube.com/shorts/A-JRdboBxAM,https://www.youtube.com/watch?v=A-JRdboBxAM,shorts,shorts,shorts,,,,37000,기타/엔터테인먼트,https://i.ytimg.com/vi/A-JRdboBxAM/oardefault.jpg?sqp=-oaymwEdCJUDENAFSFWQAgHyq4qpAwwIARUAAIhCcAHAAQY=&rs=AOn4CLCiJoXe9aQ6weYYo4oWdgBiBUDfXQ&usqp=CCk
334,DrfAymax6A8,오징어 사와 오징어🦑 한국말 하는 고양이의 진실,Buy squid and squid🦑 The truth about the cat that speaks Korean,https://www.youtube.com/shorts/DrfAymax6A8,https://www.youtube.com/watch?v=DrfAymax6A8,shorts,shorts,shorts,,,,54000,기타/엔터테인먼트,https://i.ytimg.com/vi/DrfAymax6A8/oardefault.jpg?sqp=-oaymwEdCJUDENAFSFWQAgHyq4qpAwwIARUAAIhCcAHAAQY=&rs=AOn4CLBke6P41u99smKKrQRQPHMypax_Kw&usqp=CCk
335,fTO6fzvFf4s,고양이가 겨울을 나는 방법 ⛄️,고양이가 겨울을 나는 방법 ⛄️,https://www.youtube.com/shorts/fTO6fzvFf4s,https://www.youtube.com/watch?v=fTO6fzvFf4s,shorts,shorts,shorts,,,,42000,기타/엔터테인먼트,https://i.ytimg.com/vi/fTO6fzvFf4s/oardefault.jpg?sqp=-oaymwEdCJUDENAFSFWQAgHyq4qpAwwIARUAAIhCcAHAAQY=&rs=AOn4CLB1avEJ90INNEQFvn0XmRE5Kn9j1w&usqp=CCk
336,OfnYS5uAmoA,이 그루밍을 좀 봐 대박임,이 그루밍을 좀 봐 대박임,https://www.youtube.com/shorts/OfnYS5uAmoA,https://www.youtube.com/watch?v=OfnYS5uAmoA,shorts,shorts,shorts,,,,177000,기타/엔터테인먼트,https://i.ytimg.com/vi/OfnYS5uAmoA/oardefault.jpg?sqp=-oaymwEdCJUDENAFSFWQAgHyq4qpAwwIARUAAIhCcAHAAQY=&rs=AOn4CLC58vvBSyAvQG-T6_RQ6UmKvSOKig&usqp=CCk
337,Hu7oBqabNBI,밥먹을 때 서로 눈치 보는거 국룰,밥먹을 때 서로 눈치 보는거 국룰,https://www.youtube.com/shorts/Hu7oBqabNBI,https://www.youtube.com/watch?v=Hu7oBqabNBI,shorts,shorts,shorts,,,,27000,행동/감정;생활/돌봄,https://i.ytimg.com/vi/Hu7oBqabNBI/oardefault.jpg?sqp=-oaymwEdCJUDENAFSFWQAgHyq4qpAwwIARUAAIhCcAHAAQY=&rs=AOn4CLAIvKubIw-WuF5-LUK8UBbICCYTAQ&usqp=CCk
338,2vjau9OTEaM,내가.....고양이의 엄마?,I'm a mother to a cat? A colleague?,https://www.youtube.com/shorts/2vjau9OTEaM,https://www.youtube.com/watch?v=2vjau9OTEaM,shorts,shorts,shorts,,,,1600000,서사/상담,https://i.ytimg.com/vi/2vjau9OTEaM/oardefault.jpg?sqp=-oaymwEdCJUDENAFSFWQAgHyq4qpAwwIARUAAIhCcAHAAQY=&rs=AOn4CLCo_Kuz1aHSTQlwqfU4H_d7NKWG8g&usqp=CCk
339,0IHMSyIgH_w,릴스에서 많이 본 비명지르는 '그 고양이',릴스에서 많이 본 비명지르는 '그 고양이',https://www.youtube.com/shorts/0IHMSyIgH_w,https://www.youtube.com/watch?v=0IHMSyIgH_w,shorts,shorts,shorts,,,,90000,기타/엔터테인먼트,https://i.ytimg.com/vi/0IHMSyIgH_w/oardefault.jpg?sqp=-oaymwEdCJUDENAFSFWQAgHyq4qpAwwIARUAAIhCcAHAAQY=&rs=AOn4CLAv_jDjrJWPzh17LafDOKHDc-9PKA&usqp=CCk
340,qHIqtxJAhKg,"⛄️추운 겨울, 고양이와 운전자의 안전을 지키는 작은 습관","⛄️추운 겨울, 고양이와 운전자의 안전을 지키는 작은 습관",https://www.youtube.com/shorts/qHIqtxJAhKg,https://www.youtube.com/watch?v=qHIqtxJAhKg,shorts,shorts,shorts,,,,18000,관계/윤리,https://i.ytimg.com/vi/qHIqtxJAhKg/oardefault.jpg?sqp=-oaymwEdCJUDENAFSFWQAgHyq4qpAwwIARUAAIhCcAHAAQY=&rs=AOn4CLCoJL8OGa6zuUlJ7fb39f1Jsj7wUQ&usqp=CCk
341,iXM485uUiUw,꿍~심장 아픈 고양이 머리 박치기의 의미,꿍~심장 아픈 고양이 머리 박치기의 의미,https://www.youtube.com/shorts/iXM485uUiUw,https://www.youtube.com/watch?v=iXM485uUiUw,shorts,shorts,shorts,,,,42000,기타/엔터테인먼트,https://i.ytimg.com/vi/iXM485uUiUw/oardefault.jpg?sqp=-oaymwEdCJUDENAFSFWQAgHyq4qpAwwIARUAAIhCcAHAAQY=&rs=AOn4CLCZPOpkY_xr_6YNr54Ehueh5cSvbw&usqp=CCk
342,VH_NCK6DK2k,매일 남의 집 창고에 들어가는 도동고양이의 최후,매일 남의 집 창고에 들어가는 도동고양이의 최후,https://www.youtube.com/shorts/VH_NCK6DK2k,https://www.youtube.com/watch?v=VH_NCK6DK2k,shorts,shorts,shorts,,,,48000,기타/엔터테인먼트,https://i.ytimg.com/vi/VH_NCK6DK2k/oardefault.jpg?sqp=-oaymwEdCJUDENAFSFWQAgHyq4qpAwwIARUAAIhCcAHAAQY=&rs=AOn4CLBC1TkmnfhdlJoQN6wRYORMvx_hwg&usqp=CCk
343,dbWUL89KVEI,이 고양이에게 이름을 주지 않은 이유,이 고양이에게 이름을 주지 않은 이유,https://www.youtube.com/shorts/dbWUL89KVEI,https://www.youtube.com/watch?v=dbWUL89KVEI,shorts,shorts,shorts,,,,113000,서사/상담,https://i.ytimg.com/vi/dbWUL89KVEI/oardefault.jpg?sqp=-oaymwEdCJUDENAFSFWQAgHyq4qpAwwIARUAAIhCcAHAAQY=&rs=AOn4CLAl_DS_kcztyGKAK-UmkGT2Ici99A&usqp=CCk
344,BRnM4aqMS38,간식도 안먹는 입짧은 고양이 주목!,Attention picky cats who don't even eat snacks!,https://www.youtube.com/shorts/BRnM4aqMS38,https://www.youtube.com/watch?v=BRnM4aqMS38,shorts,shorts,shorts,,,,69000,생활/돌봄,https://i.ytimg.com/vi/BRnM4aqMS38/oardefault.jpg?sqp=-oaymwEdCJUDENAFSFWQAgHyq4qpAwwIARUAAIhCcAHAAQY=&rs=AOn4CLCWkIMDAcojHGlISB94yUWZM6GY2w&usqp=CCk
345,dy9sqEtKbIA,행복한 동물의 숲에 나타난 병든 고양이 주민🙀,A sick cat villager appears in Happy Animal Forest🙀,https://www.youtube.com/shorts/dy9sqEtKbIA,https://www.youtube.com/watch?v=dy9sqEtKbIA,shorts,shorts,shorts,,,,15000,기타/엔터테인먼트,https://i.ytimg.com/vi/dy9sqEtKbIA/oardefault.jpg?sqp=-oaymwEdCJUDENAFSFWQAgHyq4qpAwwIARUAAIhCcAHAAQY=&rs=AOn4CLDZ2CitTrcEfrIwonLDPbg0bze4SQ&usqp=CCk
346,LSSV9NW16W0,너를 키운건 얇디 얇은 내 지갑이란다😌💸,너를 키운건 얇디 얇은 내 지갑이란다😌💸,https://www.youtube.com/shorts/LSSV9NW16W0,https://www.youtube.com/watch?v=LSSV9NW16W0,shorts,shorts,shorts,,,,185000,기타/엔터테인먼트,https://i.ytimg.com/vi/LSSV9NW16W0/oardefault.jpg?sqp=-oaymwEdCJUDENAFSFWQAgHyq4qpAwwIARUAAIhCcAHAAQY=&rs=AOn4CLCHRplBJKQpX1ddYTz-FKzMeBZzqQ&usqp=CCk
347,p5966x1-R18,맵다 매워🌶️동물병원에 오는 고양이 환자 유형,맵다 매워🌶️동물병원에 오는 고양이 환자 유형,https://www.youtube.com/shorts/p5966x1-R18,https://www.youtube.com/watch?v=p5966x1-R18,shorts,shorts,shorts,,,,238000,건강/진료,https://i.ytimg.com/vi/p5966x1-R18/oardefault.jpg?sqp=-oaymwEdCJUDENAFSFWQAgHyq4qpAwwIARUAAIhCcAHAAQY=&rs=AOn4CLBLeMkz8MAkYIhfgRQEJNL-NdSX-g&usqp=CCk
348,LWXUNol1HNE,맞고 있는게 아닙니다,Why does this cat keep getting hit?,https://www.youtube.com/shorts/LWXUNol1HNE,https://www.youtube.com/watch?v=LWXUNol1HNE,shorts,shorts,shorts,,,,854000,기타/엔터테인먼트,https://i.ytimg.com/vi/LWXUNol1HNE/oardefault.jpg?sqp=-oaymwEdCJUDENAFSFWQAgHyq4qpAwwIARUAAIhCcAHAAQY=&rs=AOn4CLBQsVAqn16OEE-K-2AcwEfhEykwhA&usqp=CCk
349,xs9OVvjxrTI,까만코 고양이 특(농담입니다),까만코 고양이 특(농담입니다),https://www.youtube.com/shorts/xs9OVvjxrTI,https://www.youtube.com/watch?v=xs9OVvjxrTI,shorts,shorts,shorts,,,,81000,기타/엔터테인먼트,https://i.ytimg.com/vi/xs9OVvjxrTI/oardefault.jpg?sqp=-oaymwEdCJUDENAFSFWQAgHyq4qpAwwIARUAAIhCcAHAAQY=&rs=AOn4CLBOgkpHkIPgQfVk9v1wOf76RKpD8Q&usqp=CCk
350,GAMS9r5lUt4,고양이를 불행하게 하고 있진 않나요?,고양이를 불행하게 하고 있진 않나요?,https://www.youtube.com/shorts/GAMS9r5lUt4,https://www.youtube.com/watch?v=GAMS9r5lUt4,shorts,shorts,shorts,,,,69000,기타/엔터테인먼트,https://i.ytimg.com/vi/GAMS9r5lUt4/oardefault.jpg?sqp=-oaymwEdCJUDENAFSFWQAgHyq4qpAwwIARUAAIhCcAHAAQY=&rs=AOn4CLCABAPvmRwZxhScgxL4ImhflfBgdg&usqp=CCk
351,FuK5v4aLI_0,유명 고양이수의사의 민낯🫢,유명 고양이수의사의 민낯🫢,https://www.youtube.com/shorts/FuK5v4aLI_0,https://www.youtube.com/watch?v=FuK5v4aLI_0,shorts,shorts,shorts,,,,59000,건강/진료,https://i.ytimg.com/vi/FuK5v4aLI_0/oar2.jpg?sqp=-oaymwEdCJUDENAFSFWQAgHyq4qpAwwIARUAAIhCcAHAAQY=&rs=AOn4CLCy3gKdtE2QfJIGTUxsmEhrM7Ro9g&usqp=CCk
352,Vg7C7CE8QNk,[근황올림픽] 그렇게 생강은 안 먹는다던 그 고양이😅,[근황올림픽] 그렇게 생강은 안 먹는다던 그 고양이😅,https://www.youtube.com/shorts/Vg7C7CE8QNk,https://www.youtube.com/watch?v=Vg7C7CE8QNk,shorts,shorts,shorts,,,,143000,기타/엔터테인먼트,https://i.ytimg.com/vi/Vg7C7CE8QNk/oardefault.jpg?sqp=-oaymwEdCJUDENAFSFWQAgHyq4qpAwwIARUAAIhCcAHAAQY=&rs=AOn4CLABXc10gQ5ULAgfjXRELg6KiIeGcQ&usqp=CCk
353,vR_flyhUtZA,똥관종,Shit-eater,https://www.youtube.com/shorts/vR_flyhUtZA,https://www.youtube.com/watch?v=vR_flyhUtZA,shorts,shorts,shorts,,,,99000,기타/엔터테인먼트,https://i.ytimg.com/vi/vR_flyhUtZA/oardefault.jpg?sqp=-oaymwEdCJUDENAFSFWQAgHyq4qpAwwIARUAAIhCcAHAAQY=&rs=AOn4CLAEM7EophrjLCw7HTB2r2PU6uA6QA&usqp=CCk
354,AV6ZAg7P564,고양이가 혼자 병원에 왔다?!,A cat came to the hospital alone?!,https://www.youtube.com/shorts/AV6ZAg7P564,https://www.youtube.com/watch?v=AV6ZAg7P564,shorts,shorts,shorts,,,,96000,건강/진료,https://i.ytimg.com/vi/AV6ZAg7P564/oardefault.jpg?sqp=-oaymwEdCJUDENAFSFWQAgHyq4qpAwwIARUAAIhCcAHAAQY=&rs=AOn4CLD8wWaIPT36AekxrWRJbf6gfnPCbg&usqp=CCk
355,YFt1vSEvE6o,이게 고양인지 늑댄지 왜 밤만 되면 우는지,Is this a cat or a wolf? Why does it cry at night?,https://www.youtube.com/shorts/YFt1vSEvE6o,https://www.youtube.com/watch?v=YFt1vSEvE6o,shorts,shorts,shorts,,,,51000,기타/엔터테인먼트,https://i.ytimg.com/vi/YFt1vSEvE6o/oardefault.jpg?sqp=-oaymwEdCJUDENAFSFWQAgHyq4qpAwwIARUAAIhCcAHAAQY=&rs=AOn4CLB-K0Mav5pOdQFmN5ywBygOVblgDg&usqp=CCk
356,JTxXKTqs6nA,나를 불쌍해 하는 고양이...왜 먹다 남긴거 주는건데,A cat that gives me food,https://www.youtube.com/shorts/JTxXKTqs6nA,https://www.youtube.com/watch?v=JTxXKTqs6nA,shorts,shorts,shorts,,,,581000,기타/엔터테인먼트,https://i.ytimg.com/vi/JTxXKTqs6nA/oardefault.jpg?sqp=-oaymwEdCJUDENAFSFWQAgHyq4qpAwwIARUAAIhCcAHAAQY=&rs=AOn4CLCvUoA353AqzRWOE1k8Smv-l0UmFw&usqp=CCk
357,cIJxHJrmxTA,우리 고양이 조금 모자라지만 착한 고앵이에요,우리 고양이 조금 모자라지만 착한 고앵이에요,https://www.youtube.com/shorts/cIJxHJrmxTA,https://www.youtube.com/watch?v=cIJxHJrmxTA,shorts,shorts,shorts,,,,136000,기타/엔터테인먼트,https://i.ytimg.com/vi/cIJxHJrmxTA/oardefault.jpg?sqp=-oaymwEdCJUDENAFSFWQAgHyq4qpAwwIARUAAIhCcAHAAQY=&rs=AOn4CLAp6HaOrSFExRIJRE-Rv_Km9_NnGg&usqp=CCk
358,xVaFvIV56dc,길냥이가 맛있는 걸 먹자마자 하는 행동,What cats do when they eat something delicious,https://www.youtube.com/shorts/xVaFvIV56dc,https://www.youtube.com/watch?v=xVaFvIV56dc,shorts,shorts,shorts,,,,1000000,행동/감정,https://i.ytimg.com/vi/xVaFvIV56dc/oardefault.jpg?sqp=-oaymwEdCJUDENAFSFWQAgHyq4qpAwwIARUAAIhCcAHAAQY=&rs=AOn4CLBnCNknjma42eEWSdc-We3_3JDYeQ&usqp=CCk
359,6RAKxIwyDhA,고양이가 사냥놀이 안 하는 이유,Why Cats Don't Play Hunting,https://www.youtube.com/shorts/6RAKxIwyDhA,https://www.youtube.com/watch?v=6RAKxIwyDhA,shorts,shorts,shorts,,,,213000,행동/감정,https://i.ytimg.com/vi/6RAKxIwyDhA/oardefault.jpg?sqp=-oaymwEdCJUDENAFSFWQAgHyq4qpAwwIARUAAIhCcAHAAQY=&rs=AOn4CLAEdcAKlKQhY-sG9nDCC3NR84qImw&usqp=CCk
360,3z1gn9B_Vi0,수의사가 동물병원 게임을 하면 생기는 일,수의사가 동물병원 게임을 하면 생기는 일,https://www.youtube.com/shorts/3z1gn9B_Vi0,https://www.youtube.com/watch?v=3z1gn9B_Vi0,shorts,shorts,shorts,,,,31000,건강/진료,https://i.ytimg.com/vi/3z1gn9B_Vi0/oardefault.jpg?sqp=-oaymwEdCJUDENAFSFWQAgHyq4qpAwwIARUAAIhCcAHAAQY=&rs=AOn4CLDjg23pHrHw9qQa5ijk-W-hkGKuiQ&usqp=CCk
361,4nNyn-N3WX4,앞으론 고양이 이렇게 안아주세요,Hold the cat like this,https://www.youtube.com/shorts/4nNyn-N3WX4,https://www.youtube.com/watch?v=4nNyn-N3WX4,shorts,shorts,shorts,,,,4700000,기타/엔터테인먼트,https://i.ytimg.com/vi/4nNyn-N3WX4/oardefault.jpg?sqp=-oaymwEdCJUDENAFSFWQAgHyq4qpAwwIARUAAIhCcAHAAQY=&rs=AOn4CLDHCdv5p1pL2DUeIIpS0PUb4EjqSA&usqp=CCk
362,93LZr7KTdO0,고양이 중에서 성격이 가장 순하다는 이 고양이,This cat is said to have the most gentle personality among cats.,https://www.youtube.com/shorts/93LZr7KTdO0,https://www.youtube.com/watch?v=93LZr7KTdO0,shorts,shorts,shorts,,,,205000,행동/감정,https://i.ytimg.com/vi/93LZr7KTdO0/oardefault.jpg?sqp=-oaymwEdCJUDENAFSFWQAgHyq4qpAwwIARUAAIhCcAHAAQY=&rs=AOn4CLAA6Ev08Pn3b1ffydbxu2FTP0eMPw&usqp=CCk
363,QfPoIFZaA3o,생강 사오지 마세요 고양이의 진심,"Don't Buy Ginger, Cat's Truth",https://www.youtube.com/shorts/QfPoIFZaA3o,https://www.youtube.com/watch?v=QfPoIFZaA3o,shorts,shorts,shorts,,,,239000,기타/엔터테인먼트,https://i.ytimg.com/vi/QfPoIFZaA3o/oardefault.jpg?sqp=-oaymwEdCJUDENAFSFWQAgHyq4qpAwwIARUAAIhCcAHAAQY=&rs=AOn4CLCZUBCuAMspBM5Sp2AQMHs_FIi5bw&usqp=CCk
364,_c6Mg-qrAmk,고양이가 집사를 엄마로 생각할 때 이 행동을 합니다,Evidence that cats think I'm a mother,https://www.youtube.com/shorts/_c6Mg-qrAmk,https://www.youtube.com/watch?v=_c6Mg-qrAmk,shorts,shorts,shorts,,,,276000,행동/감정;관계/윤리;서사/상담,https://i.ytimg.com/vi/_c6Mg-qrAmk/oardefault.jpg?sqp=-oaymwEdCJUDENAFSFWQAgHyq4qpAwwIARUAAIhCcAHAAQY=&rs=AOn4CLCXZZaqinslM3uDDXhGEpjBVOCzQQ&usqp=CCk
365,ewYro5kUu8g,인간 고양이 그 자체라는 이 MBTI,인간 고양이 그 자체라는 이 MBTI,https://www.youtube.com/shorts/ewYro5kUu8g,https://www.youtube.com/watch?v=ewYro5kUu8g,shorts,shorts,shorts,,,,87000,기타/엔터테인먼트,https://i.ytimg.com/vi/ewYro5kUu8g/oardefault.jpg?sqp=-oaymwEdCJUDENAFSFWQAgHyq4qpAwwIARUAAIhCcAHAAQY=&rs=AOn4CLAXyGM7w5D87oRzUYO3EZIu8cLiXQ&usqp=CCk
366,oPN6NCMjeNU,동물병원에 오는 고양이 특징,the cat types that come to the veterinary clinic,https://www.youtube.com/shorts/oPN6NCMjeNU,https://www.youtube.com/watch?v=oPN6NCMjeNU,shorts,shorts,shorts,,,,105000,건강/진료,https://i.ytimg.com/vi/oPN6NCMjeNU/oardefault.jpg?sqp=-oaymwEdCJUDENAFSFWQAgHyq4qpAwwIARUAAIhCcAHAAQY=&rs=AOn4CLDSJAUz7nWB3ZCB4mubMjt5Z4_mSA&usqp=CCk
367,TRW0YhT6VF0,집에서 쉽게 만드는 초간단 먹이퍼즐,집에서 쉽게 만드는 초간단 먹이퍼즐,https://www.youtube.com/shorts/TRW0YhT6VF0,https://www.youtube.com/watch?v=TRW0YhT6VF0,shorts,shorts,shorts,,,,40000,기타/엔터테인먼트,https://i.ytimg.com/vi/TRW0YhT6VF0/oardefault.jpg?sqp=-oaymwEdCJUDENAFSFWQAgHyq4qpAwwIARUAAIhCcAHAAQY=&rs=AOn4CLBTpGNOQ_0jAatwCt64NN5W0oMGQg&usqp=CCk
368,xKGc42vLKtE,수의사가 보는 동숲 인기 주민 잭슨의 실체,What if Jackson in 'Animal Crossing' was a real cat?,https://www.youtube.com/shorts/xKGc42vLKtE,https://www.youtube.com/watch?v=xKGc42vLKtE,shorts,shorts,shorts,,,,41000,건강/진료,https://i.ytimg.com/vi/xKGc42vLKtE/oardefault.jpg?sqp=-oaymwEdCJUDENAFSFWQAgHyq4qpAwwIARUAAIhCcAHAAQY=&rs=AOn4CLDfKQ0Ml-Iw2Jd4bJvGStncT3G_pw&usqp=CCk
369,RPEJVZJRQKk,고양이가 모래 안 덮고 벽 긁는 이유,Why Cats Scratch Bathroom Walls,https://www.youtube.com/shorts/RPEJVZJRQKk,https://www.youtube.com/watch?v=RPEJVZJRQKk,shorts,shorts,shorts,,,,80000,생활/돌봄,https://i.ytimg.com/vi/RPEJVZJRQKk/oardefault.jpg?sqp=-oaymwEdCJUDENAFSFWQAgHyq4qpAwwIARUAAIhCcAHAAQY=&rs=AOn4CLDwxtZdQHuRxYa_kS1_duWxDzaNzQ&usqp=CCk
370,ouZxAO55gHc,고양이가 나를 친구로 생각하는지 아는 방법,How to know if cats think I'm a friend,https://www.youtube.com/shorts/ouZxAO55gHc,https://www.youtube.com/watch?v=ouZxAO55gHc,shorts,shorts,shorts,,,,2900000,기타/엔터테인먼트,https://i.ytimg.com/vi/ouZxAO55gHc/oardefault.jpg?sqp=-oaymwEdCJUDENAFSFWQAgHyq4qpAwwIARUAAIhCcAHAAQY=&rs=AOn4CLDHuzxt9wEHg_r8kPVux6srqamE9A&usqp=CCk
371,0ABEaXl2QOQ,고양이밈 원본을 분석했더니..!,a cat's foul language,https://www.youtube.com/shorts/0ABEaXl2QOQ,https://www.youtube.com/watch?v=0ABEaXl2QOQ,shorts,shorts,shorts,,,,667000,기타/엔터테인먼트,https://i.ytimg.com/vi/0ABEaXl2QOQ/oardefault.jpg?sqp=-oaymwEdCJUDENAFSFWQAgHyq4qpAwwIARUAAIhCcAHAAQY=&rs=AOn4CLA88UrcHStL0DyplPXV06es1oUV0w&usqp=CCk
372,DMdWAY1mQgw,왜 망했는지 미야옹철만 모르는 조회수 꼴등 영상,"The video with the lowest number of views, only Meow Cheol doesn't know why it failed.",https://www.youtube.com/shorts/DMdWAY1mQgw,https://www.youtube.com/watch?v=DMdWAY1mQgw,shorts,shorts,shorts,,,,58000,기타/엔터테인먼트,https://i.ytimg.com/vi/DMdWAY1mQgw/oardefault.jpg?sqp=-oaymwEdCJUDENAFSFWQAgHyq4qpAwwIARUAAIhCcAHAAQY=&rs=AOn4CLBkW5AyAoxUQ6e-fl0dSblaL8ZtsA&usqp=CCk
373,JrLnmyNAuGw,고양이가 식빵자세로 자는 이유,Why Cats Sleep in the Loaf of Bread Position,https://www.youtube.com/shorts/JrLnmyNAuGw,https://www.youtube.com/watch?v=JrLnmyNAuGw,shorts,shorts,shorts,,,,168000,기타/엔터테인먼트,https://i.ytimg.com/vi/JrLnmyNAuGw/oardefault.jpg?sqp=-oaymwEdCJUDENAFSFWQAgHyq4qpAwwIARUAAIhCcAHAAQY=&rs=AOn4CLBQF4ayeS81QyCLR4iW2QedL4YFew&usqp=CCk
374,McJwp5oGvzQ,고양이와 안 맞는 MBTI 특징,MBTI with cats,https://www.youtube.com/shorts/McJwp5oGvzQ,https://www.youtube.com/watch?v=McJwp5oGvzQ,shorts,shorts,shorts,,,,80000,기타/엔터테인먼트,https://i.ytimg.com/vi/McJwp5oGvzQ/oardefault.jpg?sqp=-oaymwEdCJUDENAFSFWQAgHyq4qpAwwIARUAAIhCcAHAAQY=&rs=AOn4CLCNMQ28S2hwYDSTU4HSz-5az7cdbQ&usqp=CCk
375,RMb8NAhZktM,고양이랑 이렇게 닮은 집사 처음 봅니다,This is the first time I've seen a butler who looks so much like a cat.,https://www.youtube.com/shorts/RMb8NAhZktM,https://www.youtube.com/watch?v=RMb8NAhZktM,shorts,shorts,shorts,,,,150000,관계/윤리,https://i.ytimg.com/vi/RMb8NAhZktM/oardefault.jpg?sqp=-oaymwEdCJUDENAFSFWQAgHyq4qpAwwIARUAAIhCcAHAAQY=&rs=AOn4CLAYgSp6HlghJfPQaVF5dAUPD8oUfA&usqp=CCk
376,wpAhU0PTrH8,고양이가 간식 냄새만 맡고 발로 덮는 이유,the psychology of a cat that buries its prey without eating it,https://www.youtube.com/shorts/wpAhU0PTrH8,https://www.youtube.com/watch?v=wpAhU0PTrH8,shorts,shorts,shorts,,,,263000,생활/돌봄,https://i.ytimg.com/vi/wpAhU0PTrH8/oardefault.jpg?sqp=-oaymwEdCJUDENAFSFWQAgHyq4qpAwwIARUAAIhCcAHAAQY=&rs=AOn4CLB9JxujLqNSUOfg7dDJqxCTWwVZog&usqp=CCk
377,WvDnnQPEhto,수의사도 무서워하는 고양이의 정체는?,수의사도 무서워하는 고양이의 정체는?,https://www.youtube.com/shorts/WvDnnQPEhto,https://www.youtube.com/watch?v=WvDnnQPEhto,shorts,shorts,shorts,,,,177000,건강/진료,https://i.ytimg.com/vi/WvDnnQPEhto/oardefault.jpg?sqp=-oaymwEdCJUDENAFSFWQAgHyq4qpAwwIARUAAIhCcAHAAQY=&rs=AOn4CLD9niRbfRlvExyEPKCeL5hkulYSpw&usqp=CCk
378,tf72X8W8YeA,주문하신 고양이 부리또 나왔습니다🌯,a burrito-like cat,https://www.youtube.com/shorts/tf72X8W8YeA,https://www.youtube.com/watch?v=tf72X8W8YeA,shorts,shorts,shorts,,,,2500000,기타/엔터테인먼트,https://i.ytimg.com/vi/tf72X8W8YeA/oardefault.jpg?sqp=-oaymwEdCJUDENAFSFWQAgHyq4qpAwwIARUAAIhCcAHAAQY=&rs=AOn4CLBmCsI2gzEkzh77EY_Y-mLe861bYg&usqp=CCk
379,QNmMjlrj8tY,고양이가 개보다 집사를 더 사랑한다는 증거,Cats follow their owners better than dogs?,https://www.youtube.com/shorts/QNmMjlrj8tY,https://www.youtube.com/watch?v=QNmMjlrj8tY,shorts,shorts,shorts,,,,185000,관계/윤리,https://i.ytimg.com/vi/QNmMjlrj8tY/oardefault.jpg?sqp=-oaymwEdCJUDENAFSFWQAgHyq4qpAwwIARUAAIhCcAHAAQY=&rs=AOn4CLDZDafGlfp8X3P77UvCG3yWbvjb2w&usqp=CCk
380,J2JMgfBIT9M,고양이가 여기서 잔다면 집사를 진짜 신뢰하는 겁니다,"If a cat sleeps here, it means it trusts the butler",https://www.youtube.com/shorts/J2JMgfBIT9M,https://www.youtube.com/watch?v=J2JMgfBIT9M,shorts,shorts,shorts,,,,986000,관계/윤리,https://i.ytimg.com/vi/J2JMgfBIT9M/oardefault.jpg?sqp=-oaymwEdCJUDENAFSFWQAgHyq4qpAwwIARUAAIhCcAHAAQY=&rs=AOn4CLBOos_ocMLy_J14JN-lKrT6wJyeeA&usqp=CCk
381,Th9igPP144A,가장 병원에 많이 오는 고양이 질병 1위!,Why cats come to the animal hospital,https://www.youtube.com/shorts/Th9igPP144A,https://www.youtube.com/watch?v=Th9igPP144A,shorts,shorts,shorts,,,,48000,건강/진료,https://i.ytimg.com/vi/Th9igPP144A/oardefault.jpg?sqp=-oaymwEdCJUDENAFSFWQAgHyq4qpAwwIARUAAIhCcAHAAQY=&rs=AOn4CLAPCYVczBwe6LohoAF_NhOA8qm4_A&usqp=CCk
382,ZHCh4IRqHiM,고양이가 나를 사랑하는지 확인하는 법,How to make sure my cat loves me,https://www.youtube.com/shorts/ZHCh4IRqHiM,https://www.youtube.com/watch?v=ZHCh4IRqHiM,shorts,shorts,shorts,,,,118000,기타/엔터테인먼트,https://i.ytimg.com/vi/ZHCh4IRqHiM/oardefault.jpg?sqp=-oaymwEdCJUDENAFSFWQAgHyq4qpAwwIARUAAIhCcAHAAQY=&rs=AOn4CLBAXsAvEt0IvUaL9S2E-BT7H_5urg&usqp=CCk
383,MMzo_HTfI7c,고양이 사료토 어느 정도면 정상인가요?,Why cats should watch their eating behavior carefully,https://www.youtube.com/shorts/MMzo_HTfI7c,https://www.youtube.com/watch?v=MMzo_HTfI7c,shorts,shorts,shorts,,,,148000,건강/진료;생활/돌봄,https://i.ytimg.com/vi/MMzo_HTfI7c/oardefault.jpg?sqp=-oaymwEdCJUDENAFSFWQAgHyq4qpAwwIARUAAIhCcAHAAQY=&rs=AOn4CLAaMEOYq78a_B11XGINgylPR5AFCw&usqp=CCk
384,hXtZWz4O30E,물 위를 걷는 수속성 고양이의 등장,a cat walking on water,https://www.youtube.com/shorts/hXtZWz4O30E,https://www.youtube.com/watch?v=hXtZWz4O30E,shorts,shorts,shorts,,,,58000,기타/엔터테인먼트,https://i.ytimg.com/vi/hXtZWz4O30E/oardefault.jpg?sqp=-oaymwEdCJUDENAFSFWQAgHyq4qpAwwIARUAAIhCcAHAAQY=&rs=AOn4CLDFsjU-_XNnZPUR2ChHHFfLyaDalQ&usqp=CCk
385,8J2ngDNb-TM,고양이 집사가 더 똑똑하다는 연구 결과가 있다고?,고양이 집사가 더 똑똑하다는 연구 결과가 있다고?,https://www.youtube.com/shorts/8J2ngDNb-TM,https://www.youtube.com/watch?v=8J2ngDNb-TM,shorts,shorts,shorts,,,,24000,관계/윤리,https://i.ytimg.com/vi/8J2ngDNb-TM/oardefault.jpg?sqp=-oaymwEdCJUDENAFSFWQAgHyq4qpAwwIARUAAIhCcAHAAQY=&rs=AOn4CLAcMlBBqzpJUSDatMoEF4mQDVe7MQ&usqp=CCk
386,RdqdsLvvmkE,사람을 무는 고양이는 이렇게 대처하세요,Why Cats Bite,https://www.youtube.com/shorts/RdqdsLvvmkE,https://www.youtube.com/watch?v=RdqdsLvvmkE,shorts,shorts,shorts,,,,952000,행동/감정,https://i.ytimg.com/vi/RdqdsLvvmkE/oardefault.jpg?sqp=-oaymwEdCJUDENAFSFWQAgHyq4qpAwwIARUAAIhCcAHAAQY=&rs=AOn4CLBSF-HBnHUrgLTByu8_2jvat4RCJg&usqp=CCk
387,pK9tlsJ7DZQ,역대급 묘한 관상을 가진 고양이,A cat with an unusual physiognomy,https://www.youtube.com/shorts/pK9tlsJ7DZQ,https://www.youtube.com/watch?v=pK9tlsJ7DZQ,shorts,shorts,shorts,,,,23000,기타/엔터테인먼트,https://i.ytimg.com/vi/pK9tlsJ7DZQ/oardefault.jpg?sqp=-oaymwEdCJUDENAFSFWQAgHyq4qpAwwIARUAAIhCcAHAAQY=&rs=AOn4CLAtrEMLRpluDmK1z2QXJE-sUytCrg&usqp=CCk
388,rI7pb6mc9_c,고양이밈 해피캣 실체가 이렇다고?,A cat jumping up and down because it's happy?,https://www.youtube.com/shorts/rI7pb6mc9_c,https://www.youtube.com/watch?v=rI7pb6mc9_c,shorts,shorts,shorts,,,,56000,기타/엔터테인먼트,https://i.ytimg.com/vi/rI7pb6mc9_c/oardefault.jpg?sqp=-oaymwEdCJUDENAFSFWQAgHyq4qpAwwIARUAAIhCcAHAAQY=&rs=AOn4CLD49-O5FyQxOZi1bg8VusX8cNWpuw&usqp=CCk
389,EU4z2WPTSnc,집사 바지 벗기는 게 취미인 고양이가 있다?,집사 바지 벗기는 게 취미인 고양이가 있다?,https://www.youtube.com/shorts/EU4z2WPTSnc,https://www.youtube.com/watch?v=EU4z2WPTSnc,shorts,shorts,shorts,,,,26000,관계/윤리,https://i.ytimg.com/vi/EU4z2WPTSnc/oardefault.jpg?sqp=-oaymwEdCJUDENAFSFWQAgHyq4qpAwwIARUAAIhCcAHAAQY=&rs=AOn4CLA2VS7vzs9ovsLalCj-sOn11ZJLNw&usqp=CCk
390,fX7a5GSwhfk,마음이 불안한 고양이는 이렇게 울어요,"If a cat cries like this, it's a serious problem!",https://www.youtube.com/shorts/fX7a5GSwhfk,https://www.youtube.com/watch?v=fX7a5GSwhfk,shorts,shorts,shorts,,,,418000,행동/감정,https://i.ytimg.com/vi/fX7a5GSwhfk/oardefault.jpg?sqp=-oaymwEdCJUDENAFSFWQAgHyq4qpAwwIARUAAIhCcAHAAQY=&rs=AOn4CLCBU9wifelivr5gZvhMJBVdsxl1Iw&usqp=CCk
391,MpW3aXdQO2g,고양이 앞에서 옷 벗지 마세요🫣,Don't take off your clothes in front of the cat,https://www.youtube.com/shorts/MpW3aXdQO2g,https://www.youtube.com/watch?v=MpW3aXdQO2g,shorts,shorts,shorts,,,,242000,기타/엔터테인먼트,https://i.ytimg.com/vi/MpW3aXdQO2g/oardefault.jpg?sqp=-oaymwEdCJUDENAFSFWQAgHyq4qpAwwIARUAAIhCcAHAAQY=&rs=AOn4CLDjwkIHLm0BMjz70bafWJTwnSlO9Q&usqp=CCk
392,FAWWSSgfuek,나에게는 과분한 너의 돈고..,나에게는 과분한 너의 돈고..,https://www.youtube.com/shorts/FAWWSSgfuek,https://www.youtube.com/watch?v=FAWWSSgfuek,shorts,shorts,shorts,,,,575000,기타/엔터테인먼트,https://i.ytimg.com/vi/FAWWSSgfuek/oardefault.jpg?sqp=-oaymwEdCJUDENAFSFWQAgHyq4qpAwwIARUAAIhCcAHAAQY=&rs=AOn4CLAS0KaMDU5h8XTdjjU_L0OCL2JeAg&usqp=CCk
393,du2OGiDBNqI,길냥이에게 사랑을 주면 생기는 엄청난 변화,The altered appearance of a cat living with a human being,https://www.youtube.com/shorts/du2OGiDBNqI,https://www.youtube.com/watch?v=du2OGiDBNqI,shorts,shorts,shorts,,,,53000,기타/엔터테인먼트,https://i.ytimg.com/vi/du2OGiDBNqI/oardefault.jpg?sqp=-oaymwEdCJUDENAFSFWQAgHyq4qpAwwIARUAAIhCcAHAAQY=&rs=AOn4CLBsZDV8jql6ywJ_cGuzxOdvPcVQkw&usqp=CCk
394,V975wWVAwJg,수의사에게 동숲을 시켜보았다 (절망편),수의사에게 동숲을 시켜보았다 (절망편),https://www.youtube.com/shorts/V975wWVAwJg,https://www.youtube.com/watch?v=V975wWVAwJg,shorts,shorts,shorts,,,,24000,건강/진료,https://i.ytimg.com/vi/V975wWVAwJg/oardefault.jpg?sqp=-oaymwEdCJUDENAFSFWQAgHyq4qpAwwIARUAAIhCcAHAAQY=&rs=AOn4CLBOyPflBLR2YZuwcS6B4k_A1YUJjA&usqp=CCk
395,VA8ecACrg0k,고양이가 밥 먹을 때 5초만 지켜보세요,Watch your cat for just 5 seconds while it eats.,https://www.youtube.com/shorts/VA8ecACrg0k,https://www.youtube.com/watch?v=VA8ecACrg0k,shorts,shorts,shorts,,,,243000,생활/돌봄,https://i.ytimg.com/vi/VA8ecACrg0k/oardefault.jpg?sqp=-oaymwEdCJUDENAFSFWQAgHyq4qpAwwIARUAAIhCcAHAAQY=&rs=AOn4CLB7ES_o7aWC-Rze_yjBWxPQmez_og&usqp=CCk
396,rjeVwJgof48,식탁 빌런 고양이,식탁 빌런 고양이,https://www.youtube.com/shorts/rjeVwJgof48,https://www.youtube.com/watch?v=rjeVwJgof48,shorts,shorts,shorts,,,,513000,기타/엔터테인먼트,https://i.ytimg.com/vi/rjeVwJgof48/oardefault.jpg?sqp=-oaymwEdCJUDENAFSFWQAgHyq4qpAwwIARUAAIhCcAHAAQY=&rs=AOn4CLBAkd6yEx8eQdX2pBhBtIJWzJ1VGg&usqp=CCk
397,fFD5vF1RVIk,쇼츠에 자주 보이던 고양이의 진실,"The real meaning of ""meme"" is cat",https://www.youtube.com/shorts/fFD5vF1RVIk,https://www.youtube.com/watch?v=fFD5vF1RVIk,shorts,shorts,shorts,,,,64000,기타/엔터테인먼트,https://i.ytimg.com/vi/fFD5vF1RVIk/oardefault.jpg?sqp=-oaymwEdCJUDENAFSFWQAgHyq4qpAwwIARUAAIhCcAHAAQY=&rs=AOn4CLB7G1xL7d_E_8fO3XhvAnHc30g5Qw&usqp=CCk
398,3bfMMiCSjSA,우린 그걸 호랑이라고 부르기로 했어요,"Balance game, what's the vet's choice?",https://www.youtube.com/shorts/3bfMMiCSjSA,https://www.youtube.com/watch?v=3bfMMiCSjSA,shorts,shorts,shorts,,,,43000,기타/엔터테인먼트,https://i.ytimg.com/vi/3bfMMiCSjSA/oardefault.jpg?sqp=-oaymwEdCJUDENAFSFWQAgHyq4qpAwwIARUAAIhCcAHAAQY=&rs=AOn4CLCnP8__FnnQZar8k3WEnr7uc7vGQA&usqp=CCk
399,Oc80dQw6sQM,코숏 이 무늬 고양이는 선택받았습니다,The cat in this color was chosen,https://www.youtube.com/shorts/Oc80dQw6sQM,https://www.youtube.com/watch?v=Oc80dQw6sQM,shorts,shorts,shorts,,,,1300000,품종/지식,https://i.ytimg.com/vi/Oc80dQw6sQM/oardefault.jpg?sqp=-oaymwEdCJUDENAFSFWQAgHyq4qpAwwIARUAAIhCcAHAAQY=&rs=AOn4CLAtrg7jj_IOEnN38TseQQZwJCWudg&usqp=CCk
400,VhYrZb48ADU,수의사 17년이면 고양이어를 배웁니다,수의사 17년이면 고양이어를 배웁니다,https://www.youtube.com/shorts/VhYrZb48ADU,https://www.youtube.com/watch?v=VhYrZb48ADU,shorts,shorts,shorts,,,,64000,건강/진료,https://i.ytimg.com/vi/VhYrZb48ADU/oardefault.jpg?sqp=-oaymwEdCJUDENAFSFWQAgHyq4qpAwwIARUAAIhCcAHAAQY=&rs=AOn4CLAG6MwO8i-dvWM5vxFLm6q21Y0O7w&usqp=CCk
401,mEWden4lV1o,꼬순내로 고양이가 아픈지 알 수 있다?,꼬순내로 고양이가 아픈지 알 수 있다?,https://www.youtube.com/shorts/mEWden4lV1o,https://www.youtube.com/watch?v=mEWden4lV1o,shorts,shorts,shorts,,,,84000,기타/엔터테인먼트,https://i.ytimg.com/vi/mEWden4lV1o/oardefault.jpg?sqp=-oaymwEdCJUDENAFSFWQAgHyq4qpAwwIARUAAIhCcAHAAQY=&rs=AOn4CLDPug-hHrKCwuCJHsI01zyCviJA6A&usqp=CCk
402,uxf3zzInjEk,고양이와 오래 함께 하고 싶은 분은 보세요,고양이와 오래 함께 하고 싶은 분은 보세요,https://www.youtube.com/shorts/uxf3zzInjEk,https://www.youtube.com/watch?v=uxf3zzInjEk,shorts,shorts,shorts,,,,73000,기타/엔터테인먼트,https://i.ytimg.com/vi/uxf3zzInjEk/oardefault.jpg?sqp=-oaymwEdCJUDENAFSFWQAgHyq4qpAwwIARUAAIhCcAHAAQY=&rs=AOn4CLCshOvGeKBqjEiNrymV5Rcr43nICQ&usqp=CCk
403,piUaAAHolrs,길가다가 이런 고양이를 유심히 보세요,How to recognize a cat who will pick me in 3 sec,https://www.youtube.com/shorts/piUaAAHolrs,https://www.youtube.com/watch?v=piUaAAHolrs,shorts,shorts,shorts,,,,528000,기타/엔터테인먼트,https://i.ytimg.com/vi/piUaAAHolrs/oardefault.jpg?sqp=-oaymwEdCJUDENAFSFWQAgHyq4qpAwwIARUAAIhCcAHAAQY=&rs=AOn4CLADEF2yaEyvzy55-PSupFvet_zBuQ&usqp=CCk
404,sGExDWcp7OQ,나오세요 고양이!월세 따블로 내세요.,나오세요 고양이!월세 따블로 내세요.,https://www.youtube.com/shorts/sGExDWcp7OQ,https://www.youtube.com/watch?v=sGExDWcp7OQ,shorts,shorts,shorts,,,,38000,기타/엔터테인먼트,https://i.ytimg.com/vi/sGExDWcp7OQ/oardefault.jpg?sqp=-oaymwEdCJUDENAFSFWQAgHyq4qpAwwIARUAAIhCcAHAAQY=&rs=AOn4CLDBsgJkwDLwrZcTLeLQ_bG8JUYnCg&usqp=CCk
405,ESteDIVFsC8,고양이가 '이곳'에서는 절대로 자면 안됩니다!,A place where cats should never sleep,https://www.youtube.com/shorts/ESteDIVFsC8,https://www.youtube.com/watch?v=ESteDIVFsC8,shorts,shorts,shorts,,,,1000000,기타/엔터테인먼트,https://i.ytimg.com/vi/ESteDIVFsC8/oardefault.jpg?sqp=-oaymwEdCJUDENAFSFWQAgHyq4qpAwwIARUAAIhCcAHAAQY=&rs=AOn4CLCfJ1GCXhX7UWkIPB5mCBk6Kw2KDg&usqp=CCk
406,l1VS9tv2VEk,우리집 주인님이 날 좋아하는지 궁금하다면?,If you're wondering if your landlord likes you?,https://www.youtube.com/shorts/l1VS9tv2VEk,https://www.youtube.com/watch?v=l1VS9tv2VEk,shorts,shorts,shorts,,,,230000,기타/엔터테인먼트,https://i.ytimg.com/vi/l1VS9tv2VEk/oardefault.jpg?sqp=-oaymwEdCJUDENAFSFWQAgHyq4qpAwwIARUAAIhCcAHAAQY=&rs=AOn4CLDL4_QdcHQ8V97rIwKDoHpjtvaHgg&usqp=CCk
407,vqCMKVQZbH4,이 세 가지는 꼭 조심하세요!,the behavior of a cat that comes to an animal hospital,https://www.youtube.com/shorts/vqCMKVQZbH4,https://www.youtube.com/watch?v=vqCMKVQZbH4,shorts,shorts,shorts,,,,35000,기타/엔터테인먼트,https://i.ytimg.com/vi/vqCMKVQZbH4/oardefault.jpg?sqp=-oaymwEdCJUDENAFSFWQAgHyq4qpAwwIARUAAIhCcAHAAQY=&rs=AOn4CLBaCVYiYyf2dRhlHVzSiwSKvxZiVg&usqp=CCk
408,WbaWi5c1rzc,우리 고양이가 달라졌어요,우리 고양이가 달라졌어요,https://www.youtube.com/shorts/WbaWi5c1rzc,https://www.youtube.com/watch?v=WbaWi5c1rzc,shorts,shorts,shorts,,,,124000,기타/엔터테인먼트,https://i.ytimg.com/vi/WbaWi5c1rzc/oardefault.jpg?sqp=-oaymwEdCJUDENAFSFWQAgHyq4qpAwwIARUAAIhCcAHAAQY=&rs=AOn4CLDZB7PJS13H89wMfnOsuMFWzTpk2g&usqp=CCk
409,Tqhz-ddJhqg,세계에서 가장 못생긴 동물 1위,세계에서 가장 못생긴 동물 1위,https://www.youtube.com/shorts/Tqhz-ddJhqg,https://www.youtube.com/watch?v=Tqhz-ddJhqg,shorts,shorts,shorts,,,,24000,기타/엔터테인먼트,https://i.ytimg.com/vi/Tqhz-ddJhqg/oardefault.jpg?sqp=-oaymwEdCJUDENAFSFWQAgHyq4qpAwwIARUAAIhCcAHAAQY=&rs=AOn4CLDEovKOg-9bY6lQWOonFZ7uvHtUzQ&usqp=CCk
410,C3dkXAkF6D8,인간보다 먼저 ○○에 간 고양이,인간보다 먼저 ○○에 간 고양이,https://www.youtube.com/shorts/C3dkXAkF6D8,https://www.youtube.com/watch?v=C3dkXAkF6D8,shorts,shorts,shorts,,,,16000,기타/엔터테인먼트,https://i.ytimg.com/vi/C3dkXAkF6D8/oardefault.jpg?sqp=-oaymwEdCJUDENAFSFWQAgHyq4qpAwwIARUAAIhCcAHAAQY=&rs=AOn4CLD0Wy-HqhFsokM2GDUPSk8SAaa6GA&usqp=CCk
411,Qfn1ZKKoRSY,질병과 바로 이어지는 음수량 관리!,질병과 바로 이어지는 음수량 관리!,https://www.youtube.com/shorts/Qfn1ZKKoRSY,https://www.youtube.com/watch?v=Qfn1ZKKoRSY,shorts,shorts,shorts,,,,89000,생활/돌봄,https://i.ytimg.com/vi/Qfn1ZKKoRSY/oardefault.jpg?sqp=-oaymwEdCJUDENAFSFWQAgHyq4qpAwwIARUAAIhCcAHAAQY=&rs=AOn4CLALcVKUWg1Xyg30s-PuLCdlx_WyIw&usqp=CCk
412,CEO8XZUF2xQ,냥생역전한 보호소 고양이,냥생역전한 보호소 고양이,https://www.youtube.com/shorts/CEO8XZUF2xQ,https://www.youtube.com/watch?v=CEO8XZUF2xQ,shorts,shorts,shorts,,,,90000,기타/엔터테인먼트,https://i.ytimg.com/vi/CEO8XZUF2xQ/oardefault.jpg?sqp=-oaymwEdCJUDENAFSFWQAgHyq4qpAwwIARUAAIhCcAHAAQY=&rs=AOn4CLC-b362-xWU7N5n_BlXihzn1Y2Ixw&usqp=CCk
413,TRj6tovs4o4,여러분의 선택은?,여러분의 선택은?,https://www.youtube.com/shorts/TRj6tovs4o4,https://www.youtube.com/watch?v=TRj6tovs4o4,shorts,shorts,shorts,,,,31000,기타/엔터테인먼트,https://i.ytimg.com/vi/TRj6tovs4o4/oardefault.jpg?sqp=-oaymwEdCJUDENAFSFWQAgHyq4qpAwwIARUAAIhCcAHAAQY=&rs=AOn4CLBcZPVstqFbz6kKlBncKiRW-5JZDg&usqp=CCk
414,q5kDs8WyXj0,고양이 목에 카메라를 달아봤다,고양이 목에 카메라를 달아봤다,https://www.youtube.com/shorts/q5kDs8WyXj0,https://www.youtube.com/watch?v=q5kDs8WyXj0,shorts,shorts,shorts,,,,3200000,기타/엔터테인먼트,https://i.ytimg.com/vi/q5kDs8WyXj0/oardefault.jpg?sqp=-oaymwEdCJUDENAFSFWQAgHyq4qpAwwIARUAAIhCcAHAAQY=&rs=AOn4CLAA7-givUh6BdfhgdYpBzIoJV1Y6w&usqp=CCk
415,SFiKzDqFgYI,사람이 고양이에게 옮기는 병,diseases that humans carry to cats,https://www.youtube.com/shorts/SFiKzDqFgYI,https://www.youtube.com/watch?v=SFiKzDqFgYI,shorts,shorts,shorts,,,,41000,기타/엔터테인먼트,https://i.ytimg.com/vi/SFiKzDqFgYI/oardefault.jpg?sqp=-oaymwEdCJUDENAFSFWQAgHyq4qpAwwIARUAAIhCcAHAAQY=&rs=AOn4CLA_BnoEGBAhAJUOvvYcHyk3aSt3lA&usqp=CCk
416,oPH49GxQsk8,위태롭던 길냥이 구조 후 엄청난 변화,위태롭던 길냥이 구조 후 엄청난 변화,https://www.youtube.com/shorts/oPH49GxQsk8,https://www.youtube.com/watch?v=oPH49GxQsk8,shorts,shorts,shorts,,,,37000,관계/윤리,https://i.ytimg.com/vi/oPH49GxQsk8/oardefault.jpg?sqp=-oaymwEdCJUDENAFSFWQAgHyq4qpAwwIARUAAIhCcAHAAQY=&rs=AOn4CLD1wPFi1KhGWE64-0_V5wEnerlwQA&usqp=CCk
417,wZxx37YounY,이런 사람이 실제로 있다고?;;,Is there really such a person?;;,https://www.youtube.com/shorts/wZxx37YounY,https://www.youtube.com/watch?v=wZxx37YounY,shorts,shorts,shorts,,,,22000,기타/엔터테인먼트,https://i.ytimg.com/vi/wZxx37YounY/oardefault.jpg?sqp=-oaymwEdCJUDENAFSFWQAgHyq4qpAwwIARUAAIhCcAHAAQY=&rs=AOn4CLCGrNH5DW9MFrs2cySiaREg6azsWg&usqp=CCk
418,WsBBZbAR22k,이 고양이는 천재입니다!,이 고양이는 천재입니다!,https://www.youtube.com/shorts/WsBBZbAR22k,https://www.youtube.com/watch?v=WsBBZbAR22k,shorts,shorts,shorts,,,,113000,기타/엔터테인먼트,https://i.ytimg.com/vi/WsBBZbAR22k/oardefault.jpg?sqp=-oaymwEdCJUDENAFSFWQAgHyq4qpAwwIARUAAIhCcAHAAQY=&rs=AOn4CLDGN6kgWc6EJryUCZSvoFzIYea2ig&usqp=CCk
419,xTCX89NWS6w,고양이를 보면 화가 나는 과학적인 이유,고양이를 보면 화가 나는 과학적인 이유,https://www.youtube.com/shorts/xTCX89NWS6w,https://www.youtube.com/watch?v=xTCX89NWS6w,shorts,shorts,shorts,,,,18000,기타/엔터테인먼트,https://i.ytimg.com/vi/xTCX89NWS6w/oardefault.jpg?sqp=-oaymwEdCJUDENAFSFWQAgHyq4qpAwwIARUAAIhCcAHAAQY=&rs=AOn4CLCZMKMMmeUfpNSq7BIiEn2wDmxwAQ&usqp=CCk
420,SbArropA5_s,집사라면 멈출 수 없다는 이 행동!,집사라면 멈출 수 없다는 이 행동!,https://www.youtube.com/shorts/SbArropA5_s,https://www.youtube.com/watch?v=SbArropA5_s,shorts,shorts,shorts,,,,28000,행동/감정;관계/윤리,https://i.ytimg.com/vi/SbArropA5_s/oardefault.jpg?sqp=-oaymwEdCJUDENAFSFWQAgHyq4qpAwwIARUAAIhCcAHAAQY=&rs=AOn4CLDWwG1P41sCvGWckNqNLYkEWHdI6g&usqp=CCk
421,LeA-ZjaBLm0,뽀뽀해 줘야 밥 먹는 고양이,뽀뽀해 줘야 밥 먹는 고양이,https://www.youtube.com/shorts/LeA-ZjaBLm0,https://www.youtube.com/watch?v=LeA-ZjaBLm0,shorts,shorts,shorts,,,,218000,생활/돌봄,https://i.ytimg.com/vi/LeA-ZjaBLm0/oardefault.jpg?sqp=-oaymwEdCJUDENAFSFWQAgHyq4qpAwwIARUAAIhCcAHAAQY=&rs=AOn4CLARUuvqg8nuq6fi6TAT0b1EAJPMyQ&usqp=CCk
422,BXbxicTTkyM,행복한 고양이는 이렇게 잡니다,행복한 고양이는 이렇게 잡니다,https://www.youtube.com/shorts/BXbxicTTkyM,https://www.youtube.com/watch?v=BXbxicTTkyM,shorts,shorts,shorts,,,,1500000,기타/엔터테인먼트,https://i.ytimg.com/vi/BXbxicTTkyM/oardefault.jpg?sqp=-oaymwEdCJUDENAFSFWQAgHyq4qpAwwIARUAAIhCcAHAAQY=&rs=AOn4CLBBD-uhLar40QtQW2-ptgU_gcxV-w&usqp=CCk
423,-IlM8MJCpmU,수의사가 고양이 배 만지는 방법ㅋㅋ,How a vet touches a cat's belly lol,https://www.youtube.com/shorts/-IlM8MJCpmU,https://www.youtube.com/watch?v=-IlM8MJCpmU,shorts,shorts,shorts,,,,106000,건강/진료,https://i.ytimg.com/vi/-IlM8MJCpmU/oardefault.jpg?sqp=-oaymwEdCJUDENAFSFWQAgHyq4qpAwwIARUAAIhCcAHAAQY=&rs=AOn4CLAonl0Xh50f_lERWVOKqM3i7nwHpA&usqp=CCk
424,Ukj3kJd4sL0,고양이 집사 데일리 청소 루틴 공개!,Cat Butler's Daily Cleaning Routine Revealed!,https://www.youtube.com/shorts/Ukj3kJd4sL0,https://www.youtube.com/watch?v=Ukj3kJd4sL0,shorts,shorts,shorts,,,,296000,관계/윤리,https://i.ytimg.com/vi/Ukj3kJd4sL0/oardefault.jpg?sqp=-oaymwEdCJUDENAFSFWQAgHyq4qpAwwIARUAAIhCcAHAAQY=&rs=AOn4CLD1STiGhXXldQQ20nIXwqRwAGuQRg&usqp=CCk
425,wYLJAW4CNXQ,인간 껌딱지라는 이 고양이!,This cat is a human gumdrop!,https://www.youtube.com/shorts/wYLJAW4CNXQ,https://www.youtube.com/watch?v=wYLJAW4CNXQ,shorts,shorts,shorts,,,,376000,기타/엔터테인먼트,https://i.ytimg.com/vi/wYLJAW4CNXQ/oardefault.jpg?sqp=-oaymwEdCJUDENAFSFWQAgHyq4qpAwwIARUAAIhCcAHAAQY=&rs=AOn4CLBMIGXdTiR331TG6u-8uzccmH82rw&usqp=CCk
426,uyWBLFZG2l0,꽁꽁 얼어붙은 사모님 앞으로 비둘기가 지나갑니다,꽁꽁 얼어붙은 사모님 앞으로 비둘기가 지나갑니다,https://www.youtube.com/shorts/uyWBLFZG2l0,https://www.youtube.com/watch?v=uyWBLFZG2l0,shorts,shorts,shorts,,,,41000,기타/엔터테인먼트,https://i.ytimg.com/vi/uyWBLFZG2l0/oar2.jpg?sqp=-oaymwEdCJUDENAFSFWQAgHyq4qpAwwIARUAAIhCcAHAAQY=&rs=AOn4CLA-OwMj2Wmv1DC4nMlasfdbl0PFSQ&usqp=CCk
427,lflWfCnm-C8,고양이 집사라면 과일 중 '이 부분' 조심하세요!,"If you're a cat owner, be careful of 'this part' of the fruit!",https://www.youtube.com/shorts/lflWfCnm-C8,https://www.youtube.com/watch?v=lflWfCnm-C8,shorts,shorts,shorts,,,,28000,관계/윤리,https://i.ytimg.com/vi/lflWfCnm-C8/oar2.jpg?sqp=-oaymwEdCJUDENAFSFWQAgHyq4qpAwwIARUAAIhCcAHAAQY=&rs=AOn4CLC8JKKx3ER2oSSp7id4cXMa7zsGbw&usqp=CCk
428,JdmPPoPCkr4,고양이 식탐 3단 변화(갈수록 귀여움 주의),고양이 식탐 3단 변화(갈수록 귀여움 주의),https://www.youtube.com/shorts/JdmPPoPCkr4,https://www.youtube.com/watch?v=JdmPPoPCkr4,shorts,shorts,shorts,,,,130000,행동/감정,https://i.ytimg.com/vi/JdmPPoPCkr4/oar2.jpg?sqp=-oaymwEdCJUDENAFSFWQAgHyq4qpAwwIARUAAIhCcAHAAQY=&rs=AOn4CLB-mW8geZP-xQTXPSUf4UOUZgmMXg&usqp=CCk
429,ccfxmtu8dLk,고양이가 따라온다고 좋아하면 안되는 이유,고양이가 따라온다고 좋아하면 안되는 이유,https://www.youtube.com/shorts/ccfxmtu8dLk,https://www.youtube.com/watch?v=ccfxmtu8dLk,shorts,shorts,shorts,,,,201000,기타/엔터테인먼트,https://i.ytimg.com/vi/ccfxmtu8dLk/oardefault.jpg?sqp=-oaymwEdCJUDENAFSFWQAgHyq4qpAwwIARUAAIhCcAHAAQY=&rs=AOn4CLDIVbA9P25gO1BdVu13uoWvv7coQQ&usqp=CCk
430,1Dqh3izdrqM,절대로! 보이스 피싱에 당하지 않는 방법,절대로! 보이스 피싱에 당하지 않는 방법,https://www.youtube.com/shorts/1Dqh3izdrqM,https://www.youtube.com/watch?v=1Dqh3izdrqM,shorts,shorts,shorts,,,,43000,기타/엔터테인먼트,https://i.ytimg.com/vi/1Dqh3izdrqM/oardefault.jpg?sqp=-oaymwEdCJUDENAFSFWQAgHyq4qpAwwIARUAAIhCcAHAAQY=&rs=AOn4CLCImevOeDAtEXlaLZIMWbNTAa4S1g&usqp=CCk
431,mWY-jbhNYL4,고양이랑 악수하면 안되는 2가지 이유,Why don't cats like their paws touched?,https://www.youtube.com/shorts/mWY-jbhNYL4,https://www.youtube.com/watch?v=mWY-jbhNYL4,shorts,shorts,shorts,,,,1700000,기타/엔터테인먼트,https://i.ytimg.com/vi/mWY-jbhNYL4/oardefault.jpg?sqp=-oaymwEdCJUDENAFSFWQAgHyq4qpAwwIARUAAIhCcAHAAQY=&rs=AOn4CLAl6jkIED6n_544lgNBdzoB0nOVkQ&usqp=CCk
432,T9osP7wJ5Bk,고양이 사진 건지는 가장 쉬운 방법,고양이 사진 건지는 가장 쉬운 방법,https://www.youtube.com/shorts/T9osP7wJ5Bk,https://www.youtube.com/watch?v=T9osP7wJ5Bk,shorts,shorts,shorts,,,,49000,기타/엔터테인먼트,https://i.ytimg.com/vi/T9osP7wJ5Bk/oardefault.jpg?sqp=-oaymwEdCJUDENAFSFWQAgHyq4qpAwwIARUAAIhCcAHAAQY=&rs=AOn4CLBb_qW9pCAm-H6qwUODPWSmzUPgHw&usqp=CCk
433,_X0MlqTnFa4,고양이와 멀어지는 가장 간단한 방법,How to make my cat HATE me,https://www.youtube.com/shorts/_X0MlqTnFa4,https://www.youtube.com/watch?v=_X0MlqTnFa4,shorts,shorts,shorts,,,,1300000,기타/엔터테인먼트,https://i.ytimg.com/vi/_X0MlqTnFa4/oardefault.jpg?sqp=-oaymwEdCJUDENAFSFWQAgHyq4qpAwwIARUAAIhCcAHAAQY=&rs=AOn4CLCru0-rOIyyieLAJoM9PlkB7GLhdw&usqp=CCk
434,-xsMUurlACw,안 본 사람은 있어도 한번만 본 사람은 없다는 영상,안 본 사람은 있어도 한번만 본 사람은 없다는 영상,https://www.youtube.com/shorts/-xsMUurlACw,https://www.youtube.com/watch?v=-xsMUurlACw,shorts,shorts,shorts,,,,103000,기타/엔터테인먼트,https://i.ytimg.com/vi/-xsMUurlACw/oardefault.jpg?sqp=-oaymwEdCJUDENAFSFWQAgHyq4qpAwwIARUAAIhCcAHAAQY=&rs=AOn4CLCtgeoErmueeKeEB-Wjvh9sZtiSlA&usqp=CCk
435,vi9nlm8FTQ4,고양이가 나를 신뢰하는지 확인하는 법,How to know if your cat trusts you,https://www.youtube.com/shorts/vi9nlm8FTQ4,https://www.youtube.com/watch?v=vi9nlm8FTQ4,shorts,shorts,shorts,,,,830000,기타/엔터테인먼트,https://i.ytimg.com/vi/vi9nlm8FTQ4/oardefault.jpg?sqp=-oaymwEdCJUDENAFSFWQAgHyq4qpAwwIARUAAIhCcAHAAQY=&rs=AOn4CLC2aTq0fCMxoL8ypvSRp1BXgt0P9g&usqp=CCk
436,Aj4DNRRGP_U,지금 당장! 고양이 코 색을 확인해보세요,Check your cat's nose color right now!,https://www.youtube.com/shorts/Aj4DNRRGP_U,https://www.youtube.com/watch?v=Aj4DNRRGP_U,shorts,shorts,shorts,,,,311000,기타/엔터테인먼트,https://i.ytimg.com/vi/Aj4DNRRGP_U/oardefault.jpg?sqp=-oaymwEdCJUDENAFSFWQAgHyq4qpAwwIARUAAIhCcAHAAQY=&rs=AOn4CLDQvp7bnS8DUwOXpJ9o375VASGIeA&usqp=CCk
437,p798Z7HQus4,"고양이가 궁디팡팡을 좋아하는 ""진짜"" 이유","The ""Real"" Reason Cats Love Kkung-Dipang-Pang",https://www.youtube.com/shorts/p798Z7HQus4,https://www.youtube.com/watch?v=p798Z7HQus4,shorts,shorts,shorts,,,,428000,기타/엔터테인먼트,https://i.ytimg.com/vi/p798Z7HQus4/oardefault.jpg?sqp=-oaymwEdCJUDENAFSFWQAgHyq4qpAwwIARUAAIhCcAHAAQY=&rs=AOn4CLA_webj20csNFaTuOkrSyYxYcAOkA&usqp=CCk
438,1SaZgaO8MOQ,"사실, 고양이는 이것을 가장 무서워합니다","사실, 고양이는 이것을 가장 무서워합니다",https://www.youtube.com/shorts/1SaZgaO8MOQ,https://www.youtube.com/watch?v=1SaZgaO8MOQ,shorts,shorts,shorts,,,,1100000,기타/엔터테인먼트,https://i.ytimg.com/vi/1SaZgaO8MOQ/oardefault.jpg?sqp=-oaymwEdCJUDENAFSFWQAgHyq4qpAwwIARUAAIhCcAHAAQY=&rs=AOn4CLAdZ3hFuupY-8ntHyJf_iGLOURqdQ&usqp=CCk
439,WS_eOKv-6g0,얼굴형에 따른 고양이 성격?,Cat personality based on face shape?,https://www.youtube.com/shorts/WS_eOKv-6g0,https://www.youtube.com/watch?v=WS_eOKv-6g0,shorts,shorts,shorts,,,,262000,행동/감정,https://i.ytimg.com/vi/WS_eOKv-6g0/oardefault.jpg?sqp=-oaymwEdCJUDENAFSFWQAgHyq4qpAwwIARUAAIhCcAHAAQY=&rs=AOn4CLAq23APqIrGDQnKVeMKL9RdCHi6eA&usqp=CCk
440,-n0zonMartY,반려동물과 사람은 닮을까?,반려동물과 사람은 닮을까?,https://www.youtube.com/shorts/-n0zonMartY,https://www.youtube.com/watch?v=-n0zonMartY,shorts,shorts,shorts,,,,90000,기타/엔터테인먼트,https://i.ytimg.com/vi/-n0zonMartY/oardefault.jpg?sqp=-oaymwEdCJUDENAFSFWQAgHyq4qpAwwIARUAAIhCcAHAAQY=&rs=AOn4CLBFwVVp6A-_e9bBrLwMxMq_0OMbaw&usqp=CCk
441,NsyGKGVYEH8,이런 집사는 되지 마세요! (이유 포함),Don't Be This Butler! (Reasons Included),https://www.youtube.com/shorts/NsyGKGVYEH8,https://www.youtube.com/watch?v=NsyGKGVYEH8,shorts,shorts,shorts,,,,73000,관계/윤리,https://i.ytimg.com/vi/NsyGKGVYEH8/oardefault.jpg?sqp=-oaymwEdCJUDENAFSFWQAgHyq4qpAwwIARUAAIhCcAHAAQY=&rs=AOn4CLAWO4jNWNxArV7u0DNwt0GQqMdyKg&usqp=CCk
442,Fwfhl1TH_dE,네 번째 특징이 가장 끌리시죠?,네 번째 특징이 가장 끌리시죠?,https://www.youtube.com/shorts/Fwfhl1TH_dE,https://www.youtube.com/watch?v=Fwfhl1TH_dE,shorts,shorts,shorts,,,,30000,기타/엔터테인먼트,https://i.ytimg.com/vi/Fwfhl1TH_dE/oardefault.jpg?sqp=-oaymwEdCJUDENAFSFWQAgHyq4qpAwwIARUAAIhCcAHAAQY=&rs=AOn4CLA90KGzpoB3PXKqZ6TnQGZjswUyig&usqp=CCk
443,ht1cjEJeWA8,"""이런"" 고양이를 냥줍하세요 (feat. 수의사)",Pick up a cat like this (feat. vet),https://www.youtube.com/shorts/ht1cjEJeWA8,https://www.youtube.com/watch?v=ht1cjEJeWA8,shorts,shorts,shorts,,,,41000,건강/진료,https://i.ytimg.com/vi/ht1cjEJeWA8/oardefault.jpg?sqp=-oaymwEdCJUDENAFSFWQAgHyq4qpAwwIARUAAIhCcAHAAQY=&rs=AOn4CLC5nkOfHWgvnDJSoiL6bO02X2O5Bw&usqp=CCk
444,l_o6169crog,수의사한테 입양 가기 전 vs 후,수의사한테 입양 가기 전 vs 후,https://www.youtube.com/shorts/l_o6169crog,https://www.youtube.com/watch?v=l_o6169crog,shorts,shorts,shorts,,,,20000,건강/진료;관계/윤리,https://i.ytimg.com/vi/l_o6169crog/oardefault.jpg?sqp=-oaymwEdCJUDENAFSFWQAgHyq4qpAwwIARUAAIhCcAHAAQY=&rs=AOn4CLBxm6Wc5qxnTPHdv-57ZBK16-1Cuw&usqp=CCk
445,Z9VnyxLSZYM,사모 포캣츄 주기 체험 영상😽,사모 포캣츄 주기 체험 영상😽,https://www.youtube.com/shorts/Z9VnyxLSZYM,https://www.youtube.com/watch?v=Z9VnyxLSZYM,shorts,shorts,shorts,,,,,기타/엔터테인먼트,https://i.ytimg.com/vi/Z9VnyxLSZYM/oardefault.jpg?sqp=-oaymwEdCJUDENAFSFWQAgHyq4qpAwwIARUAAIhCcAHAAQY=&rs=AOn4CLAQ0065jZphxIurADKr_wfqqZg76g&usqp=CCk
446,S3DoMNC4dnc,"고양이 ""잘"" 쳐다보는 방법","고양이 ""잘"" 쳐다보는 방법",https://www.youtube.com/shorts/S3DoMNC4dnc,https://www.youtube.com/watch?v=S3DoMNC4dnc,shorts,shorts,shorts,,,,35000,기타/엔터테인먼트,https://i.ytimg.com/vi/S3DoMNC4dnc/oardefault.jpg?sqp=-oaymwEdCJUDENAFSFWQAgHyq4qpAwwIARUAAIhCcAHAAQY=&rs=AOn4CLB7vuQHVfX-YzPsbgeID_yyab6wew&usqp=CCk
447,sxFRHQ9Hum8,고양이 간식주기 체험 영상 😽,고양이 간식주기 체험 영상 😽,https://www.youtube.com/shorts/sxFRHQ9Hum8,https://www.youtube.com/watch?v=sxFRHQ9Hum8,shorts,shorts,shorts,,,,32000,생활/돌봄,https://i.ytimg.com/vi/sxFRHQ9Hum8/oardefault.jpg?sqp=-oaymwEdCJUDENAFSFWQAgHyq4qpAwwIARUAAIhCcAHAAQY=&rs=AOn4CLCzxdiwXc-ETa7x6RfdaYBhFaaaIA&usqp=CCk
448,IFoQttNBHbM,수의사가 확실하게! 알려드립니다,수의사가 확실하게! 알려드립니다,https://www.youtube.com/shorts/IFoQttNBHbM,https://www.youtube.com/watch?v=IFoQttNBHbM,shorts,shorts,shorts,,,,61000,건강/진료,https://i.ytimg.com/vi/IFoQttNBHbM/oardefault.jpg?sqp=-oaymwEdCJUDENAFSFWQAgHyq4qpAwwIARUAAIhCcAHAAQY=&rs=AOn4CLDhvTBBWuwIjxn6P1HL_ruUnV4Rrw&usqp=CCk
449,Ihk0DiGkOos,이거 맞히면 천재 (정답은 마지막에),이거 맞히면 천재 (정답은 마지막에),https://www.youtube.com/shorts/Ihk0DiGkOos,https://www.youtube.com/watch?v=Ihk0DiGkOos,shorts,shorts,shorts,,,,30000,기타/엔터테인먼트,https://i.ytimg.com/vi/Ihk0DiGkOos/oardefault.jpg?sqp=-oaymwEdCJUDENAFSFWQAgHyq4qpAwwIARUAAIhCcAHAAQY=&rs=AOn4CLCuLVoOTUjN3cJvQ_Dpob-bw2SpjQ&usqp=CCk
450,i7xHfb5mvYQ,고양이 특(마지막ㅋㅋㅋㅋ),고양이 특(마지막ㅋㅋㅋㅋ),https://www.youtube.com/shorts/i7xHfb5mvYQ,https://www.youtube.com/watch?v=i7xHfb5mvYQ,shorts,shorts,shorts,,,,81000,기타/엔터테인먼트,https://i.ytimg.com/vi/i7xHfb5mvYQ/oardefault.jpg?sqp=-oaymwEdCJUDENAFSFWQAgHyq4qpAwwIARUAAIhCcAHAAQY=&rs=AOn4CLAHhO_GKu3mIFPliykHcNtAeairyA&usqp=CCk
451,33tMPELlwR0,고양이 싸울 때 내는 소리 TOP3,고양이 싸울 때 내는 소리 TOP3,https://www.youtube.com/shorts/33tMPELlwR0,https://www.youtube.com/watch?v=33tMPELlwR0,shorts,shorts,shorts,,,,27000,기타/엔터테인먼트,https://i.ytimg.com/vi/33tMPELlwR0/oardefault.jpg?sqp=-oaymwEdCJUDENAFSFWQAgHyq4qpAwwIARUAAIhCcAHAAQY=&rs=AOn4CLCvDCv5j1nDFytf02p3G0qGJhG9XA&usqp=CCk
452,H-9EggnQsGw,고양이 신체에서 2미터인 것은?,고양이 신체에서 2미터인 것은?,https://www.youtube.com/shorts/H-9EggnQsGw,https://www.youtube.com/watch?v=H-9EggnQsGw,shorts,shorts,shorts,,,,20000,기타/엔터테인먼트,https://i.ytimg.com/vi/H-9EggnQsGw/oardefault.jpg?sqp=-oaymwEdCJUDENAFSFWQAgHyq4qpAwwIARUAAIhCcAHAAQY=&rs=AOn4CLCIkUG6bl1bTx-YMnwqw6-Of3HvfA&usqp=CCk
453,oidEtI4TDBc,고양이가 똑똑한 건 장점이 아니다?,고양이가 똑똑한 건 장점이 아니다?,https://www.youtube.com/shorts/oidEtI4TDBc,https://www.youtube.com/watch?v=oidEtI4TDBc,shorts,shorts,shorts,,,,58000,기타/엔터테인먼트,https://i.ytimg.com/vi/oidEtI4TDBc/oardefault.jpg?sqp=-oaymwEdCJUDENAFSFWQAgHyq4qpAwwIARUAAIhCcAHAAQY=&rs=AOn4CLDuefzi9HrioFe6VwJhnCr5yUo-Uw&usqp=CCk
454,Nyp8eD2xt0s,애기씨는 거기 살아 엄마는 갈 거야,애기씨는 거기 살아 엄마는 갈 거야,https://www.youtube.com/shorts/Nyp8eD2xt0s,https://www.youtube.com/watch?v=Nyp8eD2xt0s,shorts,shorts,shorts,,,,49000,서사/상담,https://i.ytimg.com/vi/Nyp8eD2xt0s/oardefault.jpg?sqp=-oaymwEdCJUDENAFSFWQAgHyq4qpAwwIARUAAIhCcAHAAQY=&rs=AOn4CLD1GwOQoa42J3nz4ttwATez4sHdaQ&usqp=CCk
455,EutZiRCODF8,여러분이 아는 삼색이는 어떤가요?,여러분이 아는 삼색이는 어떤가요?,https://www.youtube.com/shorts/EutZiRCODF8,https://www.youtube.com/watch?v=EutZiRCODF8,shorts,shorts,shorts,,,,53000,기타/엔터테인먼트,https://i.ytimg.com/vi/EutZiRCODF8/oardefault.jpg?sqp=-oaymwEdCJUDENAFSFWQAgHyq4qpAwwIARUAAIhCcAHAAQY=&rs=AOn4CLBO4nExHXdeePhkwgp-tdD5omXxBg&usqp=CCk
456,buKJCfGtzcs,고양이면 사랑하는 장소 (반전주의),고양이면 사랑하는 장소 (반전주의),https://www.youtube.com/shorts/buKJCfGtzcs,https://www.youtube.com/watch?v=buKJCfGtzcs,shorts,shorts,shorts,,,,55000,기타/엔터테인먼트,https://i.ytimg.com/vi/buKJCfGtzcs/oardefault.jpg?sqp=-oaymwEdCJUDENAFSFWQAgHyq4qpAwwIARUAAIhCcAHAAQY=&rs=AOn4CLA0eZszo5W6oSgGXCd70G4skjCvdw&usqp=CCk
457,kT4qImsbe5M,고양이에게 뽀뽀하면 벌어지는 충격적인 일(꼭 끝까지 보세요!),The shocking thing that happens when you kiss a cat (be sure to watch until the end!),https://www.youtube.com/shorts/kT4qImsbe5M,https://www.youtube.com/watch?v=kT4qImsbe5M,shorts,shorts,shorts,,,,461000,기타/엔터테인먼트,https://i.ytimg.com/vi/kT4qImsbe5M/oardefault.jpg?sqp=-oaymwEdCJUDENAFSFWQAgHyq4qpAwwIARUAAIhCcAHAAQY=&rs=AOn4CLA1z7szh0ay00yX_y43x0N4Ov6pUQ&usqp=CCk
458,EKaCH7o6UtE,😶사료😶의 브이로그,Cat feed's Vlog,https://www.youtube.com/shorts/EKaCH7o6UtE,https://www.youtube.com/watch?v=EKaCH7o6UtE,shorts,shorts,shorts,,,,33000,서사/상담;생활/돌봄,https://i.ytimg.com/vi/EKaCH7o6UtE/oardefault.jpg?sqp=-oaymwEdCJUDENAFSFWQAgHyq4qpAwwIARUAAIhCcAHAAQY=&rs=AOn4CLB5adK5qzDSeZecz1Z31dCB3iWp3A&usqp=CCk
459,C3ckmqHyiEE,집사들도 몰랐던 사실 (꼭 끝까지 보세요!),Facts Even Butlers Didn't Know (Make sure to watch till the end!),https://www.youtube.com/shorts/C3ckmqHyiEE,https://www.youtube.com/watch?v=C3ckmqHyiEE,shorts,shorts,shorts,,,,878000,관계/윤리,https://i.ytimg.com/vi/C3ckmqHyiEE/oardefault.jpg?sqp=-oaymwEdCJUDENAFSFWQAgHyq4qpAwwIARUAAIhCcAHAAQY=&rs=AOn4CLD86ryk4LbliCluHFJ8t0KKjdXn0Q&usqp=CCk
460,KOAlF6PfizA,우리집 고양이에게 꼭 따라해주세요!,우리집 고양이에게 꼭 따라해주세요!,https://www.youtube.com/shorts/KOAlF6PfizA,https://www.youtube.com/watch?v=KOAlF6PfizA,shorts,shorts,shorts,,,,144000,기타/엔터테인먼트,https://i.ytimg.com/vi/KOAlF6PfizA/oardefault.jpg?sqp=-oaymwEdCJUDENAFSFWQAgHyq4qpAwwIARUAAIhCcAHAAQY=&rs=AOn4CLDMRE9TH8Hz_H01gXkq6za8V3XHcA&usqp=CCk
461,ocpNvzqD5uM,고양이 기분 1초 만에 파악하는 법,고양이 기분 1초 만에 파악하는 법,https://www.youtube.com/shorts/ocpNvzqD5uM,https://www.youtube.com/watch?v=ocpNvzqD5uM,shorts,shorts,shorts,,,,73000,기타/엔터테인먼트,https://i.ytimg.com/vi/ocpNvzqD5uM/oardefault.jpg?sqp=-oaymwEdCJUDENAFSFWQAgHyq4qpAwwIARUAAIhCcAHAAQY=&rs=AOn4CLD1P7pJ0NKkO7YfmO4tXHW8TX-v-A&usqp=CCk
462,RZHCG9WZkf8,"유튜브 3대 얼짱냥 ""그 고양이""의 애교","유튜브 3대 얼짱냥 ""그 고양이""의 애교",https://www.youtube.com/shorts/RZHCG9WZkf8,https://www.youtube.com/watch?v=RZHCG9WZkf8,shorts,shorts,shorts,,,,233000,기타/엔터테인먼트,https://i.ytimg.com/vi/RZHCG9WZkf8/oardefault.jpg?sqp=-oaymwEdCJUDENAFSFWQAgHyq4qpAwwIARUAAIhCcAHAAQY=&rs=AOn4CLDmS5imIpZ7zNCwwCLsORGtLrNcIQ&usqp=CCk
463,EEgM3ba40KA,(집사 공감 1000%) 고양이가 사랑하는 박스 특,(집사 공감 1000%) 고양이가 사랑하는 박스 특,https://www.youtube.com/shorts/EEgM3ba40KA,https://www.youtube.com/watch?v=EEgM3ba40KA,shorts,shorts,shorts,,,,38000,관계/윤리,https://i.ytimg.com/vi/EEgM3ba40KA/oar2.jpg?sqp=-oaymwEdCJUDENAFSFWQAgHyq4qpAwwIARUAAIhCcAHAAQY=&rs=AOn4CLAsuYCfOUglNbQMxInkEJvzeGesdQ&usqp=CCk
464,aEWQ4Fh6NvU,"고양이가 ""이렇게"" 울면 뭔가 잘못된 겁니다","If a cat cries ""like this,"" something is wrong",https://www.youtube.com/shorts/aEWQ4Fh6NvU,https://www.youtube.com/watch?v=aEWQ4Fh6NvU,shorts,shorts,shorts,,,,283000,기타/엔터테인먼트,https://i.ytimg.com/vi/aEWQ4Fh6NvU/oardefault.jpg?sqp=-oaymwEdCJUDENAFSFWQAgHyq4qpAwwIARUAAIhCcAHAAQY=&rs=AOn4CLCrbbLyZbuN7Ar5AX1hanRh2SCENg&usqp=CCk
465,vw_6S6IMhWs,"0원 고양이 장난감, 두 고양이의 반응은?","0원 고양이 장난감, 두 고양이의 반응은?",https://www.youtube.com/shorts/vw_6S6IMhWs,https://www.youtube.com/watch?v=vw_6S6IMhWs,shorts,shorts,shorts,,,,57000,생활/돌봄,https://i.ytimg.com/vi/vw_6S6IMhWs/oardefault.jpg?sqp=-oaymwEdCJUDENAFSFWQAgHyq4qpAwwIARUAAIhCcAHAAQY=&rs=AOn4CLB2HV9EPSfbMtTC_f5EBO4jwhRGzg&usqp=CCk
466,0qSs8vJ2ETI,이게 개야 고양이야?,a cat like a dog,https://www.youtube.com/shorts/0qSs8vJ2ETI,https://www.youtube.com/watch?v=0qSs8vJ2ETI,shorts,shorts,shorts,,,,271000,기타/엔터테인먼트,https://i.ytimg.com/vi/0qSs8vJ2ETI/oardefault.jpg?sqp=-oaymwEdCJUDENAFSFWQAgHyq4qpAwwIARUAAIhCcAHAAQY=&rs=AOn4CLAkInq_bInWcTPDZxchDYiL5zrJZw&usqp=CCk
467,v8yMvsxWGRo,"고양이 ""이렇게"" 쓰다듬지 마세요!","""Like this."" Don't pet the cat",https://www.youtube.com/shorts/v8yMvsxWGRo,https://www.youtube.com/watch?v=v8yMvsxWGRo,shorts,shorts,shorts,,,,1100000,기타/엔터테인먼트,https://i.ytimg.com/vi/v8yMvsxWGRo/oardefault.jpg?sqp=-oaymwEdCJUDENAFSFWQAgHyq4qpAwwIARUAAIhCcAHAAQY=&rs=AOn4CLBpj3xStplnLdvIFMg9UsL1I0EN7Q&usqp=CCk
468,Q-Y8L7SIgLY,"고양이 ""야옹""소리의 진짜 뜻","The cat's ""Meow""",https://www.youtube.com/shorts/Q-Y8L7SIgLY,https://www.youtube.com/watch?v=Q-Y8L7SIgLY,shorts,shorts,shorts,,,,90000,기타/엔터테인먼트,https://i.ytimg.com/vi/Q-Y8L7SIgLY/oardefault.jpg?sqp=-oaymwEdCJUDENAFSFWQAgHyq4qpAwwIARUAAIhCcAHAAQY=&rs=AOn4CLDgk5iEANwpzgacmx1ZGs34Smnhow&usqp=CCk
469,L-4JEh0hP0Y,(수의사 시범 有) 최신 유행 고양이 미용 TOP4,(Veterinarian Demonstration) Top 4 Latest Cat Grooming Trends,https://www.youtube.com/shorts/L-4JEh0hP0Y,https://www.youtube.com/watch?v=L-4JEh0hP0Y,shorts,shorts,shorts,,,,496000,건강/진료,https://i.ytimg.com/vi/L-4JEh0hP0Y/oardefault.jpg?sqp=-oaymwEdCJUDENAFSFWQAgHyq4qpAwwIARUAAIhCcAHAAQY=&rs=AOn4CLCxHUjH1D1YyL_0fzZEwgJ-2uHjPg&usqp=CCk
470,ohvHo6Ci3mc,고양이가 극혐하는 사람 TOP3,Top 3 People Who Hate Cats,https://www.youtube.com/shorts/ohvHo6Ci3mc,https://www.youtube.com/watch?v=ohvHo6Ci3mc,shorts,shorts,shorts,,,,965000,기타/엔터테인먼트,https://i.ytimg.com/vi/ohvHo6Ci3mc/oardefault.jpg?sqp=-oaymwEdCJUDENAFSFWQAgHyq4qpAwwIARUAAIhCcAHAAQY=&rs=AOn4CLDvP-STIRP--Wtai9b9aHqAPUvC8w&usqp=CCk
471,2LYZ7vWwjkk,고냥구 스캔들,고냥구 스캔들,https://www.youtube.com/shorts/2LYZ7vWwjkk,https://www.youtube.com/watch?v=2LYZ7vWwjkk,shorts,shorts,shorts,,,,,기타/엔터테인먼트,https://i.ytimg.com/vi/2LYZ7vWwjkk/oar2.jpg?sqp=-oaymwEdCJUDENAFSFWQAgHyq4qpAwwIARUAAIhCcAHAAQY=&rs=AOn4CLBf8xxLBQHTZ_ePU0G_PhmWi5KX6Q&usqp=CCk
472,Vb3Wm6s6u8M,랍스타가 먹고싶었던 고양이가 결국 저지른 행동,랍스타가 먹고싶었던 고양이가 결국 저지른 행동,https://www.youtube.com/shorts/Vb3Wm6s6u8M,https://www.youtube.com/watch?v=Vb3Wm6s6u8M,shorts,shorts,shorts,,,,207000,행동/감정,https://i.ytimg.com/vi/Vb3Wm6s6u8M/oardefault.jpg?sqp=-oaymwEdCJUDENAFSFWQAgHyq4qpAwwIARUAAIhCcAHAAQY=&rs=AOn4CLCVNiAhnadzXmWSPl8CwnOj-bCnyQ&usqp=CCk
473,NQwYrIEQWok,"고양이가 ""이 표정""을 한다면 이제 큰일난 겁니다","If you find this cat's expression, you must run away immediately",https://www.youtube.com/shorts/NQwYrIEQWok,https://www.youtube.com/watch?v=NQwYrIEQWok,shorts,shorts,shorts,,,,158000,기타/엔터테인먼트,https://i.ytimg.com/vi/NQwYrIEQWok/oardefault.jpg?sqp=-oaymwEdCJUDENAFSFWQAgHyq4qpAwwIARUAAIhCcAHAAQY=&rs=AOn4CLCNAzzNaTQLsRTf1lHJU3IGi0vdKg&usqp=CCk
474,mLSx264kQic,아무도 몰랐던 고양이 입양 경로,아무도 몰랐던 고양이 입양 경로,https://www.youtube.com/shorts/mLSx264kQic,https://www.youtube.com/watch?v=mLSx264kQic,shorts,shorts,shorts,,,,447000,관계/윤리,https://i.ytimg.com/vi/mLSx264kQic/oardefault.jpg?sqp=-oaymwEdCJUDENAFSFWQAgHyq4qpAwwIARUAAIhCcAHAAQY=&rs=AOn4CLDDKEuOzScX7Wd1HUXsQdrIuj3VoA&usqp=CCk
475,tY_yR_dPnao,고양이가 행복한지 1초만에 아는 법,How to know if your cat is happy in 1 sec,https://www.youtube.com/shorts/tY_yR_dPnao,https://www.youtube.com/watch?v=tY_yR_dPnao,shorts,shorts,shorts,,,,2000000,기타/엔터테인먼트,https://i.ytimg.com/vi/tY_yR_dPnao/oardefault.jpg?sqp=-oaymwEdCJUDENAFSFWQAgHyq4qpAwwIARUAAIhCcAHAAQY=&rs=AOn4CLDWM0M0n_Ma4k05nJwmsb1Dc64OJQ&usqp=CCk
476,hD7yKcXaSTA,고양이 놀렸는데 반응이..?,고양이 놀렸는데 반응이..?,https://www.youtube.com/shorts/hD7yKcXaSTA,https://www.youtube.com/watch?v=hD7yKcXaSTA,shorts,shorts,shorts,,,,49000,기타/엔터테인먼트,https://i.ytimg.com/vi/hD7yKcXaSTA/oardefault.jpg?sqp=-oaymwEdCJUDENAFSFWQAgHyq4qpAwwIARUAAIhCcAHAAQY=&rs=AOn4CLAkgE8wHjYxDOjxYagz9UJh3kzChw&usqp=CCk
477,T_baDRUwbA0,제발 이런 것 좀 만들지 마세요,a cat thing that a veterinarian doesn't buy,https://www.youtube.com/shorts/T_baDRUwbA0,https://www.youtube.com/watch?v=T_baDRUwbA0,shorts,shorts,shorts,,,,96000,기타/엔터테인먼트,https://i.ytimg.com/vi/T_baDRUwbA0/oardefault.jpg?sqp=-oaymwEdCJUDENAFSFWQAgHyq4qpAwwIARUAAIhCcAHAAQY=&rs=AOn4CLC0nWYYePm9S4HhXxo3_zDNIOBQ0g&usqp=CCk
478,7fvgXaw8O94,미야옹철입니다. 왕따설 해명합니다.,미야옹철입니다. 왕따설 해명합니다.,https://www.youtube.com/shorts/7fvgXaw8O94,https://www.youtube.com/watch?v=7fvgXaw8O94,shorts,shorts,shorts,,,,113000,기타/엔터테인먼트,https://i.ytimg.com/vi/7fvgXaw8O94/oardefault.jpg?sqp=-oaymwEdCJUDENAFSFWQAgHyq4qpAwwIARUAAIhCcAHAAQY=&rs=AOn4CLCBbAHJa1mNIoKFR90ULvXXmCqv5w&usqp=CCk
479,XXljZPkW7y0,지금 당장 해보세요!,지금 당장 해보세요!,https://www.youtube.com/shorts/XXljZPkW7y0,https://www.youtube.com/watch?v=XXljZPkW7y0,shorts,shorts,shorts,,,,159000,기타/엔터테인먼트,https://i.ytimg.com/vi/XXljZPkW7y0/oardefault.jpg?sqp=-oaymwEdCJUDENAFSFWQAgHyq4qpAwwIARUAAIhCcAHAAQY=&rs=AOn4CLCqYKC9RvE_6RnPqMwkZKCxit4_TA&usqp=CCk
480,0HbyP5_pEfw,전생에 덕 쌓은 집사만 할 수 있는 행동,전생에 덕 쌓은 집사만 할 수 있는 행동,https://www.youtube.com/shorts/0HbyP5_pEfw,https://www.youtube.com/watch?v=0HbyP5_pEfw,shorts,shorts,shorts,,,,156000,행동/감정;관계/윤리,https://i.ytimg.com/vi/0HbyP5_pEfw/oardefault.jpg?sqp=-oaymwEdCJUDENAFSFWQAgHyq4qpAwwIARUAAIhCcAHAAQY=&rs=AOn4CLBM5mJtIXrTyGebElTQiJsiQ4Nm3A&usqp=CCk
481,trEsT0aGeAQ,이 무늬의 고양이는 까칠하다?!,Is this patterned cat grumpy?!,https://www.youtube.com/shorts/trEsT0aGeAQ,https://www.youtube.com/watch?v=trEsT0aGeAQ,shorts,shorts,shorts,,,,34000,기타/엔터테인먼트,https://i.ytimg.com/vi/trEsT0aGeAQ/oardefault.jpg?usqp=CCk
482,VviL_AQsv0k,현실에선 고양이 전문가인 내가 이 세계에선 0표남?!,Cat expert in real world but outsider in this world?,https://www.youtube.com/shorts/VviL_AQsv0k,https://www.youtube.com/watch?v=VviL_AQsv0k,shorts,shorts,shorts,,,,532000,기타/엔터테인먼트,https://i.ytimg.com/vi/VviL_AQsv0k/oardefault.jpg?sqp=-oaymwEdCJUDENAFSFWQAgHyq4qpAwwIARUAAIhCcAHAAQY=&rs=AOn4CLBMeI-xEhMMoBWyjWryTRNyu5bAcg&usqp=CCk
483,iLsa3UjSgMs,의외로 “이것”때문에 고양이들이 죽습니다,"Surprisingly, cats die because of “this”",https://www.youtube.com/shorts/iLsa3UjSgMs,https://www.youtube.com/watch?v=iLsa3UjSgMs,shorts,shorts,shorts,,,,58000,기타/엔터테인먼트,https://i.ytimg.com/vi/iLsa3UjSgMs/oardefault.jpg?usqp=CCk
484,N6xQb7Kd8k8,1초만에 고양이 성격 파악하는 방법,1초만에 고양이 성격 파악하는 방법,https://www.youtube.com/shorts/N6xQb7Kd8k8,https://www.youtube.com/watch?v=N6xQb7Kd8k8,shorts,shorts,shorts,,,,226000,행동/감정,https://i.ytimg.com/vi/N6xQb7Kd8k8/oardefault.jpg?usqp=CCk
485,2g3YxdZyJ5I,고양이가 이런다고 좋아하면 안되는 이유,When a cat feels lonely,https://www.youtube.com/shorts/2g3YxdZyJ5I,https://www.youtube.com/watch?v=2g3YxdZyJ5I,shorts,shorts,shorts,,,,55000,기타/엔터테인먼트,https://i.ytimg.com/vi/2g3YxdZyJ5I/oardefault.jpg?usqp=CCk
486,_9KWGjH1rgA,애기씨씨티비,애기씨씨티비,https://www.youtube.com/shorts/_9KWGjH1rgA,https://www.youtube.com/watch?v=_9KWGjH1rgA,shorts,shorts,shorts,,,,,기타/엔터테인먼트,https://i.ytimg.com/vi/_9KWGjH1rgA/oar2.jpg?sqp=-oaymwEdCJUDENAFSFWQAgHyq4qpAwwIARUAAIhCcAHAAQY=&rs=AOn4CLCz6C0sAjDeMAiGcVT050o5LhLWWg&usqp=CCk
487,JUD5V2-TS-w,붓으로 고양이를 그려보자👩‍🎨,붓으로 고양이를 그려보자👩‍🎨,https://www.youtube.com/shorts/JUD5V2-TS-w,https://www.youtube.com/watch?v=JUD5V2-TS-w,shorts,shorts,shorts,,,,42000,기타/엔터테인먼트,https://i.ytimg.com/vi/JUD5V2-TS-w/oar2.jpg?sqp=-oaymwEdCJUDENAFSFWQAgHyq4qpAwwIARUAAIhCcAHAAQY=&rs=AOn4CLDSUV4TpBNrXXtI1kNGKZAH9x6oSg&usqp=CCk
488,JS5x_PfrfoU,이것만 있으면 나도 고양이 있어,이것만 있으면 나도 고양이 있어,https://www.youtube.com/shorts/JS5x_PfrfoU,https://www.youtube.com/watch?v=JS5x_PfrfoU,shorts,shorts,shorts,,,,133000,기타/엔터테인먼트,https://i.ytimg.com/vi/JS5x_PfrfoU/oar2.jpg?sqp=-oaymwEdCJUDENAFSFWQAgHyq4qpAwwIARUAAIhCcAHAAQY=&rs=AOn4CLDdgWwjod_yfa7-MzBT_qsEhcjdww&usqp=CCk
489,_wAKhOZ1c70,집사 핸드폰 바꾼 이유2,집사 핸드폰 바꾼 이유2,https://www.youtube.com/shorts/_wAKhOZ1c70,https://www.youtube.com/watch?v=_wAKhOZ1c70,shorts,shorts,shorts,,,,70000,관계/윤리,https://i.ytimg.com/vi/_wAKhOZ1c70/oardefault.jpg?sqp=-oaymwEdCJUDENAFSFWQAgHyq4qpAwwIARUAAIhCcAHAAQY=&rs=AOn4CLBjCdahnmrLA32E75N5MPa4cxxUWA&usqp=CCk
490,RYPnxyo5aCc,집사 핸드폰 바꾼 이유,집사 핸드폰 바꾼 이유,https://www.youtube.com/shorts/RYPnxyo5aCc,https://www.youtube.com/watch?v=RYPnxyo5aCc,shorts,shorts,shorts,,,,61000,관계/윤리,https://i.ytimg.com/vi/RYPnxyo5aCc/oardefault.jpg?sqp=-oaymwEdCJUDENAFSFWQAgHyq4qpAwwIARUAAIhCcAHAAQY=&rs=AOn4CLCo1i0mvlNDAMgDYLs8tjzfJs5V6Q&usqp=CCk
491,gbI5E0umUz8,수의사가 경배하는 천사고양이 3대장,The three ANGELs of the cat world (even vet agrees),https://www.youtube.com/shorts/gbI5E0umUz8,https://www.youtube.com/watch?v=gbI5E0umUz8,shorts,shorts,shorts,,,,1600000,건강/진료,https://i.ytimg.com/vi/gbI5E0umUz8/oardefault.jpg?sqp=-oaymwEdCJUDENAFSFWQAgHyq4qpAwwIARUAAIhCcAHAAQY=&rs=AOn4CLBrOUQ3lr2D9LlQYuD3rXzZvmSEHQ&usqp=CCk
492,X2g5kOgmDwk,고양이가 집사를 사랑할 때 하는 행동,고양이가 집사를 사랑할 때 하는 행동,https://www.youtube.com/shorts/X2g5kOgmDwk,https://www.youtube.com/watch?v=X2g5kOgmDwk,shorts,shorts,shorts,,,,223000,행동/감정;관계/윤리,https://i.ytimg.com/vi/X2g5kOgmDwk/oar2.jpg?sqp=-oaymwEdCJUDENAFSFWQAgHyq4qpAwwIARUAAIhCcAHAAQY=&rs=AOn4CLCKlaREMCYL97ltZ8mJr5Zn1cxXdQ&usqp=CCk
493,RQ09F33Y3zw,날고있다냥✈️,날고있다냥✈️,https://www.youtube.com/shorts/RQ09F33Y3zw,https://www.youtube.com/watch?v=RQ09F33Y3zw,shorts,shorts,shorts,,,,50000,기타/엔터테인먼트,https://i.ytimg.com/vi/RQ09F33Y3zw/oar2.jpg?sqp=-oaymwEdCJUDENAFSFWQAgHyq4qpAwwIARUAAIhCcAHAAQY=&rs=AOn4CLAqQVAUjQueSZGhtSl17S6eP0sD2A&usqp=CCk
494,wtonYQyjCzU,사람보다 타자 빨리 치는 고양이,사람보다 타자 빨리 치는 고양이,https://www.youtube.com/shorts/wtonYQyjCzU,https://www.youtube.com/watch?v=wtonYQyjCzU,shorts,shorts,shorts,,,,71000,기타/엔터테인먼트,https://i.ytimg.com/vi/wtonYQyjCzU/oar2.jpg?sqp=-oaymwEdCJUDENAFSFWQAgHyq4qpAwwIARUAAIhCcAHAAQY=&rs=AOn4CLBHSsAigZuwwOoPRNNRNfGf6lrpJQ&usqp=CCk
495,Et3iDU-ebbg,애기씨 저녁 루틴,애기씨 저녁 루틴,https://www.youtube.com/shorts/Et3iDU-ebbg,https://www.youtube.com/watch?v=Et3iDU-ebbg,shorts,shorts,shorts,,,,,기타/엔터테인먼트,https://i.ytimg.com/vi/Et3iDU-ebbg/oar2.jpg?sqp=-oaymwEdCJUDENAFSFWQAgHyq4qpAwwIARUAAIhCcAHAAQY=&rs=AOn4CLAzQWC16SY9Alq2pFJrb7P_xB-PAA&usqp=CCk
496,KDJv8m-42PQ,집사만 입이고 애기씬 주둥이냥!,집사만 입이고 애기씬 주둥이냥!,https://www.youtube.com/shorts/KDJv8m-42PQ,https://www.youtube.com/watch?v=KDJv8m-42PQ,shorts,shorts,shorts,,,,177000,관계/윤리,https://i.ytimg.com/vi/KDJv8m-42PQ/oar2.jpg?sqp=-oaymwEdCJUDENAFSFWQAgHyq4qpAwwIARUAAIhCcAHAAQY=&rs=AOn4CLA95zOsuV1TJLu01sLi-RqEz1PlMQ&usqp=CCk
497,ICaRXB-2Iq8,마지막 손 위치가 킬포ㅋㅋㅋ,마지막 손 위치가 킬포ㅋㅋㅋ,https://www.youtube.com/shorts/ICaRXB-2Iq8,https://www.youtube.com/watch?v=ICaRXB-2Iq8,shorts,shorts,shorts,,,,54000,기타/엔터테인먼트,https://i.ytimg.com/vi/ICaRXB-2Iq8/oar2.jpg?sqp=-oaymwEdCJUDENAFSFWQAgHyq4qpAwwIARUAAIhCcAHAAQY=&rs=AOn4CLDNWmxs_29axPo_UaNUsNmqzGD53Q&usqp=CCk
498,OBXfBCD5B4w,고양이는 피아노 나는 피아니스트🎹,고양이는 피아노 나는 피아니스트🎹,https://www.youtube.com/shorts/OBXfBCD5B4w,https://www.youtube.com/watch?v=OBXfBCD5B4w,shorts,shorts,shorts,,,,27000,기타/엔터테인먼트,https://i.ytimg.com/vi/OBXfBCD5B4w/oar2.jpg?sqp=-oaymwEdCJUDENAFSFWQAgHyq4qpAwwIARUAAIhCcAHAAQY=&rs=AOn4CLCzEaNfilmKx0mZyb3623V8OAEEtg&usqp=CCk
499,ZKmXGa0CcHg,누가 더 서열이 높아보이나요?,누가 더 서열이 높아보이나요?,https://www.youtube.com/shorts/ZKmXGa0CcHg,https://www.youtube.com/watch?v=ZKmXGa0CcHg,shorts,shorts,shorts,,,,50000,기타/엔터테인먼트,https://i.ytimg.com/vi/ZKmXGa0CcHg/oar2.jpg?sqp=-oaymwEdCJUDENAFSFWQAgHyq4qpAwwIARUAAIhCcAHAAQY=&rs=AOn4CLCF6cRCDerTXub_hWjpBvOShj1KQw&usqp=CCk
500,1M58BQ9Wpng,애기씨 몇층 살아?,애기씨 몇층 살아?,https://www.youtube.com/shorts/1M58BQ9Wpng,https://www.youtube.com/watch?v=1M58BQ9Wpng,shorts,shorts,shorts,,,,37000,기타/엔터테인먼트,https://i.ytimg.com/vi/1M58BQ9Wpng/oar2.jpg?sqp=-oaymwEdCI0DENAFSFWQAgHyq4qpAwwIARUAAIhCcAHAAQY=&rs=AOn4CLC_ttzpr5cxQnH01HnpBVlJO0YAgw&usqp=CCk
501,WMEDizv0olw,이건 진짜 추천입니다,이건 진짜 추천입니다,https://www.youtube.com/shorts/WMEDizv0olw,https://www.youtube.com/watch?v=WMEDizv0olw,shorts,shorts,shorts,,,,44000,기타/엔터테인먼트,https://i.ytimg.com/vi/WMEDizv0olw/oar2.jpg?sqp=-oaymwEdCJUDENAFSFWQAgHyq4qpAwwIARUAAIhCcAHAAQY=&rs=AOn4CLCy1-Dg5-h3pK4pflg8ZTyOAhKqoA&usqp=CCk
502,4RKRRNEnJTc,손은 좀 그래,손은 좀 그래,https://www.youtube.com/shorts/4RKRRNEnJTc,https://www.youtube.com/watch?v=4RKRRNEnJTc,shorts,shorts,shorts,,,,533000,기타/엔터테인먼트,https://i.ytimg.com/vi/4RKRRNEnJTc/hq720.jpg?sqp=-oaymwEdCJUDENAFSFXyq4qpAw8IARUAAIhCcAHAAQbQAQE=&rs=AOn4CLBFpMWXDDjVFxT6VsCI4w4jHsvIVA
503,DviPyCiVosc,sub)고양이 기만하는 법,How to trick the cats,https://www.youtube.com/shorts/DviPyCiVosc,https://www.youtube.com/watch?v=DviPyCiVosc,shorts,shorts,shorts,,,,681000,기타/엔터테인먼트,https://i.ytimg.com/vi/DviPyCiVosc/oar2.jpg?sqp=-oaymwEdCJUDENAFSFWQAgHyq4qpAwwIARUAAIhCcAHAAQY=&rs=AOn4CLDaDMPDE55V8Jx9Qs4t8E2WiA-D4Q&usqp=CCk
504,doIWXjW0g1o,고양이는 대체 왜 이럴까,고양이는 대체 왜 이럴까,https://www.youtube.com/shorts/doIWXjW0g1o,https://www.youtube.com/watch?v=doIWXjW0g1o,shorts,shorts,shorts,,,,46000,기타/엔터테인먼트,https://i.ytimg.com/vi/doIWXjW0g1o/oar2.jpg?sqp=-oaymwEdCJUDENAFSFWQAgHyq4qpAwwIARUAAIhCcAHAAQY=&rs=AOn4CLAvfitDqBcIhWLmBmPf0PxqHJilmg&usqp=CCk
505,LGiRQFP8mng,상남자,"The real ""Guy"" cat",https://www.youtube.com/shorts/LGiRQFP8mng,https://www.youtube.com/watch?v=LGiRQFP8mng,shorts,shorts,shorts,,,,470000,기타/엔터테인먼트,https://i.ytimg.com/vi/LGiRQFP8mng/oar2.jpg?sqp=-oaymwEdCJUDENAFSFWQAgHyq4qpAwwIARUAAIhCcAHAAQY=&rs=AOn4CLA-ltaoYDOEgESSKcH4epa2vfFPzg&usqp=CCk
506,uzPPmn-irGs,이불은 못참지,이불은 못참지,https://www.youtube.com/shorts/uzPPmn-irGs,https://www.youtube.com/watch?v=uzPPmn-irGs,shorts,shorts,shorts,,,,49000,기타/엔터테인먼트,https://i.ytimg.com/vi/uzPPmn-irGs/hq720.jpg?sqp=-oaymwEdCJUDENAFSFXyq4qpAw8IARUAAIhCcAHAAQbQAQE=&rs=AOn4CLC64ux7ay2j2r2gNCgnUNZyCZS3kQ
507,xRkgCwF40dE,고양이가 치킨 훔쳐먹는 방법🍗,고양이가 치킨 훔쳐먹는 방법🍗,https://www.youtube.com/shorts/xRkgCwF40dE,https://www.youtube.com/watch?v=xRkgCwF40dE,shorts,shorts,shorts,,,,41000,기타/엔터테인먼트,https://i.ytimg.com/vi/xRkgCwF40dE/oar2.jpg?sqp=-oaymwEdCJUDENAFSFWQAgHyq4qpAwwIARUAAIhCcAHAAQY=&rs=AOn4CLBCe1qSVMx-ObEjmDK1tU_-JcMerA&usqp=CCk
508,0yZOMqf4PK4,"명상하고, 번뇌하고","Meditate, and be troubled",https://www.youtube.com/shorts/0yZOMqf4PK4,https://www.youtube.com/watch?v=0yZOMqf4PK4,shorts,shorts,shorts,,,,33000,기타/엔터테인먼트,https://i.ytimg.com/vi/0yZOMqf4PK4/oar2.jpg?sqp=-oaymwEdCJUDENAFSFWQAgHyq4qpAwwIARUAAIhCcAHAAQY=&rs=AOn4CLBUpU-Y9VvYaP-XzHSLfoeFBSyq7w&usqp=CCk
509,sf1tAqC3I7c,화장실 가고 싶어 But! 모래 덮긴 싫어,Why Cats Don't Cover Sand,https://www.youtube.com/shorts/sf1tAqC3I7c,https://www.youtube.com/watch?v=sf1tAqC3I7c,shorts,shorts,shorts,,,,212000,생활/돌봄,https://i.ytimg.com/vi/sf1tAqC3I7c/oar2.jpg?sqp=-oaymwEdCJUDENAFSFWQAgHyq4qpAwwIARUAAIhCcAHAAQY=&rs=AOn4CLBSCc5trCmyJPj0hHWQd1uW9vH7Vw&usqp=CCk
510,lRx2sIhY3S4,다른집 고양이를 살리기 위해 우리집 고양이 헌혈을 허락했던 보호자👼,the wonderful owner of a cat,https://www.youtube.com/shorts/lRx2sIhY3S4,https://www.youtube.com/watch?v=lRx2sIhY3S4,shorts,shorts,shorts,,,,115000,관계/윤리,https://i.ytimg.com/vi/lRx2sIhY3S4/oar2.jpg?sqp=-oaymwEdCJUDENAFSFWQAgHyq4qpAwwIARUAAIhCcAHAAQY=&rs=AOn4CLDjWpxfdnKWSYZj4iNIckInkyYZJQ&usqp=CCk
511,O0L7SMeRi1s,고양이는 공기의 저항과 온도 습도 조명마저 느낍니다만,고양이는 공기의 저항과 온도 습도 조명마저 느낍니다만,https://www.youtube.com/shorts/O0L7SMeRi1s,https://www.youtube.com/watch?v=O0L7SMeRi1s,shorts,shorts,shorts,,,,44000,기타/엔터테인먼트,https://i.ytimg.com/vi/O0L7SMeRi1s/oar2.jpg?sqp=-oaymwEdCJUDENAFSFWQAgHyq4qpAwwIARUAAIhCcAHAAQY=&rs=AOn4CLAAu-6kL5j5bRdQZe4-NqNpXAQ6Pg&usqp=CCk
512,17CoAWyV7_g,살벌한 고양이 싸움의 실체,The Reality of a Fierce Cat Fight,https://www.youtube.com/shorts/17CoAWyV7_g,https://www.youtube.com/watch?v=17CoAWyV7_g,shorts,shorts,shorts,,,,70000,행동/감정,https://i.ytimg.com/vi/17CoAWyV7_g/oar2.jpg?sqp=-oaymwEdCJUDENAFSFWQAgHyq4qpAwwIARUAAIhCcAHAAQY=&rs=AOn4CLCDMioeF7c9zIBdycFJfwi3nqF34g&usqp=CCk
513,3fRW5PilpRg,😏이거 아무나 못합니다,😏Not everyone can do this,https://www.youtube.com/shorts/3fRW5PilpRg,https://www.youtube.com/watch?v=3fRW5PilpRg,shorts,shorts,shorts,,,,49000,기타/엔터테인먼트,https://i.ytimg.com/vi/3fRW5PilpRg/oar2.jpg?sqp=-oaymwEdCJUDENAFSFWQAgHyq4qpAwwIARUAAIhCcAHAAQY=&rs=AOn4CLBs-vwDsAtNW8pK6VQcDAzb3Bqf_A&usqp=CCk
514,fw4LEhXOXR4,카메라만 키면 잔소리하는 고양이의 속마음,카메라만 키면 잔소리하는 고양이의 속마음,https://www.youtube.com/shorts/fw4LEhXOXR4,https://www.youtube.com/watch?v=fw4LEhXOXR4,shorts,shorts,shorts,,,,93000,기타/엔터테인먼트,https://i.ytimg.com/vi/fw4LEhXOXR4/oar2.jpg?sqp=-oaymwEdCJUDENAFSFWQAgHyq4qpAwwIARUAAIhCcAHAAQY=&rs=AOn4CLD-FUt8DjBI_iLraJIV49k5bjtChQ&usqp=CCk
515,eXlUglowu4s,고놈 참 애교가 넘치는구나!,That guy is so cute!,https://www.youtube.com/shorts/eXlUglowu4s,https://www.youtube.com/watch?v=eXlUglowu4s,shorts,shorts,shorts,,,,30000,기타/엔터테인먼트,https://i.ytimg.com/vi/eXlUglowu4s/oar2.jpg?sqp=-oaymwEdCJUDENAFSFWQAgHyq4qpAwwIARUAAIhCcAHAAQY=&rs=AOn4CLALA5EC0nbZAaDl1KxNW0-safg2fQ&usqp=CCk
516,YYfuZZ5HYQg,집사가 수의사면 고양이는 배신감을 느낄까?,집사가 수의사면 고양이는 배신감을 느낄까?,https://www.youtube.com/shorts/YYfuZZ5HYQg,https://www.youtube.com/watch?v=YYfuZZ5HYQg,shorts,shorts,shorts,,,,167000,건강/진료;관계/윤리,https://i.ytimg.com/vi/YYfuZZ5HYQg/oar2.jpg?sqp=-oaymwEdCJUDENAFSFWQAgHyq4qpAwwIARUAAIhCcAHAAQY=&rs=AOn4CLCYb7PCesECUgF0z_2h9CsvGmVwEw&usqp=CCk
517,qJ2XmH8UsfM,사모님 시간있어? 전화좀 받아봐,"Do you have time, ma'am? Please answer the phone.",https://www.youtube.com/shorts/qJ2XmH8UsfM,https://www.youtube.com/watch?v=qJ2XmH8UsfM,shorts,shorts,shorts,,,,45000,기타/엔터테인먼트,https://i.ytimg.com/vi/qJ2XmH8UsfM/oar2.jpg?sqp=-oaymwEdCJUDENAFSFWQAgHyq4qpAwwIARUAAIhCcAHAAQY=&rs=AOn4CLCSGsgvUoDjN3EcFDIj2pmWee3O-w&usqp=CCk
518,iBT6jAS3atI,이것만 잘해도 기네스북에 등재됩니다,이것만 잘해도 기네스북에 등재됩니다,https://www.youtube.com/shorts/iBT6jAS3atI,https://www.youtube.com/watch?v=iBT6jAS3atI,shorts,shorts,shorts,,,,43000,기타/엔터테인먼트,https://i.ytimg.com/vi/iBT6jAS3atI/oar2.jpg?sqp=-oaymwEdCJUDENAFSFWQAgHyq4qpAwwIARUAAIhCcAHAAQY=&rs=AOn4CLBoRXum7vx2YAR3ViiBi0RCjAK0DA&usqp=CCk
519,XmfAZnNZ0Tw,다 죽어가던 고양이를 살릴 수 있었던 바로 그 선택,다 죽어가던 고양이를 살릴 수 있었던 바로 그 선택,https://www.youtube.com/shorts/XmfAZnNZ0Tw,https://www.youtube.com/watch?v=XmfAZnNZ0Tw,shorts,shorts,shorts,,,,48000,기타/엔터테인먼트,https://i.ytimg.com/vi/XmfAZnNZ0Tw/oar2.jpg?sqp=-oaymwEdCJUDENAFSFWQAgHyq4qpAwwIARUAAIhCcAHAAQY=&rs=AOn4CLBZEVhGdfSmEap-UOpbz5JG6qNTIQ&usqp=CCk
520,__GNqn6mCLY,집사님들 할수있습니다 좀더 힘내세요,"Butlers, you can do it. Please try harder.",https://www.youtube.com/shorts/__GNqn6mCLY,https://www.youtube.com/watch?v=__GNqn6mCLY,shorts,shorts,shorts,,,,120000,관계/윤리,https://i.ytimg.com/vi/__GNqn6mCLY/oar2.jpg?sqp=-oaymwEdCJUDENAFSFWQAgHyq4qpAwwIARUAAIhCcAHAAQY=&rs=AOn4CLCmeAo_0tK3nWjnJ7xhUq2xbTWJ6w&usqp=CCk
521,pTpAHf4lOrU,sub) 고양이랑 친한 사람 특,sub) Characteristic of a person who is close to cats,https://www.youtube.com/shorts/pTpAHf4lOrU,https://www.youtube.com/watch?v=pTpAHf4lOrU,shorts,shorts,shorts,,,,112000,기타/엔터테인먼트,https://i.ytimg.com/vi/pTpAHf4lOrU/oar2.jpg?sqp=-oaymwEdCJUDENAFSFWQAgHyq4qpAwwIARUAAIhCcAHAAQY=&rs=AOn4CLAZLHTQNV1DIwquJfOqkqS1T6UYBg&usqp=CCk
522,23Ivi0CDCno,sub) 고양이가 먹어도 괜찮은 식물 찾는법 🪴,How To Figure Out Which Plants Are Safe For Cats To Eat🪴,https://www.youtube.com/shorts/23Ivi0CDCno,https://www.youtube.com/watch?v=23Ivi0CDCno,shorts,shorts,shorts,,,,66000,기타/엔터테인먼트,https://i.ytimg.com/vi/23Ivi0CDCno/oar2.jpg?sqp=-oaymwEdCJUDENAFSFWQAgHyq4qpAwwIARUAAIhCcAHAAQY=&rs=AOn4CLBxTu6IsC6n_EbPQPJSEEBbGiXdqw&usqp=CCk
523,MAW351_2wZI,sub) 벼는 익을수록 고개를 숙인다는데 고양이는,Cat with a saggy skin,https://www.youtube.com/shorts/MAW351_2wZI,https://www.youtube.com/watch?v=MAW351_2wZI,shorts,shorts,shorts,,,,113000,기타/엔터테인먼트,https://i.ytimg.com/vi/MAW351_2wZI/oar2.jpg?sqp=-oaymwEdCJUDENAFSFWQAgHyq4qpAwwIARUAAIhCcAHAAQY=&rs=AOn4CLDvENUnOgJ7P4UhBrDsiEtFpoidYw&usqp=CCk
524,FaAdjROEkG4,고양이의 천재성을 깨워주는 방법,How to Unleash Your Cat's Inner Genius,https://www.youtube.com/shorts/FaAdjROEkG4,https://www.youtube.com/watch?v=FaAdjROEkG4,shorts,shorts,shorts,,,,71000,기타/엔터테인먼트,https://i.ytimg.com/vi/FaAdjROEkG4/oar2.jpg?sqp=-oaymwEdCJUDENAFSFWQAgHyq4qpAwwIARUAAIhCcAHAAQY=&rs=AOn4CLB1l5vneu0N36oB1mhpBrUQiMKs1w&usqp=CCk
525,ZL5j1tJl3go,sub) 전기를 맛보는 고양이가 있다!!,A cat addicted to static electricity,https://www.youtube.com/shorts/ZL5j1tJl3go,https://www.youtube.com/watch?v=ZL5j1tJl3go,shorts,shorts,shorts,,,,33000,기타/엔터테인먼트,https://i.ytimg.com/vi/ZL5j1tJl3go/oar2.jpg?sqp=-oaymwEdCJUDENAFSFWQAgHyq4qpAwwIARUAAIhCcAHAAQY=&rs=AOn4CLA6363mll-8Z7gLH35_5moZVk0ZAg&usqp=CCk
526,T9o7js9gvHU,sub) 난 누구의 명령도 듣지 않는다 사료? 힘으로 쟁취하겠어,I don't listen to anyone. I'll get my food by myself,https://www.youtube.com/shorts/T9o7js9gvHU,https://www.youtube.com/watch?v=T9o7js9gvHU,shorts,shorts,shorts,,,,37000,생활/돌봄,https://i.ytimg.com/vi/T9o7js9gvHU/oar2.jpg?sqp=-oaymwEdCJUDENAFSFWQAgHyq4qpAwwIARUAAIhCcAHAAQY=&rs=AOn4CLBd_Zol4ZNOeo1sHxZWQPlTK1rhhQ&usqp=CCk
527,Kw3eNLRhM04,sub) 머리를 감다 못해 등목까지 하는 수속성 고양이😸🚿,sub) Water-Loving Cat That Takes Showers😸🚿,https://www.youtube.com/shorts/Kw3eNLRhM04,https://www.youtube.com/watch?v=Kw3eNLRhM04,shorts,shorts,shorts,,,,138000,기타/엔터테인먼트,https://i.ytimg.com/vi/Kw3eNLRhM04/oar2.jpg?sqp=-oaymwEdCJUDENAFSFWQAgHyq4qpAwwIARUAAIhCcAHAAQY=&rs=AOn4CLAo-3Oyh-ImXsyCF7xh8IUduVBfpQ&usqp=CCk
528,oeSZ5Vwy9V0,오...이제 아빠도 사랑해주는거야?😻,오...이제 아빠도 사랑해주는거야?😻,https://www.youtube.com/shorts/oeSZ5Vwy9V0,https://www.youtube.com/watch?v=oeSZ5Vwy9V0,shorts,shorts,shorts,,,,65000,서사/상담,https://i.ytimg.com/vi/oeSZ5Vwy9V0/oar2.jpg?sqp=-oaymwEdCJUDENAFSFWQAgHyq4qpAwwIARUAAIhCcAHAAQY=&rs=AOn4CLBfbSy35Ypnx53R3OgDXtKw7UrLlw&usqp=CCk
529,xhhKXcw-zrg,sub) 고양이는 은혜를 갚습니다 스즈메는 반성하라!,"Cats return the favor. Reflect on yourself, Suzume!",https://www.youtube.com/shorts/xhhKXcw-zrg,https://www.youtube.com/watch?v=xhhKXcw-zrg,shorts,shorts,shorts,,,,52000,기타/엔터테인먼트,https://i.ytimg.com/vi/xhhKXcw-zrg/oar2.jpg?sqp=-oaymwEdCJUDENAFSFWQAgHyq4qpAwwIARUAAIhCcAHAAQY=&rs=AOn4CLAZoDw9-O5G9d_8vQk4WIemsQUm8g&usqp=CCk
530,S2_3079WSL4,sub) 이러면 고양이들이 사랑받지 못한다고 느껴요,"If you do this, cats will feel like they're not loved",https://www.youtube.com/shorts/S2_3079WSL4,https://www.youtube.com/watch?v=S2_3079WSL4,shorts,shorts,shorts,,,,640000,기타/엔터테인먼트,https://i.ytimg.com/vi/S2_3079WSL4/oar2.jpg?sqp=-oaymwEdCJUDENAFSFWQAgHyq4qpAwwIARUAAIhCcAHAAQY=&rs=AOn4CLAZURAbb3UnEqp1SGV2a0Rm7XurHA&usqp=CCk
531,Uvn0Aohqekw,인내심 최고 20초나 참아주는 고양이,인내심 최고 20초나 참아주는 고양이,https://www.youtube.com/shorts/Uvn0Aohqekw,https://www.youtube.com/watch?v=Uvn0Aohqekw,shorts,shorts,shorts,,,,604000,기타/엔터테인먼트,https://i.ytimg.com/vi/Uvn0Aohqekw/oar2.jpg?sqp=-oaymwEdCJUDENAFSFWQAgHyq4qpAwwIARUAAIhCcAHAAQY=&rs=AOn4CLBxT5pYvJGDk0PqrX6BS--YHd6DzA&usqp=CCk
532,Zfp2LUjEyz8,sub) 은근한 폭력(?) 고양이 그루밍,sub) Shouldn't they lick each other out of affection?,https://www.youtube.com/shorts/Zfp2LUjEyz8,https://www.youtube.com/watch?v=Zfp2LUjEyz8,shorts,shorts,shorts,,,,89000,기타/엔터테인먼트,https://i.ytimg.com/vi/Zfp2LUjEyz8/oar2.jpg?sqp=-oaymwEdCJUDENAFSFWQAgHyq4qpAwwIARUAAIhCcAHAAQY=&rs=AOn4CLB8Fk4UyZ1m_8PBXboMTfbUSacKIw&usqp=CCk
533,3IMbyQiAI-E,내것이었으면...그게 너였으면....,내것이었으면...그게 너였으면....,https://www.youtube.com/shorts/3IMbyQiAI-E,https://www.youtube.com/watch?v=3IMbyQiAI-E,shorts,shorts,shorts,,,,26000,기타/엔터테인먼트,https://i.ytimg.com/vi/3IMbyQiAI-E/oar2.jpg?sqp=-oaymwEdCJUDENAFSFWQAgHyq4qpAwwIARUAAIhCcAHAAQY=&rs=AOn4CLDmvjnWDiDzmD7bmphbe2Lan8rwpQ&usqp=CCk
534,Ew6jT8qOSdg,저기 좀 나와주세요,Please come out here,https://www.youtube.com/shorts/Ew6jT8qOSdg,https://www.youtube.com/watch?v=Ew6jT8qOSdg,shorts,shorts,shorts,,,,63000,기타/엔터테인먼트,https://i.ytimg.com/vi/Ew6jT8qOSdg/oar2.jpg?sqp=-oaymwEdCJUDENAFSFWQAgHyq4qpAwwIARUAAIhCcAHAAQY=&rs=AOn4CLA563_imoW9jECUefxoSTOOfn38wQ&usqp=CCk
535,XDIaIZ4Bapg,이보다 야무진 꾹꾹이 본 적 있으세요?,😻cutest cat making biscuits,https://www.youtube.com/shorts/XDIaIZ4Bapg,https://www.youtube.com/watch?v=XDIaIZ4Bapg,shorts,shorts,shorts,,,,37000,행동/감정,https://i.ytimg.com/vi/XDIaIZ4Bapg/oar2.jpg?sqp=-oaymwEdCJUDENAFSFWQAgHyq4qpAwwIARUAAIhCcAHAAQY=&rs=AOn4CLBexW0lQNCPNkNiNqEMVQfqfLEC5g&usqp=CCk
536,VVRGOnuLK3E,😱우리 집 고양이가 아비시니안이면 꼭 봐야하는 영상,You must watch this video if you have an Abyssinian cat.,https://www.youtube.com/shorts/VVRGOnuLK3E,https://www.youtube.com/watch?v=VVRGOnuLK3E,shorts,shorts,shorts,,,,96000,기타/엔터테인먼트,https://i.ytimg.com/vi/VVRGOnuLK3E/oar2.jpg?sqp=-oaymwEdCJUDENAFSFWQAgHyq4qpAwwIARUAAIhCcAHAAQY=&rs=AOn4CLA6df_BBn2KO1VeKSfXu1tCecVGNQ&usqp=CCk
537,YmaRXsa_Uxc,'이것'만 있으면 이제 고양이는 제껍니다,'이것'만 있으면 이제 고양이는 제껍니다,https://www.youtube.com/shorts/YmaRXsa_Uxc,https://www.youtube.com/watch?v=YmaRXsa_Uxc,shorts,shorts,shorts,,,,66000,기타/엔터테인먼트,https://i.ytimg.com/vi/YmaRXsa_Uxc/oar2.jpg?sqp=-oaymwEdCJUDENAFSFWQAgHyq4qpAwwIARUAAIhCcAHAAQY=&rs=AOn4CLBhHXQAfjj7KgezWeJWoqAoXAwwyw&usqp=CCk
538,XZlhmVsW6eM,sub) 고양이가 쥐를 잘 잡을 수 밖에 없는 이유,The reason why cats can't help but hunt mice,https://www.youtube.com/shorts/XZlhmVsW6eM,https://www.youtube.com/watch?v=XZlhmVsW6eM,shorts,shorts,shorts,,,,55000,기타/엔터테인먼트,https://i.ytimg.com/vi/XZlhmVsW6eM/oar2.jpg?sqp=-oaymwEdCJUDENAFSFWQAgHyq4qpAwwIARUAAIhCcAHAAQY=&rs=AOn4CLAvax-a7l6-7X7Y0urFGM4f3Qccmg&usqp=CCk
539,A_uP_n75SZA,sub) 배 까고 드러누워 자는데 얘 고양이 맞나요?,Why does my cat sleep lying down belly up?,https://www.youtube.com/shorts/A_uP_n75SZA,https://www.youtube.com/watch?v=A_uP_n75SZA,shorts,shorts,shorts,,,,368000,기타/엔터테인먼트,https://i.ytimg.com/vi/A_uP_n75SZA/oar2.jpg?sqp=-oaymwEdCJUDENAFSFWQAgHyq4qpAwwIARUAAIhCcAHAAQY=&rs=AOn4CLCU8IbDtPyXrm6c1LLLhE2ZHf4HxQ&usqp=CCk
540,IfQFjfpNldw,sub) 고양이랑 밥그릇 싸움,Fighting over a bowl of food with a cat,https://www.youtube.com/shorts/IfQFjfpNldw,https://www.youtube.com/watch?v=IfQFjfpNldw,shorts,shorts,shorts,,,,35000,행동/감정;생활/돌봄,https://i.ytimg.com/vi/IfQFjfpNldw/oar2.jpg?sqp=-oaymwEdCJUDENAFSFWQAgHyq4qpAwwIARUAAIhCcAHAAQY=&rs=AOn4CLBVLMlx3w5P7iEgZjXX_Bvd8i64Sg&usqp=CCk
541,7Jr1QzAFi1Q,sub) 불편한 자세로 자는 고양이의 진심,The sincerity of the cat sleeping in an uncomfortable posture,https://www.youtube.com/shorts/7Jr1QzAFi1Q,https://www.youtube.com/watch?v=7Jr1QzAFi1Q,shorts,shorts,shorts,,,,184000,기타/엔터테인먼트,https://i.ytimg.com/vi/7Jr1QzAFi1Q/oar2.jpg?sqp=-oaymwEdCJUDENAFSFWQAgHyq4qpAwwIARUAAIhCcAHAAQY=&rs=AOn4CLApKcgn7BCGq80JIZPk56eYQg4_EA&usqp=CCk
542,7Qc9pKYcdGA,고양이 집중력 레전드,고양이 집중력 레전드,https://www.youtube.com/shorts/7Qc9pKYcdGA,https://www.youtube.com/watch?v=7Qc9pKYcdGA,shorts,shorts,shorts,,,,87000,기타/엔터테인먼트,https://i.ytimg.com/vi/7Qc9pKYcdGA/oar2.jpg?sqp=-oaymwEdCJUDENAFSFWQAgHyq4qpAwwIARUAAIhCcAHAAQY=&rs=AOn4CLC4BpUeJdQ3XU1Fym4tgfIMnwnufg&usqp=CCk
543,f-2k83--o7c,sub) 수의사에게 동물병원 게임을 시키면 안되는 이유.eu,Reason you shouldn't let a vet play an animal hospital game.eu,https://www.youtube.com/shorts/f-2k83--o7c,https://www.youtube.com/watch?v=f-2k83--o7c,shorts,shorts,shorts,,,,46000,건강/진료,https://i.ytimg.com/vi/f-2k83--o7c/oar2.jpg?sqp=-oaymwEdCJUDENAFSFWQAgHyq4qpAwwIARUAAIhCcAHAAQY=&rs=AOn4CLCAohAx_9ww8ZO0mN8wwOxtkBonZg&usqp=CCk
544,fPnTRQWGYIs,sub) 임산부는 고양이 절대 키우지 마세요?!,Pregnant women should never keep a cat?!,https://www.youtube.com/shorts/fPnTRQWGYIs,https://www.youtube.com/watch?v=fPnTRQWGYIs,shorts,shorts,shorts,,,,35000,기타/엔터테인먼트,https://i.ytimg.com/vi/fPnTRQWGYIs/oar2.jpg?sqp=-oaymwEdCJUDENAFSFWQAgHyq4qpAwwIARUAAIhCcAHAAQY=&rs=AOn4CLDKVpd5X7IEY4MEd4hToZBu25lRSQ&usqp=CCk
545,V3SCeXeVLVE,"sub) 펑펑 눈물 흘리는 고양이, 도대체 무슨 사연이? 😭",What's the story behind this crying cat? 😭,https://www.youtube.com/shorts/V3SCeXeVLVE,https://www.youtube.com/watch?v=V3SCeXeVLVE,shorts,shorts,shorts,,,,254000,행동/감정;서사/상담,https://i.ytimg.com/vi/V3SCeXeVLVE/oar2.jpg?sqp=-oaymwEdCJUDENAFSFWQAgHyq4qpAwwIARUAAIhCcAHAAQY=&rs=AOn4CLDhP77h17TRh54QldMXY8ImJwDNKw&usqp=CCk
546,YJ9n7yZgl5k,sub) 사실 톰과 제리는 청소년 관람불가예요🙀 feat. 수의사,"To be honest, Tom and Jerry should be R-rated 🙀 feat. veterinarian",https://www.youtube.com/shorts/YJ9n7yZgl5k,https://www.youtube.com/watch?v=YJ9n7yZgl5k,shorts,shorts,shorts,,,,46000,건강/진료,https://i.ytimg.com/vi/YJ9n7yZgl5k/oar2.jpg?sqp=-oaymwEdCJUDENAFSFWQAgHyq4qpAwwIARUAAIhCcAHAAQY=&rs=AOn4CLBCzwWl75XW28HJGfSQ4-jN6cej_g&usqp=CCk
547,OXjzSX00zDk,sub) 고양이들은 이런 사람을 싫어합니다! feat.수의사,The types of people cats hate! (feat. a vet),https://www.youtube.com/shorts/OXjzSX00zDk,https://www.youtube.com/watch?v=OXjzSX00zDk,shorts,shorts,shorts,,,,300000,건강/진료,https://i.ytimg.com/vi/OXjzSX00zDk/oar2.jpg?sqp=-oaymwEdCJUDENAFSFWQAgHyq4qpAwwIARUAAIhCcAHAAQY=&rs=AOn4CLA1Ju-jmLD1k2J-shV1fmQPiZonfw&usqp=CCk
548,1ZJm-3uS9tI,sub) 우리집 고양이 하버드 보내야겠어요,Better enroll our cat in Harvard University,https://www.youtube.com/shorts/1ZJm-3uS9tI,https://www.youtube.com/watch?v=1ZJm-3uS9tI,shorts,shorts,shorts,,,,179000,기타/엔터테인먼트,https://i.ytimg.com/vi/1ZJm-3uS9tI/oar2.jpg?sqp=-oaymwEdCJUDENAFSFWQAgHyq4qpAwwIARUAAIhCcAHAAQY=&rs=AOn4CLAh4rQkPgcmfyzUXSNJ0n54jM_N8Q&usqp=CCk
549,MUnkm6COQ50,"sub) 고양이 수의사, 이런 동물까지 수술했다면 믿으시겠습니까...",sub) Would you believe that a cat vet performed surgery on even this animal...,https://www.youtube.com/shorts/MUnkm6COQ50,https://www.youtube.com/watch?v=MUnkm6COQ50,shorts,shorts,shorts,,,,353000,건강/진료,https://i.ytimg.com/vi/MUnkm6COQ50/oar2.jpg?sqp=-oaymwEdCJUDENAFSFWQAgHyq4qpAwwIARUAAIhCcAHAAQY=&rs=AOn4CLAkAzMChGAVZ5H4LZLy5G22yjM7Uw&usqp=CCk
550,tp9FSTrj9PU,sub) 물 잘먹으니 우리집 고양이 방광염은 문제 없겠죠?,"Since my cat drinks water well, it won't have cystitis, right?",https://www.youtube.com/shorts/tp9FSTrj9PU,https://www.youtube.com/watch?v=tp9FSTrj9PU,shorts,shorts,shorts,,,,93000,건강/진료,https://i.ytimg.com/vi/tp9FSTrj9PU/oar2.jpg?sqp=-oaymwEdCJUDENAFSFWQAgHyq4qpAwwIARUAAIhCcAHAAQY=&rs=AOn4CLDN4is-bXqC9udwCgImUX1Lv2oUEg&usqp=CCk
551,5gI7lthkrFQ,sub) 고양이 꼬리펑! 이렇게 깊은 뜻이💥,This is why cats puff their tails💥,https://www.youtube.com/shorts/5gI7lthkrFQ,https://www.youtube.com/watch?v=5gI7lthkrFQ,shorts,shorts,shorts,,,,180000,행동/감정,https://i.ytimg.com/vi/5gI7lthkrFQ/oar2.jpg?sqp=-oaymwEdCJUDENAFSFWQAgHyq4qpAwwIARUAAIhCcAHAAQY=&rs=AOn4CLB7ZOcVetCGCpoD7fn9Mi2bj1ZhXw&usqp=CCk
552,HCBWEBlL1p4,sub) 고양이 입에서 나는 심각한 질병의 냄새!,Serious cat's mouth stink that signifies illness!,https://www.youtube.com/shorts/HCBWEBlL1p4,https://www.youtube.com/watch?v=HCBWEBlL1p4,shorts,shorts,shorts,,,,68000,기타/엔터테인먼트,https://i.ytimg.com/vi/HCBWEBlL1p4/oar2.jpg?sqp=-oaymwEdCJUDENAFSFWQAgHyq4qpAwwIARUAAIhCcAHAAQY=&rs=AOn4CLD2-IDyYMGu-QQ99bGGoE1wvr0ewA&usqp=CCk
553,Thho9I22rkU,sub) 고양이가 이 표정을 하면 돔황챠🏃‍♀️🏃‍♀️🏃‍♀️,Run away if you see a cat making this face🏃‍♀️🏃‍♀️🏃‍♀️,https://www.youtube.com/shorts/Thho9I22rkU,https://www.youtube.com/watch?v=Thho9I22rkU,shorts,shorts,shorts,,,,48000,기타/엔터테인먼트,https://i.ytimg.com/vi/Thho9I22rkU/oar2.jpg?sqp=-oaymwEdCJUDENAFSFWQAgHyq4qpAwwIARUAAIhCcAHAAQY=&rs=AOn4CLDyPrJshOiqIFuzPuYwxY7xw9P0qQ&usqp=CCk
554,bpoDsdFZANE,수의사네집 고양이도 싸워요 #shorts,수의사네집 고양이도 싸워요 #shorts,https://www.youtube.com/shorts/bpoDsdFZANE,https://www.youtube.com/watch?v=bpoDsdFZANE,shorts,shorts,shorts,,,,247000,건강/진료,https://i.ytimg.com/vi/bpoDsdFZANE/oar2.jpg?sqp=-oaymwEdCJUDENAFSFWQAgHyq4qpAwwIARUAAIhCcAHAAQY=&rs=AOn4CLCwn_K63ip_-wpLxsDpiogGJn28hA&usqp=CCk
555,SwctgzNpfcE,sub) 고양이는 인간보다 스트레스를 더 많이 받습니다 이유는요...,Why are cats more sensitive to stress than humans...?,https://www.youtube.com/shorts/SwctgzNpfcE,https://www.youtube.com/watch?v=SwctgzNpfcE,shorts,shorts,shorts,,,,134000,행동/감정,https://i.ytimg.com/vi/SwctgzNpfcE/oar2.jpg?sqp=-oaymwEdCJUDENAFSFWQAgHyq4qpAwwIARUAAIhCcAHAAQY=&rs=AOn4CLDT1msw3dK2t5AAHPg9mdNAQfQmTA&usqp=CCk
556,ANCNyLLpWEg,sub) 고양이 하루 몇 끼 먹어야 하는지 수의사 총정리,The vet will tell you how many meals the cat should eat.,https://www.youtube.com/shorts/ANCNyLLpWEg,https://www.youtube.com/watch?v=ANCNyLLpWEg,shorts,shorts,shorts,,,,275000,건강/진료,https://i.ytimg.com/vi/ANCNyLLpWEg/oar2.jpg?sqp=-oaymwEdCJUDENAFSFWQAgHyq4qpAwwIARUAAIhCcAHAAQY=&rs=AOn4CLBsUxM8lob9MfUGgWDr6GAH0ShCXw&usqp=CCk
557,aKSagOO7Yfk,sub) 고양이한테 말 너무 많이 걸면 큰일납니다 🤯,Be careful not to be too talkative with your cat 🤯,https://www.youtube.com/shorts/aKSagOO7Yfk,https://www.youtube.com/watch?v=aKSagOO7Yfk,shorts,shorts,shorts,,,,185000,기타/엔터테인먼트,https://i.ytimg.com/vi/aKSagOO7Yfk/oar2.jpg?sqp=-oaymwEdCJUDENAFSFWQAgHyq4qpAwwIARUAAIhCcAHAAQY=&rs=AOn4CLCn_TFBw3v2SfMEzdgZ4yU3-SA0YA&usqp=CCk
558,t9zNadkur7k,sub) 고양이랑 살면 후회합니다 이 단점들 어떡합니까?,What you have to give up when you have a cat,https://www.youtube.com/shorts/t9zNadkur7k,https://www.youtube.com/watch?v=t9zNadkur7k,shorts,shorts,shorts,,,,200000,기타/엔터테인먼트,https://i.ytimg.com/vi/t9zNadkur7k/oar2.jpg?sqp=-oaymwEdCJUDENAFSFWQAgHyq4qpAwwIARUAAIhCcAHAAQY=&rs=AOn4CLAQMUlGwpmZ6QqMgxVAjvOMJAyDgQ&usqp=CCk
559,DT8r4hgxatg,왜부르냥? 🐱,왜부르냥? 🐱,https://www.youtube.com/shorts/DT8r4hgxatg,https://www.youtube.com/watch?v=DT8r4hgxatg,shorts,shorts,shorts,,,,1100000,기타/엔터테인먼트,https://i.ytimg.com/vi/DT8r4hgxatg/oar2.jpg?sqp=-oaymwEdCJUDENAFSFWQAgHyq4qpAwwIARUAAIhCcAHAAQY=&rs=AOn4CLAYbW_TwaWfy9CFpUotDcmFydasnA&usqp=CCk
560,-D4vU1WiUns,sub) 그건 아마 고양이의 잘못은 아닐거야 그냥 집사의 오해일거야...,"It's probably not the cat's fault, it's just the butler's misunderstanding...",https://www.youtube.com/shorts/-D4vU1WiUns,https://www.youtube.com/watch?v=-D4vU1WiUns,shorts,shorts,shorts,,,,153000,관계/윤리,https://i.ytimg.com/vi/-D4vU1WiUns/oar2.jpg?sqp=-oaymwEdCJUDENAFSFWQAgHyq4qpAwwIARUAAIhCcAHAAQY=&rs=AOn4CLCajZuiKGuGagHfj0JLZSPD9U4aww&usqp=CCk
561,g8IUGxYC3lU,sub) 고양이가 좋아한다고 두면 안돼요! 이거 진짜 위험합니다,"Never let your cats do this, even if they love it! This is really dangerous.",https://www.youtube.com/shorts/g8IUGxYC3lU,https://www.youtube.com/watch?v=g8IUGxYC3lU,shorts,shorts,shorts,,,,908000,관계/윤리,https://i.ytimg.com/vi/g8IUGxYC3lU/oar2.jpg?sqp=-oaymwEdCJUDENAFSFWQAgHyq4qpAwwIARUAAIhCcAHAAQY=&rs=AOn4CLAdYrsNSWtYObBNvoRY_uB2b5dtCg&usqp=CCk
562,Jm1iO-PdaJQ,sub) 마른 하늘을 달리던 고양이🙀,The cat who flew across the sky 🙀,https://www.youtube.com/shorts/Jm1iO-PdaJQ,https://www.youtube.com/watch?v=Jm1iO-PdaJQ,shorts,shorts,shorts,,,,2200000,기타/엔터테인먼트,https://i.ytimg.com/vi/Jm1iO-PdaJQ/oar2.jpg?sqp=-oaymwEdCJUDENAFSFWQAgHyq4qpAwwIARUAAIhCcAHAAQY=&rs=AOn4CLCXiMZaxns0LthDSP3GRtPRnUJlhg&usqp=CCk
563,WJ0oWuLBA_I,sub) 고양이가 자꾸 제 노트북을 뺏습니다,My Cat Keeps Stealing My Laptop,https://www.youtube.com/shorts/WJ0oWuLBA_I,https://www.youtube.com/watch?v=WJ0oWuLBA_I,shorts,shorts,shorts,,,,190000,기타/엔터테인먼트,https://i.ytimg.com/vi/WJ0oWuLBA_I/oar2.jpg?usqp=CCk
564,418OybIqKGc,sub) 0원 짜린데 고양이가 너무 좋아합니다,"It's worth 0 won, but the cat loves it so much",https://www.youtube.com/shorts/418OybIqKGc,https://www.youtube.com/watch?v=418OybIqKGc,shorts,shorts,shorts,,,,92000,기타/엔터테인먼트,https://i.ytimg.com/vi/418OybIqKGc/oar2.jpg?usqp=CCk
565,L69EXs3evW4,sub) 갑자기 착해진 고양이...아프다는 뜻일 수 있다?,A cat suddenly acting docile...It could be a sign of sickness?,https://www.youtube.com/shorts/L69EXs3evW4,https://www.youtube.com/watch?v=L69EXs3evW4,shorts,shorts,shorts,,,,569000,건강/진료,https://i.ytimg.com/vi/L69EXs3evW4/oar2.jpg?usqp=CCk
566,8yEwUew8Wz0,sub) 고양이가 💩을 토하는데...이게 맞는거임?,My cat's throwing up a poop...💩 Is this okay?,https://www.youtube.com/shorts/8yEwUew8Wz0,https://www.youtube.com/watch?v=8yEwUew8Wz0,shorts,shorts,shorts,,,,68000,건강/진료,https://i.ytimg.com/vi/8yEwUew8Wz0/oar2.jpg?usqp=CCk
567,ZAzj-auJgPE,고양이 점구경,고양이 점구경,https://www.youtube.com/shorts/ZAzj-auJgPE,https://www.youtube.com/watch?v=ZAzj-auJgPE,shorts,shorts,shorts,,,,113000,기타/엔터테인먼트,https://i.ytimg.com/vi/ZAzj-auJgPE/oar2.jpg?sqp=-oaymwEdCJUDENAFSFWQAgHyq4qpAwwIARUAAIhCcAHAAQY=&rs=AOn4CLAOHqEyuKad_crCebaB2jlfcVC5LQ&usqp=CCk
568,i4aLTFKppPc,sub) 고양이가 행복하면 이렇게 합니다,This is What a Cat Does When It's Happy,https://www.youtube.com/shorts/i4aLTFKppPc,https://www.youtube.com/watch?v=i4aLTFKppPc,shorts,shorts,shorts,,,,336000,기타/엔터테인먼트,https://i.ytimg.com/vi/i4aLTFKppPc/oar2.jpg?sqp=-oaymwEdCJUDENAFSFWQAgHyq4qpAwwIARUAAIhCcAHAAQY=&rs=AOn4CLCmykXyKzAaHh0eN1-0l1dx5yfaAw&usqp=CCk
569,yAVwpr8JE5Q,sub) 빠르게 고양이 눈에 약 넣고 모른척 하는법👀,sub) How to sneakily put eye drops on your cat's eyes👀,https://www.youtube.com/shorts/yAVwpr8JE5Q,https://www.youtube.com/watch?v=yAVwpr8JE5Q,shorts,shorts,shorts,,,,214000,행동/감정,https://i.ytimg.com/vi/yAVwpr8JE5Q/oar2.jpg?usqp=CCk
570,R0qAgxVgMno,sub) 고양이는 이렇게 복수한다?!,Cats take their revenges like this?,https://www.youtube.com/shorts/R0qAgxVgMno,https://www.youtube.com/watch?v=R0qAgxVgMno,shorts,shorts,shorts,,,,143000,기타/엔터테인먼트,https://i.ytimg.com/vi/R0qAgxVgMno/oar2.jpg?sqp=-oaymwEdCJUDENAFSFWQAgHyq4qpAwwIARUAAIhCcAHAAQY=&rs=AOn4CLAZEhlbwOLzhJBHfTpdxpNYoUqd0A&usqp=CCk
571,htWP_5ajF0o,sub) 의외로 엄청난 역할을 하는 고양이 앞니,Cat's front teeth actually plays a great role,https://www.youtube.com/shorts/htWP_5ajF0o,https://www.youtube.com/watch?v=htWP_5ajF0o,shorts,shorts,shorts,,,,373000,기타/엔터테인먼트,https://i.ytimg.com/vi/htWP_5ajF0o/oar2.jpg?sqp=-oaymwEdCJUDENAFSFWQAgHyq4qpAwwIARUAAIhCcAHAAQY=&rs=AOn4CLAYcvmZvf4m1Fp3udF3VeALbhgTUA&usqp=CCk
572,tEKxaeYCklg,sub) 고양이는 집사를 뭐라고 생각할까? 엄마? 친구? 웨...웬수?,How would the cat think of its owner? Mom? Friend? E..enemy?,https://www.youtube.com/shorts/tEKxaeYCklg,https://www.youtube.com/watch?v=tEKxaeYCklg,shorts,shorts,shorts,,,,376000,관계/윤리;서사/상담,https://i.ytimg.com/vi/tEKxaeYCklg/oar2.jpg?sqp=-oaymwEdCJUDENAFSFWQAgHyq4qpAwwIARUAAIhCcAHAAQY=&rs=AOn4CLCz_ehZQcGsWXGAMusIUrznPOuq9A&usqp=CCk
573,Wyw0m7nZwP8,sub) 집사 삶의질 수직상승 꿀템🐱🥄,sub) Great items to enhance the life qualities of the cat owners🐱🥄,https://www.youtube.com/shorts/Wyw0m7nZwP8,https://www.youtube.com/watch?v=Wyw0m7nZwP8,shorts,shorts,shorts,,,,1500000,관계/윤리,https://i.ytimg.com/vi/Wyw0m7nZwP8/oar2.jpg?sqp=-oaymwEdCJUDENAFSFWQAgHyq4qpAwwIARUAAIhCcAHAAQY=&rs=AOn4CLBHzyry_en0k6nUnBoIPZUZxVri1g&usqp=CCk
574,QjDeAlEEFU0,sub) 털색깔만 보면 고양이 mbti 딱 나온다?!,You get the cat's MBTI just by looking at the fur color?!,https://www.youtube.com/shorts/QjDeAlEEFU0,https://www.youtube.com/watch?v=QjDeAlEEFU0,shorts,shorts,shorts,,,,833000,품종/지식,https://i.ytimg.com/vi/QjDeAlEEFU0/oar2.jpg?sqp=-oaymwEdCJUDENAFSFWQAgHyq4qpAwwIARUAAIhCcAHAAQY=&rs=AOn4CLBIQhm3HAf_aR1pXqsoJGDlwqmK5g&usqp=CCk
575,-qZENInFHQk,3년 전에 싼 비상가방을 발견했다…그런데 이제 고양이를 곁들인,3년 전에 싼 비상가방을 발견했다…그런데 이제 고양이를 곁들인,https://www.youtube.com/shorts/-qZENInFHQk,https://www.youtube.com/watch?v=-qZENInFHQk,shorts,shorts,shorts,,,,62000,기타/엔터테인먼트,https://i.ytimg.com/vi/-qZENInFHQk/hq720_2.jpg?sqp=-oaymwEdCJYDENAFSFXyq4qpAw8IARUAAIhCcAHAAQbQAQE=&rs=AOn4CLC2oe3uzltKTtih7nWhgWF6XhVriQ
576,pz_N1zBHmN8,sub) 여태 겨드랑이 냄새 맡고 좋아했던거냐?,sub) Have I been enjoying armpit smells all this time?,https://www.youtube.com/shorts/pz_N1zBHmN8,https://www.youtube.com/watch?v=pz_N1zBHmN8,shorts,shorts,shorts,,,,169000,기타/엔터테인먼트,https://i.ytimg.com/vi/pz_N1zBHmN8/hq720_2.jpg?sqp=-oaymwEdCJYDENAFSFXyq4qpAw8IARUAAIhCcAHAAQbQAQE=&rs=AOn4CLBk6HHJ6aLFPFHbzSRuxg6x4qUzTA
577,wQcUONUVhV0,sub) 오히려 고양이가 매달리는 양치법이 있다?🦷,There's a way to make cats want to brush their teeth🦷,https://www.youtube.com/shorts/wQcUONUVhV0,https://www.youtube.com/watch?v=wQcUONUVhV0,shorts,shorts,shorts,,,,450000,기타/엔터테인먼트,https://i.ytimg.com/vi/wQcUONUVhV0/oar2.jpg?sqp=-oaymwEdCJUDENAFSFWQAgHyq4qpAwwIARUAAIhCcAHAAQY=&rs=AOn4CLDxSl0YkT0uWJMEPBMgWeI_Wz0gkQ&usqp=CCk
578,ZkIfQFglo0E,sub) 이렇게 만지면 고양이가 녹아내려요🫠,Cats love it when you pet them like this,https://www.youtube.com/shorts/ZkIfQFglo0E,https://www.youtube.com/watch?v=ZkIfQFglo0E,shorts,shorts,shorts,,,,283000,기타/엔터테인먼트,https://i.ytimg.com/vi/ZkIfQFglo0E/hq720_2.jpg?sqp=-oaymwEdCJYDENAFSFXyq4qpAw8IARUAAIhCcAHAAQbQAQE=&rs=AOn4CLBylEP2oHQVoUXSxihwrqbxyKbLXA
579,5bedN7GX078,sub) 고양이가 사람을 밟고 다니는 이유🦶,Why Cats Step on People 🦶,https://www.youtube.com/shorts/5bedN7GX078,https://www.youtube.com/watch?v=5bedN7GX078,shorts,shorts,shorts,,,,1000000,기타/엔터테인먼트,https://i.ytimg.com/vi/5bedN7GX078/oar2.jpg?sqp=-oaymwEdCJUDENAFSFWQAgHyq4qpAwwIARUAAIhCcAHAAQY=&rs=AOn4CLBiF5RUk2JWWOGn1pScneEXI7OVcQ&usqp=CCk
580,Tm_2oW471mk,sub) 수의사피셜 쥐도 새도 고양이도 모르게 약먹이는 방법!!,How to trick your cat into eating medicine like a vet!,https://www.youtube.com/shorts/Tm_2oW471mk,https://www.youtube.com/watch?v=Tm_2oW471mk,shorts,shorts,shorts,,,,127000,건강/진료,https://i.ytimg.com/vi/Tm_2oW471mk/hq720_2.jpg?sqp=-oaymwEdCJYDENAFSFXyq4qpAw8IARUAAIhCcAHAAQbQAQE=&rs=AOn4CLCB6NyXaJEEGBWn-QbhKB1kgccy8g
581,uvYEQUxpjc8,sub) 고양이 집사의 화장실 청소 노동기,Cat butler's chronicle of cleaning litter box,https://www.youtube.com/shorts/uvYEQUxpjc8,https://www.youtube.com/watch?v=uvYEQUxpjc8,shorts,shorts,shorts,,,,249000,생활/돌봄;관계/윤리,https://i.ytimg.com/vi/uvYEQUxpjc8/hq720_2.jpg?sqp=-oaymwEdCJYDENAFSFXyq4qpAw8IARUAAIhCcAHAAQbQAQE=&rs=AOn4CLDHm4x5SDroYoefADH3ykxajMYhfg
582,IrMhgi7UZ3U,sub) 아빠를 아빠라 부르지 못하고...왜냐면 아빠가 다르니까,Can't call my dad 'dad'... cuz he's not my real dad!,https://www.youtube.com/shorts/IrMhgi7UZ3U,https://www.youtube.com/watch?v=IrMhgi7UZ3U,shorts,shorts,shorts,,,,399000,서사/상담,https://i.ytimg.com/vi/IrMhgi7UZ3U/hq720_2.jpg?sqp=-oaymwEdCJYDENAFSFXyq4qpAw8IARUAAIhCcAHAAQbQAQE=&rs=AOn4CLA-ayjPU8QJwwjwiWiny5nVOGtRfg
583,XXU5XBrSDfQ,sub) ???: 아~고양이는 외로움 안 탄다니까? 키워 키워~,???: Hey~ Cats don't feel lonely! Get one now!,https://www.youtube.com/shorts/XXU5XBrSDfQ,https://www.youtube.com/watch?v=XXU5XBrSDfQ,shorts,shorts,shorts,,,,94000,기타/엔터테인먼트,https://i.ytimg.com/vi/XXU5XBrSDfQ/hq720_2.jpg?sqp=-oaymwEdCJYDENAFSFXyq4qpAw8IARUAAIhCcAHAAQbQAQE=&rs=AOn4CLC9gh0f1aKk8K_s8IGo_5doWAPQWg
584,UlxESrNA4_s,sub) 우리집 고양이가 이렇게 토하면!! 😱,If my cat vomits like this!! 😱,https://www.youtube.com/shorts/UlxESrNA4_s,https://www.youtube.com/watch?v=UlxESrNA4_s,shorts,shorts,shorts,,,,457000,건강/진료,https://i.ytimg.com/vi/UlxESrNA4_s/oar2.jpg?sqp=-oaymwEdCJUDENAFSFWQAgHyq4qpAwwIARUAAIhCcAHAAQY=&rs=AOn4CLCNIZDE3woYLmRIE8Es7L5j2NtVfQ&usqp=CCk
585,XDJjAXAXwxI,sub) 이것만 알면 나도 방구석 고양이 전문 수의사!!,"If you know this, you can be the cat veterinarian at home!!",https://www.youtube.com/shorts/XDJjAXAXwxI,https://www.youtube.com/watch?v=XDJjAXAXwxI,shorts,shorts,shorts,,,,396000,건강/진료,https://i.ytimg.com/vi/XDJjAXAXwxI/hq720_2.jpg?sqp=-oaymwEdCJYDENAFSFXyq4qpAw8IARUAAIhCcAHAAQbQAQE=&rs=AOn4CLD_liLjeA3iBVGtBt0nGUSDj1ebGw
586,U0uAHAFT7SQ,sub) 동물 너무 좋아하면 오히려 수의사 안하는게 나은 이유,Why You Shouldn't Become a Vet If You Love Animals Too Much,https://www.youtube.com/shorts/U0uAHAFT7SQ,https://www.youtube.com/watch?v=U0uAHAFT7SQ,shorts,shorts,shorts,,,,878000,건강/진료,https://i.ytimg.com/vi/U0uAHAFT7SQ/hq720_2.jpg?sqp=-oaymwEdCJYDENAFSFXyq4qpAw8IARUAAIhCcAHAAQbQAQE=&rs=AOn4CLCrKPMIt1ILJkihj3BzPqOSXX3n1A
587,op-0lwaXns0,sub) 좀비 다 때려잡고 아포칼립스 종결가능한 미래 최고의 직업: 수의사ㅋㅋㅋ,The best job in the future where you can kill all the zombies and end an Apocalypse: Vet :),https://www.youtube.com/shorts/op-0lwaXns0,https://www.youtube.com/watch?v=op-0lwaXns0,shorts,shorts,shorts,,,,117000,건강/진료,https://i.ytimg.com/vi/op-0lwaXns0/hq720_2.jpg?sqp=-oaymwEdCJYDENAFSFXyq4qpAw8IARUAAIhCcAHAAQbQAQE=&rs=AOn4CLALICJ2ccye8ObppzRfPzSpw2RcWg
588,ftPbUyH2mNQ,sub) 고양이가 안아달라면 안아줌?,"If the cat asks to be hugged, do you do it?",https://www.youtube.com/shorts/ftPbUyH2mNQ,https://www.youtube.com/watch?v=ftPbUyH2mNQ,shorts,shorts,shorts,,,,8700000,기타/엔터테인먼트,https://i.ytimg.com/vi/ftPbUyH2mNQ/oar2.jpg?usqp=CCk
589,2Q-KyYDWcww,sub) 피의 응징...당신이 고양이에게 물리는 이유,Punishment of blood...The reason why you get bitten by a cat,https://www.youtube.com/shorts/2Q-KyYDWcww,https://www.youtube.com/watch?v=2Q-KyYDWcww,shorts,shorts,shorts,,,,238000,기타/엔터테인먼트,https://i.ytimg.com/vi/2Q-KyYDWcww/hq720_2.jpg?sqp=-oaymwEdCJYDENAFSFXyq4qpAw8IARUAAIhCcAHAAQbQAQE=&rs=AOn4CLAye-HFoF4eDvsz3DhtdexdCuLOvg
590,w8wchZDIqS4,sub) 고양이소리 냥잘따라함;,Master Of Mimicking The Cat Sound...,https://www.youtube.com/shorts/w8wchZDIqS4,https://www.youtube.com/watch?v=w8wchZDIqS4,shorts,shorts,shorts,,,,420000,기타/엔터테인먼트,https://i.ytimg.com/vi/w8wchZDIqS4/hq720_2.jpg?sqp=-oaymwEdCJYDENAFSFXyq4qpAw8IARUAAIhCcAHAAQbQAQE=&rs=AOn4CLCixJL1l-HE04XKTndTx8Hhzpeg5A
591,87At39iYuAA,sub) 고양이가 먹으면 진짜진짜 위험한 이거🧶,It is REALLY dangerous for cats to eat this🧶,https://www.youtube.com/shorts/87At39iYuAA,https://www.youtube.com/watch?v=87At39iYuAA,shorts,shorts,shorts,,,,169000,관계/윤리,https://i.ytimg.com/vi/87At39iYuAA/hq720_2.jpg?sqp=-oaymwEdCJYDENAFSFXyq4qpAw8IARUAAIhCcAHAAQbQAQE=&rs=AOn4CLBw9myw_AtubT5uzUi_kA2TiRzRaA
592,xqQsqNwHJCM,무릉도원이세요?,무릉도원이세요?,https://www.youtube.com/shorts/xqQsqNwHJCM,https://www.youtube.com/watch?v=xqQsqNwHJCM,shorts,shorts,shorts,,,,86000,기타/엔터테인먼트,https://i.ytimg.com/vi/xqQsqNwHJCM/hq720_2.jpg?sqp=-oaymwEdCJYDENAFSFXyq4qpAw8IARUAAIhCcAHAAQbQAQE=&rs=AOn4CLB1jjjeH1u2LKacuexh5slSeowrOw
593,YA79zq-NAb0,sub) 고양이 키우는 사람 공통점(진짠가요?),Common features of people who raise cats (are they real?).,https://www.youtube.com/shorts/YA79zq-NAb0,https://www.youtube.com/watch?v=YA79zq-NAb0,shorts,shorts,shorts,,,,185000,기타/엔터테인먼트,https://i.ytimg.com/vi/YA79zq-NAb0/hq720_2.jpg?sqp=-oaymwEdCJYDENAFSFXyq4qpAw8IARUAAIhCcAHAAQbQAQE=&rs=AOn4CLBZvlI7ZCDUpB_TbRkErWl1o-I-5A
594,2QyMPxN_9yA,sub) 우리집 고양이가 불행하다,Cat's behavior when it's unhappy,https://www.youtube.com/shorts/2QyMPxN_9yA,https://www.youtube.com/watch?v=2QyMPxN_9yA,shorts,shorts,shorts,,,,80000,기타/엔터테인먼트,https://i.ytimg.com/vi/2QyMPxN_9yA/hq720_2.jpg?sqp=-oaymwEdCJYDENAFSFXyq4qpAw8IARUAAIhCcAHAAQbQAQE=&rs=AOn4CLD8CJgKUILi4E4SgTRzWQTJ_LshAw
595,38GR37T21Jw,sub) 고양이 VS 고양이 왜싸우는데?,Cats vs cats. Why are they fighting?,https://www.youtube.com/shorts/38GR37T21Jw,https://www.youtube.com/watch?v=38GR37T21Jw,shorts,shorts,shorts,,,,50000,기타/엔터테인먼트,https://i.ytimg.com/vi/38GR37T21Jw/hq720_2.jpg?sqp=-oaymwEdCJYDENAFSFXyq4qpAw8IARUAAIhCcAHAAQbQAQE=&rs=AOn4CLA9DvkxPU42a965Pp9oQdueapEVnQ
596,Owg8jxCUqm0,sub) 수의사가 절대 거르는 고양이제품😤,Cat products that veterinarians never use 😤,https://www.youtube.com/shorts/Owg8jxCUqm0,https://www.youtube.com/watch?v=Owg8jxCUqm0,shorts,shorts,shorts,,,,2000000,건강/진료,https://i.ytimg.com/vi/Owg8jxCUqm0/oar2.jpg?sqp=-oaymwEdCJUDENAFSFWQAgHyq4qpAwwIARUAAIhCcAHAAQY=&rs=AOn4CLCs2Gv4SHKJDdidOQSouVPs4mBtqg&usqp=CCk
597,Ciyta1ZtcT8,sub) '고양이의 보은'에 성별이 다 바뀌어야하는 이유,"Sub) The reason why all genders should be changed in ""The cat returns""",https://www.youtube.com/shorts/Ciyta1ZtcT8,https://www.youtube.com/watch?v=Ciyta1ZtcT8,shorts,shorts,shorts,,,,202000,기타/엔터테인먼트,https://i.ytimg.com/vi/Ciyta1ZtcT8/hq720_2.jpg?sqp=-oaymwEdCJYDENAFSFXyq4qpAw8IARUAAIhCcAHAAQbQAQE=&rs=AOn4CLCO_FHBEDxQ_UvZ7hXhzALcsRvpFw
598,abBj_dy0YMo,sub) 제발~고양이 키우지 마세요! 수의사가 본 최악의 보호자들,Please~ don't raise a cat! The worst owners a veterinarian has ever seen.,https://www.youtube.com/shorts/abBj_dy0YMo,https://www.youtube.com/watch?v=abBj_dy0YMo,shorts,shorts,shorts,,,,535000,건강/진료;관계/윤리,https://i.ytimg.com/vi/abBj_dy0YMo/hq720_2.jpg?sqp=-oaymwEdCJYDENAFSFXyq4qpAw8IARUAAIhCcAHAAQbQAQE=&rs=AOn4CLC01mwKGvCHECU5zTEp5CW6yS85NA
599,2dSb-1VHLr8,시켜줘 너의 명예 구찌 앰배서더🐱,시켜줘 너의 명예 구찌 앰배서더🐱,https://www.youtube.com/shorts/2dSb-1VHLr8,https://www.youtube.com/watch?v=2dSb-1VHLr8,shorts,shorts,shorts,,,,53000,기타/엔터테인먼트,https://i.ytimg.com/vi/2dSb-1VHLr8/hq720_2.jpg?sqp=-oaymwEdCJYDENAFSFXyq4qpAw8IARUAAIhCcAHAAQbQAQE=&rs=AOn4CLDR0odZa3D4KPzKfQB1dup9-BzNHQ
600,fZGvzEXBOG4,sub) 수의사도 벌벌떠는 고양이계 3대장...ㄸㄷ,"Even the veterinarians are shivering, the 3 Masters of the cat world...",https://www.youtube.com/shorts/fZGvzEXBOG4,https://www.youtube.com/watch?v=fZGvzEXBOG4,shorts,shorts,shorts,,,,3400000,건강/진료,https://i.ytimg.com/vi/fZGvzEXBOG4/oar2.jpg?sqp=-oaymwEdCJUDENAFSFWQAgHyq4qpAwwIARUAAIhCcAHAAQY=&rs=AOn4CLC09ai8D2PVOK76tz9z-K5nKt2KEg&usqp=CCk
601,c3tj5noqmbk,새침떼기 고영🐱,새침떼기 고영🐱,https://www.youtube.com/shorts/c3tj5noqmbk,https://www.youtube.com/watch?v=c3tj5noqmbk,shorts,shorts,shorts,,,,76000,기타/엔터테인먼트,https://i.ytimg.com/vi/c3tj5noqmbk/hq720_2.jpg?sqp=-oaymwEdCJYDENAFSFXyq4qpAw8IARUAAIhCcAHAAQbQAQE=&rs=AOn4CLA_gCWwL0fEkjHSwt_mhj_uCYlxxg
602,k0zlGE47CN8,같은 집에 살지만 성격이 너무 다른 고양이 자매🐱🐱,같은 집에 살지만 성격이 너무 다른 고양이 자매🐱🐱,https://www.youtube.com/shorts/k0zlGE47CN8,https://www.youtube.com/watch?v=k0zlGE47CN8,shorts,shorts,shorts,,,,185000,행동/감정,https://i.ytimg.com/vi/k0zlGE47CN8/hq720_2.jpg?sqp=-oaymwEdCJYDENAFSFXyq4qpAw8IARUAAIhCcAHAAQbQAQE=&rs=AOn4CLAbLWNvQPsHw-0BBpHHa-xW_SRXVQ
603,EhNtGMoBLBY,생후 2개월 고양이 호섭이 민들레홀씨 시절,생후 2개월 고양이 호섭이 민들레홀씨 시절,https://www.youtube.com/shorts/EhNtGMoBLBY,https://www.youtube.com/watch?v=EhNtGMoBLBY,shorts,shorts,shorts,,,,88000,기타/엔터테인먼트,https://i.ytimg.com/vi/EhNtGMoBLBY/hq720_2.jpg?sqp=-oaymwEdCJYDENAFSFXyq4qpAw8IARUAAIhCcAHAAQbQAQE=&rs=AOn4CLAcqoBmZjM9QJ9narm0Bnr5c9KLrQ
604,JjU50LFImIc,신소재 숙면 베개 털뿜뿜 에디션,신소재 숙면 베개 털뿜뿜 에디션,https://www.youtube.com/shorts/JjU50LFImIc,https://www.youtube.com/watch?v=JjU50LFImIc,shorts,shorts,shorts,,,,129000,품종/지식,https://i.ytimg.com/vi/JjU50LFImIc/hq720_2.jpg?sqp=-oaymwEdCJUDENAFSFXyq4qpAw8IARUAAIhCcAHAAQbQAQE=&rs=AOn4CLBOmVkUDQhQgJ_UWiQPVv_LVEF9iw
605,omIMExA5ooY,인간매트 따뜻해🔥,인간매트 따뜻해🔥,https://www.youtube.com/shorts/omIMExA5ooY,https://www.youtube.com/watch?v=omIMExA5ooY,shorts,shorts,shorts,,,,99000,기타/엔터테인먼트,https://i.ytimg.com/vi/omIMExA5ooY/hq720_2.jpg?sqp=-oaymwEdCJUDENAFSFXyq4qpAw8IARUAAIhCcAHAAQbQAQE=&rs=AOn4CLC22EkgDQCwUOG8QduAahwkHaRqHQ
606,yRENjHbJvzU,자유형 배우는 고양이 사모님🏊‍♀️,자유형 배우는 고양이 사모님🏊‍♀️,https://www.youtube.com/shorts/yRENjHbJvzU,https://www.youtube.com/watch?v=yRENjHbJvzU,shorts,shorts,shorts,,,,108000,기타/엔터테인먼트,https://i.ytimg.com/vi/yRENjHbJvzU/hq720_2.jpg?sqp=-oaymwEdCI4CEOADSFXyq4qpAw8IARUAAIhCcAHAAQbQAQE=&rs=AOn4CLBT_j9sTh5o0rI9CZXGxzP6wVc7cQ
607,y2WZyHTHaJc,잠꼬대하는 고양이 애기씨,잠꼬대하는 고양이 애기씨,https://www.youtube.com/shorts/y2WZyHTHaJc,https://www.youtube.com/watch?v=y2WZyHTHaJc,shorts,shorts,shorts,,,,171000,기타/엔터테인먼트,https://i.ytimg.com/vi/y2WZyHTHaJc/hq720_2.jpg?sqp=-oaymwEdCJUDENAFSFXyq4qpAw8IARUAAIhCcAHAAQbQAQE=&rs=AOn4CLC9c76xsnNKJvphnazWZMFW-Y_G_w
608,aQ1ekAtRdjE,겨드랑이 못참지,겨드랑이 못참지,https://www.youtube.com/shorts/aQ1ekAtRdjE,https://www.youtube.com/watch?v=aQ1ekAtRdjE,shorts,shorts,shorts,,,,79000,기타/엔터테인먼트,https://i.ytimg.com/vi/aQ1ekAtRdjE/hq720_2.jpg?sqp=-oaymwEdCI4CEOADSFXyq4qpAw8IARUAAIhCcAHAAQbQAQE=&rs=AOn4CLDaL9aZQsWqiDDHySqEOfD7lPdGKw
609,zSWEJo85E74,이제 고양이옷 벗고 퇴근해도 돼,이제 고양이옷 벗고 퇴근해도 돼,https://www.youtube.com/shorts/zSWEJo85E74,https://www.youtube.com/watch?v=zSWEJo85E74,shorts,shorts,shorts,,,,163000,기타/엔터테인먼트,https://i.ytimg.com/vi/zSWEJo85E74/hq720_2.jpg?sqp=-oaymwEdCI4CEOADSFXyq4qpAw8IARUAAIhCcAHAAQbQAQE=&rs=AOn4CLAsBlx8WjayHUaA6r9ouE9-LupnWQ
610,t6-C9peJEEc,"이렇게까지 꾹꾹이를 열심히하는 이유가,,,,,?","이렇게까지 꾹꾹이를 열심히하는 이유가,,,,,?",https://www.youtube.com/shorts/t6-C9peJEEc,https://www.youtube.com/watch?v=t6-C9peJEEc,shorts,shorts,shorts,,,,520000,행동/감정,https://i.ytimg.com/vi/t6-C9peJEEc/hq720_2.jpg?sqp=-oaymwEdCI4CEOADSFXyq4qpAw8IARUAAIhCcAHAAQbQAQE=&rs=AOn4CLDwNgN_hDVa-_sdaSck67snfXO-GQ
611,004IJC8rYqg,470g아깽이 호섭처남 첫건강검진,470g아깽이 호섭처남 첫건강검진,https://www.youtube.com/shorts/004IJC8rYqg,https://www.youtube.com/watch?v=004IJC8rYqg,shorts,shorts,shorts,,,,201000,기타/엔터테인먼트,https://i.ytimg.com/vi/004IJC8rYqg/hq720_2.jpg?sqp=-oaymwEdCI4CEOADSFXyq4qpAw8IARUAAIhCcAHAAQbQAQE=&rs=AOn4CLDHCDHx8tyBH5mNFaIfwO048IfLYQ
612,jJLuc8WDCcU,집사들 업무효율 0,집사들 업무효율 0,https://www.youtube.com/shorts/jJLuc8WDCcU,https://www.youtube.com/watch?v=jJLuc8WDCcU,shorts,shorts,shorts,,,,368000,관계/윤리,https://i.ytimg.com/vi/jJLuc8WDCcU/hq720_2.jpg?sqp=-oaymwEdCI4CEOADSFXyq4qpAw8IARUAAIhCcAHAAQbQAQE=&rs=AOn4CLBSoYWhCefaxcdu65Y4H4wvUJNYVA
613,bdOycBGk_-c,"아빠 애기씨는 안졸린뎅,,,🙄","아빠 애기씨는 안졸린뎅,,,🙄",https://www.youtube.com/shorts/bdOycBGk_-c,https://www.youtube.com/watch?v=bdOycBGk_-c,shorts,shorts,shorts,,,,317000,서사/상담,https://i.ytimg.com/vi/bdOycBGk_-c/hq720_2.jpg?sqp=-oaymwEdCI4CEOADSFXyq4qpAw8IARUAAIhCcAHAAQbQAQE=&rs=AOn4CLBeq1Sy7SS2aT5J6QC4eMqZpjtJKw
614,tQkwx8hdoHw,고양이라면 응당 싱크대정도는 들어가줘야지,"If it's a cat, it should at least fit into the sink.",https://www.youtube.com/shorts/tQkwx8hdoHw,https://www.youtube.com/watch?v=tQkwx8hdoHw,shorts,shorts,shorts,,,,183000,기타/엔터테인먼트,https://i.ytimg.com/vi/tQkwx8hdoHw/hq720_2.jpg?sqp=-oaymwEdCI4CEOADSFXyq4qpAw8IARUAAIhCcAHAAQbQAQE=&rs=AOn4CLDsNhL-iDMcy-RZ_MJWCJuVTrYV1A
615,eVc9PhmkS9g,나보다 꼬리 길고 빵실한 고양이 본사람?,나보다 꼬리 길고 빵실한 고양이 본사람?,https://www.youtube.com/shorts/eVc9PhmkS9g,https://www.youtube.com/watch?v=eVc9PhmkS9g,shorts,shorts,shorts,,,,167000,행동/감정,https://i.ytimg.com/vi/eVc9PhmkS9g/hq720_2.jpg?sqp=-oaymwEdCJUDENAFSFXyq4qpAw8IARUAAIhCcAHAAQbQAQE=&rs=AOn4CLB3edu5lC8iRQ9mHImLgzmK2aNsaQ
616,H_YCmLvQCEo,최선을 다하는 고양이 빨래방,최선을 다하는 고양이 빨래방,https://www.youtube.com/shorts/H_YCmLvQCEo,https://www.youtube.com/watch?v=H_YCmLvQCEo,shorts,shorts,shorts,,,,121000,기타/엔터테인먼트,https://i.ytimg.com/vi/H_YCmLvQCEo/hq720_2.jpg?sqp=-oaymwEdCJUDENAFSFXyq4qpAw8IARUAAIhCcAHAAQbQAQE=&rs=AOn4CLA0Hy--9MVfomFXtVXGb2mZCDC94g
617,WaFC56cOh58,꾹ㄱ꾹꾹ㅇ꾹꾸욱꾹,꾹ㄱ꾹꾹ㅇ꾹꾸욱꾹,https://www.youtube.com/shorts/WaFC56cOh58,https://www.youtube.com/watch?v=WaFC56cOh58,shorts,shorts,shorts,,,,59000,행동/감정,https://i.ytimg.com/vi/WaFC56cOh58/hq720_2.jpg?sqp=-oaymwEdCJUDENAFSFXyq4qpAw8IARUAAIhCcAHAAQbQAQE=&rs=AOn4CLAU7Lhdwcj7dJpybCanxclTUIwcOg
618,V_2s1rE3Pmc,극한직업 고양이편🐱,극한직업 고양이편🐱,https://www.youtube.com/shorts/V_2s1rE3Pmc,https://www.youtube.com/watch?v=V_2s1rE3Pmc,shorts,shorts,shorts,,,,262000,기타/엔터테인먼트,https://i.ytimg.com/vi/V_2s1rE3Pmc/hq720_2.jpg?sqp=-oaymwEdCI4CEOADSFXyq4qpAw8IARUAAIhCcAHAAQbQAQE=&rs=AOn4CLAwgQ5cPaiYbHM6hX4wxr4VTt_dbA
619,B9-cKNRrgSc,폴댄스추는 고양이 애기씨,폴댄스추는 고양이 애기씨,https://www.youtube.com/shorts/B9-cKNRrgSc,https://www.youtube.com/watch?v=B9-cKNRrgSc,shorts,shorts,shorts,,,,98000,기타/엔터테인먼트,https://i.ytimg.com/vi/B9-cKNRrgSc/hq720_2.jpg?sqp=-oaymwEdCI4CEOADSFXyq4qpAw8IARUAAIhCcAHAAQbQAQE=&rs=AOn4CLBoYkoGhtOq8Neny2ZVX00m0mx_Ug
620,KdCSaOD1AJ8,이거 안 해봤으면 고양이집사 절대 아님.,이거 안 해봤으면 고양이집사 절대 아님.,https://www.youtube.com/shorts/KdCSaOD1AJ8,https://www.youtube.com/watch?v=KdCSaOD1AJ8,shorts,shorts,shorts,,,,53000,관계/윤리,https://i.ytimg.com/vi/KdCSaOD1AJ8/hq720_2.jpg?sqp=-oaymwEdCJUDENAFSFXyq4qpAw8IARUAAIhCcAHAAQbQAQE=&rs=AOn4CLBucUx3p4TiadjKmd9rN9Kvd-cWjA
621,OvUdqsNqtf8,고양이타고 용궁간 썰 푼다🐢🐢,고양이타고 용궁간 썰 푼다🐢🐢,https://www.youtube.com/shorts/OvUdqsNqtf8,https://www.youtube.com/watch?v=OvUdqsNqtf8,shorts,shorts,shorts,,,,168000,기타/엔터테인먼트,https://i.ytimg.com/vi/OvUdqsNqtf8/hq720_2.jpg?sqp=-oaymwEdCJUDENAFSFXyq4qpAw8IARUAAIhCcAHAAQbQAQE=&rs=AOn4CLC7L5RdVvZV8SYbhJQQf7X8pK7zCw
622,n8e5cBLgTVc,수의사집 고양이 3년이면 손으로 문열기 정도는 식은츄르먹기🐱,수의사집 고양이 3년이면 손으로 문열기 정도는 식은츄르먹기🐱,https://www.youtube.com/shorts/n8e5cBLgTVc,https://www.youtube.com/watch?v=n8e5cBLgTVc,shorts,shorts,shorts,,,,111000,건강/진료;생활/돌봄,https://i.ytimg.com/vi/n8e5cBLgTVc/hq720_2.jpg?sqp=-oaymwEdCI4CEOADSFXyq4qpAw8IARUAAIhCcAHAAQbQAQE=&rs=AOn4CLDd5vfZKGFu35dmjnj8aVNQy7wO8w
623,UWTWkATXU6s,에어 조단 고양이 애기씨💨,에어 조단 고양이 애기씨💨,https://www.youtube.com/shorts/UWTWkATXU6s,https://www.youtube.com/watch?v=UWTWkATXU6s,shorts,shorts,shorts,,,,140000,기타/엔터테인먼트,https://i.ytimg.com/vi/UWTWkATXU6s/hq720_2.jpg?sqp=-oaymwEdCI4CEOADSFXyq4qpAw8IARUAAIhCcAHAAQbQAQE=&rs=AOn4CLB3i0rqfqF0iudsGod0hUrH-LCcUA
624,S8YB245fVeo,발꼬락 념념굿,발꼬락 념념굿,https://www.youtube.com/shorts/S8YB245fVeo,https://www.youtube.com/watch?v=S8YB245fVeo,shorts,shorts,shorts,,,,77000,기타/엔터테인먼트,https://i.ytimg.com/vi/S8YB245fVeo/hq720_2.jpg?sqp=-oaymwEdCI4CEOADSFXyq4qpAw8IARUAAIhCcAHAAQbQAQE=&rs=AOn4CLBb67_XptuMRbdNOJl6AnhHa47DaA
625,gZqClMjR6ik,애기씨 귄카,애기씨 귄카,https://www.youtube.com/shorts/gZqClMjR6ik,https://www.youtube.com/watch?v=gZqClMjR6ik,shorts,shorts,shorts,,,,203000,기타/엔터테인먼트,https://i.ytimg.com/vi/gZqClMjR6ik/hq720_2.jpg?sqp=-oaymwEdCI4CEOADSFXyq4qpAw8IARUAAIhCcAHAAQbQAQE=&rs=AOn4CLDYkG3HO5bn3FHm6LROujbFMwpGkw
626,WvJxY8tP1zc,사냥꾼,사냥꾼,https://www.youtube.com/shorts/WvJxY8tP1zc,https://www.youtube.com/watch?v=WvJxY8tP1zc,shorts,shorts,shorts,,,,92000,기타/엔터테인먼트,https://i.ytimg.com/vi/WvJxY8tP1zc/hq720_2.jpg?sqp=-oaymwEdCJUDENAFSFXyq4qpAw8IARUAAIhCcAHAAQbQAQE=&rs=AOn4CLA-ifbfKhs99O_ShfOgWyOTuxYmmQ
627,zACvtEuOi5Q,고양이한테 닭가슴살 뺏길뻔함 #shorts,Almost had my chicken breast stolen by a cat #shorts,https://www.youtube.com/shorts/zACvtEuOi5Q,https://www.youtube.com/watch?v=zACvtEuOi5Q,shorts,shorts,shorts,,,,219000,기타/엔터테인먼트,https://i.ytimg.com/vi/zACvtEuOi5Q/hq720_2.jpg?sqp=-oaymwEdCJUDENAFSFXyq4qpAw8IARUAAIhCcAHAAQbQAQE=&rs=AOn4CLDE9zl88VzxcmHUMdj4XL5i2lLonQ
628,m60bgVXoJQ4,부르면 달려오는 강아..아니 고양이 애기씨🐈🐶,부르면 달려오는 강아..아니 고양이 애기씨🐈🐶,https://www.youtube.com/shorts/m60bgVXoJQ4,https://www.youtube.com/watch?v=m60bgVXoJQ4,shorts,shorts,shorts,,,,361000,기타/엔터테인먼트,https://i.ytimg.com/vi/m60bgVXoJQ4/hq720_2.jpg?sqp=-oaymwEdCI4CEOADSFXyq4qpAw8IARUAAIhCcAHAAQbQAQE=&rs=AOn4CLC4WtEal0_HBc6ymdLv56CuX8oVQA
629,wKBxw98galw,부르는 족족 쳐다보는 고영희,부르는 족족 쳐다보는 고영희,https://www.youtube.com/shorts/wKBxw98galw,https://www.youtube.com/watch?v=wKBxw98galw,shorts,shorts,shorts,,,,76000,기타/엔터테인먼트,https://i.ytimg.com/vi/wKBxw98galw/hq720_2.jpg?sqp=-oaymwEdCI4CEOADSFXyq4qpAw8IARUAAIhCcAHAAQbQAQE=&rs=AOn4CLDf7DUB-cccKjRPJSR-2scWSfUWyw
630,E2TwLVsjsw8,냥냥대 꾹꾹이학과 수석졸업한 애기씨 #shorts,냥냥대 꾹꾹이학과 수석졸업한 애기씨 #shorts,https://www.youtube.com/shorts/E2TwLVsjsw8,https://www.youtube.com/watch?v=E2TwLVsjsw8,shorts,shorts,shorts,,,,178000,행동/감정,https://i.ytimg.com/vi/E2TwLVsjsw8/hq720_2.jpg?sqp=-oaymwEdCI4CEOADSFXyq4qpAw8IARUAAIhCcAHAAQbQAQE=&rs=AOn4CLAI-pCpJWhONuEhJ4q_DfD-eZkeCA
631,Zt1KYxRymhg,고양이 배방구 모먼트💨,고양이 배방구 모먼트💨,https://www.youtube.com/shorts/Zt1KYxRymhg,https://www.youtube.com/watch?v=Zt1KYxRymhg,shorts,shorts,shorts,,,,264000,기타/엔터테인먼트,https://i.ytimg.com/vi/Zt1KYxRymhg/hq720_2.jpg?sqp=-oaymwEdCJYDENAFSFXyq4qpAw8IARUAAIhCcAHAAQbQAQE=&rs=AOn4CLCVbvz-nqndLHFRZ1X1NTxF5k_8Ug
632,d2pEmskKnpI,마지막 잎새,마지막 잎새,https://www.youtube.com/shorts/d2pEmskKnpI,https://www.youtube.com/watch?v=d2pEmskKnpI,shorts,shorts,shorts,,,,67000,기타/엔터테인먼트,https://i.ytimg.com/vi/d2pEmskKnpI/hq720_2.jpg?sqp=-oaymwEdCI4CEOADSFXyq4qpAw8IARUAAIhCcAHAAQbQAQE=&rs=AOn4CLCH21fkZir-ez9bzMtdid58h8oamg
633,QVUExTJnEqI,다리가 길어서 식빵에 실패했다🍞 #shorts,다리가 길어서 식빵에 실패했다🍞 #shorts,https://www.youtube.com/shorts/QVUExTJnEqI,https://www.youtube.com/watch?v=QVUExTJnEqI,shorts,shorts,shorts,,,,846000,기타/엔터테인먼트,https://i.ytimg.com/vi/QVUExTJnEqI/hq720_2.jpg?sqp=-oaymwEdCI4CEOADSFXyq4qpAw8IARUAAIhCcAHAAQbQAQE=&rs=AOn4CLCyNr0EADch4x_76VKFa_xxiDO4pQ
634,Ie96bD47tLc,이 정도면 집사 손에서 츄르가 나온다는게 학예회의 정설💦,이 정도면 집사 손에서 츄르가 나온다는게 학예회의 정설💦,https://www.youtube.com/shorts/Ie96bD47tLc,https://www.youtube.com/watch?v=Ie96bD47tLc,shorts,shorts,shorts,,,,99000,생활/돌봄;관계/윤리,https://i.ytimg.com/vi/Ie96bD47tLc/hq2.jpg?sqp=-oaymwEdCKACEOgCSFXyq4qpAw8IARUAAIhCcAHAAQbQAQE=&rs=AOn4CLAuLEye1LB2iUaqdNQ0WHrCOQjqqg
635,zf5du-rQjSU,[속보] 김명철 수의사 집에서 왕따로 밝혀져..,[Breaking News] Veterinarian Kim Myeong-cheol revealed to be bullied at home.,https://www.youtube.com/shorts/zf5du-rQjSU,https://www.youtube.com/watch?v=zf5du-rQjSU,shorts,shorts,shorts,,,,1300000,건강/진료,https://i.ytimg.com/vi/zf5du-rQjSU/hq720_2.jpg?sqp=-oaymwEdCI4CEOADSFXyq4qpAw8IARUAAIhCcAHAAQbQAQE=&rs=AOn4CLBbnUOOEhvV9F_4VSZlKl-SkHlOtw
