no,id,title,default_title,url,watch_url,source_tabs,primary_tab,media_family,duration,duration_min,is_duration_under_60,view_count,topics,thumbnail_url
1,mkhX89LoEWo,"""요즘 우리 고양이 이상한데요…"" 싶을 때 꼭 보세요","Must-watch if you’re thinking, ""My cat has been acting strange lately...""",https://www.youtube.com/watch?v=mkhX89LoEWo,https://www.youtube.com/watch?v=mkhX89LoEWo,videos,videos,video,288.0,4.8,False,,기타/엔터테인먼트,https://i.ytimg.com/vi/mkhX89LoEWo/hqdefault.jpg?sqp=-oaymwEcCNACELwBSFXyq4qpAw4IARUAAIhCGAFwAcABBg==&rs=AOn4CLAhpuBP5YwNrFLb-T7aMb9T1bfaJg
2,k1m_EewHQ80,💩똥싸고 나면 우다다 뛰어다니는 고양이 특징,💩똥싸고 나면 우다다 뛰어다니는 고양이 특징,https://www.youtube.com/watch?v=k1m_EewHQ80,https://www.youtube.com/watch?v=k1m_EewHQ80,videos,videos,video,1352.0,22.53,False,,행동/감정,https://i.ytimg.com/vi/k1m_EewHQ80/hqdefault.jpg?sqp=-oaymwEcCNACELwBSFXyq4qpAw4IARUAAIhCGAFwAcABBg==&rs=AOn4CLBYsZ6U3UugBN13CHWXasHSeFyaKg
3,G6tWUwAGnkU,우리 고양이가 편안하다는 증거,Signs That Your Cat Is Relaxed,https://www.youtube.com/watch?v=G6tWUwAGnkU,https://www.youtube.com/watch?v=G6tWUwAGnkU,videos,videos,video,287.0,4.78,False,,행동/감정,https://i.ytimg.com/vi/G6tWUwAGnkU/hqdefault.jpg?sqp=-oaymwEcCNACELwBSFXyq4qpAw4IARUAAIhCGAFwAcABBg==&rs=AOn4CLD_EvWMBkD12QRDZHuIxOQXV1jtag
4,HUrdSF2ob5w,다음 생엔 강아지 키울거예여...고양이만 10년 이상 키우다가 변절한 이유,I'm getting a dog in my next life... Why I'm switching sides after raising cats for over 10 years,https://www.youtube.com/watch?v=HUrdSF2ob5w,https://www.youtube.com/watch?v=HUrdSF2ob5w,videos,videos,video,3948.0,65.8,False,,기타/엔터테인먼트,https://i.ytimg.com/vi/HUrdSF2ob5w/hqdefault.jpg?sqp=-oaymwEcCNACELwBSFXyq4qpAw4IARUAAIhCGAFwAcABBg==&rs=AOn4CLCetJBwHLnrWpacf2BvW697cuqg-A
5,aOtBpnJokLw,[어린이날 기념] 수의사도 어쩔수 없었던 캣초딩 시절 레전드 에피소드,"[Children's Day Special] A Legendary Episode from the ""Kitten Chaos"" Days That Even the Vet Could...",https://www.youtube.com/watch?v=aOtBpnJokLw,https://www.youtube.com/watch?v=aOtBpnJokLw,videos,videos,video,3196.0,53.27,False,,건강/진료,https://i.ytimg.com/vi/aOtBpnJokLw/hqdefault.jpg?sqp=-oaymwEcCNACELwBSFXyq4qpAw4IARUAAIhCGAFwAcABBg==&rs=AOn4CLD5a6m_3K-v9zMYg_Yaj8f8kZmCmw
6,VU8-78KuHSg,"미야옹철학관 OPEN 고양이 이름, 운명까지 바꿉니다",Meow Philosophy Center OPEN: We Change Your Cat's Name and Even Its Destiny,https://www.youtube.com/watch?v=VU8-78KuHSg,https://www.youtube.com/watch?v=VU8-78KuHSg,videos,videos,video,843.0,14.05,False,,서사/상담,https://i.ytimg.com/vi/VU8-78KuHSg/hqdefault.jpg?sqp=-oaymwEcCNACELwBSFXyq4qpAw4IARUAAIhCGAFwAcABBg==&rs=AOn4CLDbSuk5nnvkSJvGgB1eH2drAsthOg
7,E0gkq3Q_Me0,고양이 간식은 하루에 딱 이만큼만 먹이세요,Feed your cat exactly this much treats a day.,https://www.youtube.com/watch?v=E0gkq3Q_Me0,https://www.youtube.com/watch?v=E0gkq3Q_Me0,videos,videos,video,929.0,15.48,False,,생활/돌봄,https://i.ytimg.com/vi/E0gkq3Q_Me0/hqdefault.jpg?sqp=-oaymwEcCNACELwBSFXyq4qpAw4IARUAAIhCGAFwAcABBg==&rs=AOn4CLAvnx2BgUPu5i9VRVAJ9hvqtkz94g
8,3HddCDIGQ2Y,분노 공허 시기 질투만 남은 남의 《고양이 과시대회》,"Someone Else's ""Cat Show-off"" Left with Only Anger, Emptiness, Envy, and Jealousy",https://www.youtube.com/watch?v=3HddCDIGQ2Y,https://www.youtube.com/watch?v=3HddCDIGQ2Y,videos,videos,video,999.0,16.65,False,,기타/엔터테인먼트,https://i.ytimg.com/vi/3HddCDIGQ2Y/hqdefault.jpg?sqp=-oaymwEcCNACELwBSFXyq4qpAw4IARUAAIhCGAFwAcABBg==&rs=AOn4CLBPH8PVhPSb7U7P1w0HgDyTf6WOyA
9,NYQ2k_DzKOg,고양이 발톱 이렇게 깎으면 트라우마 생깁니다,Trimming a cat's claws like this will cause trauma.,https://www.youtube.com/watch?v=NYQ2k_DzKOg,https://www.youtube.com/watch?v=NYQ2k_DzKOg,videos,videos,video,249.0,4.15,False,,건강/진료,https://i.ytimg.com/vi/NYQ2k_DzKOg/hqdefault.jpg?sqp=-oaymwEcCNACELwBSFXyq4qpAw4IARUAAIhCGAFwAcABBg==&rs=AOn4CLBKGOgViAop9EE-Ta9q3GQrb8BfeA
10,Pv6aPt5ll1k,외모 일황 고양이의 충격적인 실체ㅣ묘종백과 랙돌 편,"The Shocking Truth About the Appearance of the ""Emperor of the World"" Cat | Cat Breed Encyclopedi...",https://www.youtube.com/watch?v=Pv6aPt5ll1k,https://www.youtube.com/watch?v=Pv6aPt5ll1k,videos,videos,video,569.0,9.48,False,,품종/지식,https://i.ytimg.com/vi/Pv6aPt5ll1k/hqdefault.jpg?sqp=-oaymwEcCNACELwBSFXyq4qpAw4IARUAAIhCGAFwAcABBg==&rs=AOn4CLCe1fSLzSvBe0apinsT8JsBEwmg6g
11,LBCfK8Ahf1c,고양이가 나를 얼마나 좋아하는지 확인하는 고양이 인사법,A cat greeting to check how much a cat likes me,https://www.youtube.com/watch?v=LBCfK8Ahf1c,https://www.youtube.com/watch?v=LBCfK8Ahf1c,videos,videos,video,312.0,5.2,False,,행동/감정,https://i.ytimg.com/vi/LBCfK8Ahf1c/hqdefault.jpg?sqp=-oaymwEcCNACELwBSFXyq4qpAw4IARUAAIhCGAFwAcABBg==&rs=AOn4CLC6MfYB2Zyv89-gYIYS9BbJ_vxGaA
12,NW96CmZeSzI,고양이는 보호자를 얼마나 오래 기억할까?,How long do cats remember their guardians?,https://www.youtube.com/watch?v=NW96CmZeSzI,https://www.youtube.com/watch?v=NW96CmZeSzI,videos,videos,video,886.0,14.77,False,,관계/윤리,https://i.ytimg.com/vi/NW96CmZeSzI/hqdefault.jpg?sqp=-oaymwEcCNACELwBSFXyq4qpAw4IARUAAIhCGAFwAcABBg==&rs=AOn4CLAY_Aq1SbR6IUAzwXr0DDXOKoKKjw
13,7E2PVTWYMIg,이 테스트 해보면 고양이 성격 바로 나옴,"If you take this test, your cat's personality will come out right away.",https://www.youtube.com/watch?v=7E2PVTWYMIg,https://www.youtube.com/watch?v=7E2PVTWYMIg,videos,videos,video,403.0,6.72,False,,행동/감정,https://i.ytimg.com/vi/7E2PVTWYMIg/hqdefault.jpg?sqp=-oaymwEcCNACELwBSFXyq4qpAw4IARUAAIhCGAFwAcABBg==&rs=AOn4CLCXHa7xn8SZOYdJCmov3V8kQiESFA
14,PMwwKVmf-Eg,이혼소송보다 고양이 합사가 더 힘든 이유ㅣ고양식탁 조인섭 변호사 편,이혼소송보다 고양이 합사가 더 힘든 이유ㅣ고양식탁 조인섭 변호사 편,https://www.youtube.com/watch?v=PMwwKVmf-Eg,https://www.youtube.com/watch?v=PMwwKVmf-Eg,videos,videos,video,1719.0,28.65,False,,관계/윤리,https://i.ytimg.com/vi/PMwwKVmf-Eg/hqdefault.jpg?sqp=-oaymwEcCNACELwBSFXyq4qpAw4IARUAAIhCGAFwAcABBg==&rs=AOn4CLBedCUyTzx0Id9L5dvn0UIub_9CCw
15,xzQXd7FdzQg,평소와 같이 그냥 출근하면 안 되는 이유,Why You Shouldn't Just Go to Work as Normal,https://www.youtube.com/watch?v=xzQXd7FdzQg,https://www.youtube.com/watch?v=xzQXd7FdzQg,videos,videos,video,219.0,3.65,False,,생활/돌봄,https://i.ytimg.com/vi/xzQXd7FdzQg/hqdefault.jpg?sqp=-oaymwEcCNACELwBSFXyq4qpAw4IARUAAIhCGAFwAcABBg==&rs=AOn4CLDRXzIM-1zufOh2rlxR5upnAUgpog
16,ywqsep1FYpk,아기 낳으니까 어때요?,How is it to have a baby?,https://www.youtube.com/watch?v=ywqsep1FYpk,https://www.youtube.com/watch?v=ywqsep1FYpk,videos,videos,video,375.0,6.25,False,,관계/윤리,https://i.ytimg.com/vi/ywqsep1FYpk/hqdefault.jpg?sqp=-oaymwEcCNACELwBSFXyq4qpAw4IARUAAIhCGAFwAcABBg==&rs=AOn4CLCsO_uR774UxwyxPVdMEAXtT4WCsw
17,5AJStJPD7P0,고양이가 싸울 때 절대 하면 안되는 행동,Things You Should Never Do When Cats Fight,https://www.youtube.com/watch?v=5AJStJPD7P0,https://www.youtube.com/watch?v=5AJStJPD7P0,videos,videos,video,674.0,11.23,False,,행동/감정,https://i.ytimg.com/vi/5AJStJPD7P0/hqdefault.jpg?sqp=-oaymwEcCNACELwBSFXyq4qpAw4IARUAAIhCGAFwAcABBg==&rs=AOn4CLAoBo4KBtZs6rcN7xKWN48r-3tx7w
18,Vb_sCADhvC8,진료실에서 수의사에게 거짓말하는 보호자의 심리,The psychology of pet owners who lie to their veterinarians in the clinic,https://www.youtube.com/watch?v=Vb_sCADhvC8,https://www.youtube.com/watch?v=Vb_sCADhvC8,videos,videos,video,697.0,11.62,False,,건강/진료;관계/윤리,https://i.ytimg.com/vi/Vb_sCADhvC8/hqdefault.jpg?sqp=-oaymwEcCNACELwBSFXyq4qpAw4IARUAAIhCGAFwAcABBg==&rs=AOn4CLCMLJdwFeNyauN1XfHM5wEafHL4kg
19,EAgLtHWLq4c,인간관계 손절할 때 고양이를 참고하세요,"When you're trying to break up a relationship, consider the cat.",https://www.youtube.com/watch?v=EAgLtHWLq4c,https://www.youtube.com/watch?v=EAgLtHWLq4c,videos,videos,video,838.0,13.97,False,,기타/엔터테인먼트,https://i.ytimg.com/vi/EAgLtHWLq4c/hqdefault.jpg?sqp=-oaymwEcCNACELwBSFXyq4qpAw4IARUAAIhCGAFwAcABBg==&rs=AOn4CLBefVzYe_GHQXEVOBj1F8n5Qq8Zig
20,7tW0esJ8fig,고양이 실종에 대한 솔직한 생각ㅣ고양식탁 원탐정 편,Honest Thoughts on Missing Cats | Cat Table Detective,https://www.youtube.com/watch?v=7tW0esJ8fig,https://www.youtube.com/watch?v=7tW0esJ8fig,videos,videos,video,1625.0,27.08,False,,관계/윤리,https://i.ytimg.com/vi/7tW0esJ8fig/hqdefault.jpg?sqp=-oaymwEcCNACELwBSFXyq4qpAw4IARUAAIhCGAFwAcABBg==&rs=AOn4CLDvKzS8z2el-Yx_wysNlwOLR_irVg
21,sxyIvZVhI_M,예민한 고양이 이대로 두면 안되는 이유,Why You Shouldn't Leave Your Sensitive Cat Alive,https://www.youtube.com/watch?v=sxyIvZVhI_M,https://www.youtube.com/watch?v=sxyIvZVhI_M,videos,videos,video,661.0,11.02,False,,기타/엔터테인먼트,https://i.ytimg.com/vi/sxyIvZVhI_M/hqdefault.jpg?sqp=-oaymwEcCNACELwBSFXyq4qpAw4IARUAAIhCGAFwAcABBg==&rs=AOn4CLCLq_Hy9D6dCt-Tfxas9JqoolyUyw
22,4lW99QwkLg8,이렇게 갑자기 고양이를 데려와도 될까?,Is it okay to bring a cat home so suddenly?,https://www.youtube.com/watch?v=4lW99QwkLg8,https://www.youtube.com/watch?v=4lW99QwkLg8,videos,videos,video,1165.0,19.42,False,,기타/엔터테인먼트,https://i.ytimg.com/vi/4lW99QwkLg8/hqdefault.jpg?sqp=-oaymwEcCNACELwBSFXyq4qpAw4IARUAAIhCGAFwAcABBg==&rs=AOn4CLBxQDtYtYcdgGIxoC-J44Nfaeze5Q
23,wQnqruAhLnA,고양이도 자리지키기 하는데 인간은 왜 안해요?,"Cats also guard their positions, so why don't humans?",https://www.youtube.com/watch?v=wQnqruAhLnA,https://www.youtube.com/watch?v=wQnqruAhLnA,videos,videos,video,1199.0,19.98,False,,기타/엔터테인먼트,https://i.ytimg.com/vi/wQnqruAhLnA/hqdefault.jpg?sqp=-oaymwEcCNACELwBSFXyq4qpAw4IARUAAIhCGAFwAcABBg==&rs=AOn4CLDWkGIsZ9KFCxzWUL8NdurjaH4SPQ
24,-qOGsTPB8f8,한국이 이건 확실히 낫지🇰🇷 전세계 고양이 탐험,Korea is definitely better at this🇰🇷 Exploring cats around the world,https://www.youtube.com/watch?v=-qOGsTPB8f8,https://www.youtube.com/watch?v=-qOGsTPB8f8,videos,videos,video,1107.0,18.45,False,,기타/엔터테인먼트,https://i.ytimg.com/vi/-qOGsTPB8f8/hqdefault.jpg?sqp=-oaymwEcCNACELwBSFXyq4qpAw4IARUAAIhCGAFwAcABBg==&rs=AOn4CLD2yoAl3RA9J5ka1wuppD-D9Eyfhg
25,ICQFIRNk-P0,고양이 구경하다가 수의사 버튼 눌림,I pressed the vet button while looking at cats.,https://www.youtube.com/watch?v=ICQFIRNk-P0,https://www.youtube.com/watch?v=ICQFIRNk-P0,videos,videos,video,632.0,10.53,False,,건강/진료,https://i.ytimg.com/vi/ICQFIRNk-P0/hqdefault.jpg?sqp=-oaymwEcCNACELwBSFXyq4qpAw4IARUAAIhCGAFwAcABBg==&rs=AOn4CLBHU-V69sxOxZU2NBa7cXnuK3I4cw
26,efwPSJEZdIg,SUB) 밖에선 여주인 내가 집에선 집사?ㅣ고양식탁 김혜윤 편,"So, Kim Hye-yoon is also the same when it comes to cats, huh.",https://www.youtube.com/watch?v=efwPSJEZdIg,https://www.youtube.com/watch?v=efwPSJEZdIg,videos,videos,video,1196.0,19.93,False,,관계/윤리,https://i.ytimg.com/vi/efwPSJEZdIg/hqdefault.jpg?sqp=-oaymwEcCNACELwBSFXyq4qpAw4IARUAAIhCGAFwAcABBg==&rs=AOn4CLCj0O_oJenNVD2EkLlrFtibpjtMYQ
27,x7582LdLTzQ,'이 장소'를 잃으면 고양이의 스트레스가 시작됩니다,Losing 'this place' starts stressing your cat.,https://www.youtube.com/watch?v=x7582LdLTzQ,https://www.youtube.com/watch?v=x7582LdLTzQ,videos,videos,video,464.0,7.73,False,,행동/감정,https://i.ytimg.com/vi/x7582LdLTzQ/hqdefault.jpg?sqp=-oaymwEcCNACELwBSFXyq4qpAw4IARUAAIhCGAFwAcABBg==&rs=AOn4CLAltOSTiq_PoWre41_ddT0A0B4vPg
28,7KECg0C0a1E,말릴까 말까? 이건 노는걸까 싸우는걸까? 대체 사이가 좋은건지 나쁜건지…다묘집사 주목!,Should I stop them or not? Are they playing or fighting? Are they on good terms or bad? Attention...,https://www.youtube.com/watch?v=7KECg0C0a1E,https://www.youtube.com/watch?v=7KECg0C0a1E,videos,videos,video,548.0,9.13,False,,관계/윤리,https://i.ytimg.com/vi/7KECg0C0a1E/hqdefault.jpg?sqp=-oaymwEcCNACELwBSFXyq4qpAw4IARUAAIhCGAFwAcABBg==&rs=AOn4CLDwTj_DszXyj0ICjbz36q0SH-8Aag
29,uGlHgf15AqA,월별로 '이거' 놓치면 병원비가 확 올라갑니다🐱🧨,월별로 '이거' 놓치면 병원비가 확 올라갑니다🐱🧨,https://www.youtube.com/watch?v=uGlHgf15AqA,https://www.youtube.com/watch?v=uGlHgf15AqA,videos,videos,video,630.0,10.5,False,,건강/진료,https://i.ytimg.com/vi/uGlHgf15AqA/hqdefault.jpg?sqp=-oaymwEcCNACELwBSFXyq4qpAw4IARUAAIhCGAFwAcABBg==&rs=AOn4CLDRFkFwnfqEbKCv3PbDEhON0jruIQ
30,mdwvt0qPIQE,연프출신 수의사가 말아주는 연애상담💘 회사상사에게 고백 할말?/고양이를 반대하는 예랑이/애인있는 사람을 좋아해요/불법도박 남친 사연,연프출신 수의사가 말아주는 연애상담💘 회사상사에게 고백 할말?/고양이를 반대하는 예랑이/애인있는 사람을 좋아해요/불법도박 남친 사연,https://www.youtube.com/watch?v=mdwvt0qPIQE,https://www.youtube.com/watch?v=mdwvt0qPIQE,videos,videos,video,1818.0,30.3,False,,건강/진료;서사/상담,https://i.ytimg.com/vi/mdwvt0qPIQE/hqdefault.jpg?sqp=-oaymwEcCNACELwBSFXyq4qpAw4IARUAAIhCGAFwAcABBg==&rs=AOn4CLCYVslaFwBriy15HsYH2zO49Nsq3w
31,iWSeVz-1tyg,딸아 고양이 별 거 없다,Cats meeting a baby for the first time 🍼🐾,https://www.youtube.com/watch?v=iWSeVz-1tyg,https://www.youtube.com/watch?v=iWSeVz-1tyg,videos,videos,video,477.0,7.95,False,,기타/엔터테인먼트,https://i.ytimg.com/vi/iWSeVz-1tyg/hqdefault.jpg?sqp=-oaymwEcCNACELwBSFXyq4qpAw4IARUAAIhCGAFwAcABBg==&rs=AOn4CLDv1KkQv1_njSNIlGRiW5gvIM1EWA
32,uDpySxHdjng,보호소 고양이의 삶은 달라질수 있을까?,Can the lives of shelter cats change?,https://www.youtube.com/watch?v=uDpySxHdjng,https://www.youtube.com/watch?v=uDpySxHdjng,videos,videos,video,693.0,11.55,False,,기타/엔터테인먼트,https://i.ytimg.com/vi/uDpySxHdjng/hqdefault.jpg?sqp=-oaymwEcCNACELwBSFXyq4qpAw4IARUAAIhCGAFwAcABBg==&rs=AOn4CLDJ5huzkUGs2wlA1eAtp7i52Zagsg
33,c4rDfDLFoGg,가족 중 단 한 사람만 따르는 고양이가 결국에 힘들어지는 이유,A cat that’s been shy for five years,https://www.youtube.com/watch?v=c4rDfDLFoGg,https://www.youtube.com/watch?v=c4rDfDLFoGg,videos,videos,video,425.0,7.08,False,,관계/윤리,https://i.ytimg.com/vi/c4rDfDLFoGg/hqdefault.jpg?sqp=-oaymwEcCNACELwBSFXyq4qpAw4IARUAAIhCGAFwAcABBg==&rs=AOn4CLAWQDJGYboOQ854hxRoabxSdr4tAg
34,rQeHzv7NE1A,집사 부재 Yes? No? 고양이 상태별로 다릅니다,Is it okay to leave a cat alone overnight?,https://www.youtube.com/watch?v=rQeHzv7NE1A,https://www.youtube.com/watch?v=rQeHzv7NE1A,videos,videos,video,274.0,4.57,False,,관계/윤리,https://i.ytimg.com/vi/rQeHzv7NE1A/hqdefault.jpg?sqp=-oaymwEcCNACELwBSFXyq4qpAw4IARUAAIhCGAFwAcABBg==&rs=AOn4CLB0wbd2pEBMRZDQvqtelMxfxmqiuQ
35,pH9gwrTzyeg,겨울이라 잠깐 커진거 맞아요? 《뚱냥이 반성회》,Fat Cat Showcase,https://www.youtube.com/watch?v=pH9gwrTzyeg,https://www.youtube.com/watch?v=pH9gwrTzyeg,videos,videos,video,804.0,13.4,False,,기타/엔터테인먼트,https://i.ytimg.com/vi/pH9gwrTzyeg/hqdefault.jpg?sqp=-oaymwEcCNACELwBSFXyq4qpAw4IARUAAIhCGAFwAcABBg==&rs=AOn4CLCzTL8NheFQE1b7SqSvxVXwRmqOdA
36,dd3O1yd1EaU,고양이 혼자 있을 때 진짜 위험한건 몇 박일까?ㅣ집사메이커 lv.15,How long can a cat stay home alone? (Vet’s tips for leaving your cat overnight),https://www.youtube.com/watch?v=dd3O1yd1EaU,https://www.youtube.com/watch?v=dd3O1yd1EaU,videos,videos,video,206.0,3.43,False,,관계/윤리,https://i.ytimg.com/vi/dd3O1yd1EaU/hqdefault.jpg?sqp=-oaymwEcCNACELwBSFXyq4qpAw4IARUAAIhCGAFwAcABBg==&rs=AOn4CLBwSn2kwBpSOvUh1aYL73K_brpzHQ
37,HhPN8V9sj0Y,구조된 야생 바다 아깽이의 충격적인 변화,The reaction of a sea cat tasting a human’s touch for the first time,https://www.youtube.com/watch?v=HhPN8V9sj0Y,https://www.youtube.com/watch?v=HhPN8V9sj0Y,videos,videos,video,691.0,11.52,False,,관계/윤리,https://i.ytimg.com/vi/HhPN8V9sj0Y/hqdefault.jpg?sqp=-oaymwEcCNACELwBSFXyq4qpAw4IARUAAIhCGAFwAcABBg==&rs=AOn4CLDOdSlgo581XVp-oQRgGMkMRzPMxA
38,FzKvvBD_O2g,고양이가 사람을 순위 매기는 기준(테스트 포함),A vet explains what kind of people cats like (popularity ranking test included),https://www.youtube.com/watch?v=FzKvvBD_O2g,https://www.youtube.com/watch?v=FzKvvBD_O2g,videos,videos,video,412.0,6.87,False,,기타/엔터테인먼트,https://i.ytimg.com/vi/FzKvvBD_O2g/hqdefault.jpg?sqp=-oaymwEcCNACELwBSFXyq4qpAw4IARUAAIhCGAFwAcABBg==&rs=AOn4CLBBU1wQidcY17EKc110ilIbLXtYiA
39,lzaO3_xXhC0,고양이는 왜 이렇게 양심이 없을까?,A vet analyzes the “shameless cat” memes lol,https://www.youtube.com/watch?v=lzaO3_xXhC0,https://www.youtube.com/watch?v=lzaO3_xXhC0,videos,videos,video,431.0,7.18,False,,기타/엔터테인먼트,https://i.ytimg.com/vi/lzaO3_xXhC0/hqdefault.jpg?sqp=-oaymwEcCNACELwBSFXyq4qpAw4IARUAAIhCGAFwAcABBg==&rs=AOn4CLANdJFl-WzWeiYitWbfEmCx42kVTQ
40,fF9M9TvSl8Y,전기장판 틀어줘도 괜찮나요? 겨울에 고양이 케어 어떻게 해요?,Winter mistakes cat owners often make 🥶🙀 (+indoor temperature tips for winter),https://www.youtube.com/watch?v=fF9M9TvSl8Y,https://www.youtube.com/watch?v=fF9M9TvSl8Y,videos,videos,video,415.0,6.92,False,,기타/엔터테인먼트,https://i.ytimg.com/vi/fF9M9TvSl8Y/hqdefault.jpg?sqp=-oaymwEcCNACELwBSFXyq4qpAw4IARUAAIhCGAFwAcABBg==&rs=AOn4CLDK1uCpb5vFO8ID6OeCsCE3FwRZIg
41,L51rIushlRs,1가정 1고양이 필수😼수의사의 ‘야무진 고양이는 오늘도 우울’ 리뷰,Why you should live with a cat. A vet reviews the manga “The Masterful Cat Is Depressed Again Today”,https://www.youtube.com/watch?v=L51rIushlRs,https://www.youtube.com/watch?v=L51rIushlRs,videos,videos,video,511.0,8.52,False,,건강/진료,https://i.ytimg.com/vi/L51rIushlRs/hqdefault.jpg?sqp=-oaymwEcCNACELwBSFXyq4qpAw4IARUAAIhCGAFwAcABBg==&rs=AOn4CLDLhLJCY6p0pCyvLCmxzzu5EJmf3A
42,nI_rZFGHYrg,[4hz] 고양이랑 꿀잠자는 주파수😴 효과보장! 매일 5분이면 고양이 귀가 자라난다,[4hz] 고양이랑 꿀잠자는 주파수😴 효과보장! 매일 5분이면 고양이 귀가 자라난다,https://www.youtube.com/watch?v=nI_rZFGHYrg,https://www.youtube.com/watch?v=nI_rZFGHYrg,videos,videos,video,367.0,6.12,False,,행동/감정,https://i.ytimg.com/vi/nI_rZFGHYrg/hqdefault.jpg?sqp=-oaymwEcCNACELwBSFXyq4qpAw4IARUAAIhCGAFwAcABBg==&rs=AOn4CLCtHExfvcdRs_3fQygR5TuN3GD5Mg
43,TloIxKSFlyI,몇 명이랑 살아야 고양이는 만족할까? 1인가구 vs 다인가구ㅣ미야옹서베이,Are Cats Happy with Only One Owner?,https://www.youtube.com/watch?v=TloIxKSFlyI,https://www.youtube.com/watch?v=TloIxKSFlyI,videos,videos,video,658.0,10.97,False,,기타/엔터테인먼트,https://i.ytimg.com/vi/TloIxKSFlyI/hqdefault.jpg?sqp=-oaymwEcCNACELwBSFXyq4qpAw4IARUAAIhCGAFwAcABBg==&rs=AOn4CLBZyr4_2v4egpoJaRTJtwVbhveljw
44,xJy9e6YAKn8,"미야옹철 2세 공개, 고양이와 아침, 요즘 하는 명상 소개, 그릭요거트 추천, 휴모님 없이 유튜브 촬영하는 vlog","Meow Cheol 2nd generation revealed, morning with a cat, introduction to meditation I'm doing thes...",https://www.youtube.com/watch?v=xJy9e6YAKn8,https://www.youtube.com/watch?v=xJy9e6YAKn8,videos,videos,video,692.0,11.53,False,,서사/상담,https://i.ytimg.com/vi/xJy9e6YAKn8/hqdefault.jpg?sqp=-oaymwEcCNACELwBSFXyq4qpAw4IARUAAIhCGAFwAcABBg==&rs=AOn4CLAA2ik6NUWbVxbTFz7OrfT86EEk5A
45,RpbEw4m5kj0,우리 집 고양이는 분리불안 몇 단계일까? 지금 당장 확인해보세요,Is My Cat Suffering from Separation Anxiety?,https://www.youtube.com/watch?v=RpbEw4m5kj0,https://www.youtube.com/watch?v=RpbEw4m5kj0,videos,videos,video,519.0,8.65,False,,행동/감정,https://i.ytimg.com/vi/RpbEw4m5kj0/hqdefault.jpg?sqp=-oaymwEcCNACELwBSFXyq4qpAw4IARUAAIhCGAFwAcABBg==&rs=AOn4CLAhL4fWx6xhAp2RXrQ5aIUylf1N_A
46,RYsuCT-QOUI,물 닿기 싫어 발가락 쫙 🐾그러고도 니가 바다고양이니?ㅣ미야옹톡 씨캣,Do Cats Living by the Sea Swim Well?🌊,https://www.youtube.com/watch?v=RYsuCT-QOUI,https://www.youtube.com/watch?v=RYsuCT-QOUI,videos,videos,video,617.0,10.28,False,,기타/엔터테인먼트,https://i.ytimg.com/vi/RYsuCT-QOUI/hqdefault.jpg?sqp=-oaymwEcCNACELwBSFXyq4qpAw4IARUAAIhCGAFwAcABBg==&rs=AOn4CLAqx_sIDOviSw-rr8u0kRl8f9yXkg
47,fYBMLg1bQ44,발톱통신 가속모드! 벽지 다 갈아엎는 고양이 인테리어 사장님,A Cat with Crazy Talent That Catches Kibble Mid-Air ⚾️,https://www.youtube.com/watch?v=fYBMLg1bQ44,https://www.youtube.com/watch?v=fYBMLg1bQ44,videos,videos,video,493.0,8.22,False,,건강/진료,https://i.ytimg.com/vi/fYBMLg1bQ44/hqdefault.jpg?sqp=-oaymwEcCNACELwBSFXyq4qpAw4IARUAAIhCGAFwAcABBg==&rs=AOn4CLB6e7eIWZEEFbZooA65_y5Rm2RaiQ
48,I9-lFBPx2Vo,고양이는 그루밍 하니까 평생 안 씻어도 된다는데 정말일까?,Do Cats Need Baths If They Groom Themselves?,https://www.youtube.com/watch?v=I9-lFBPx2Vo,https://www.youtube.com/watch?v=I9-lFBPx2Vo,videos,videos,video,878.0,14.63,False,,기타/엔터테인먼트,https://i.ytimg.com/vi/I9-lFBPx2Vo/hqdefault.jpg?sqp=-oaymwEcCNACELwBSFXyq4qpAw4IARUAAIhCGAFwAcABBg==&rs=AOn4CLApO-cvH-Qxt08CMR_NGaVJseGOhA
49,RKpQal996NI,"‘다시 길로 돌려보냈다’는 말, 그게 가장 잔인한 변명입니다",The Tragic Fate of Cats Abandoned During Holidays,https://www.youtube.com/watch?v=RKpQal996NI,https://www.youtube.com/watch?v=RKpQal996NI,videos,videos,video,252.0,4.2,False,,기타/엔터테인먼트,https://i.ytimg.com/vi/RKpQal996NI/hqdefault.jpg?sqp=-oaymwEcCNACELwBSFXyq4qpAw4IARUAAIhCGAFwAcABBg==&rs=AOn4CLDLkbY9dmjiGjouRUfVu2GmQSGTAg
50,YENHP5n2Fl0,처음 본 고양이랑 친해지는 방법,The Easiest Way to Make a Cat Like You 😺,https://www.youtube.com/watch?v=YENHP5n2Fl0,https://www.youtube.com/watch?v=YENHP5n2Fl0,videos,videos,video,327.0,5.45,False,,기타/엔터테인먼트,https://i.ytimg.com/vi/YENHP5n2Fl0/hqdefault.jpg?sqp=-oaymwEcCNACELwBSFXyq4qpAw4IARUAAIhCGAFwAcABBg==&rs=AOn4CLD7vfZ6PouPh_nHdeku6OEEkpiAHQ
51,8C29y2QRaK4,"추석에 고양이 두고갈까, 데려갈까? 딱 정해드림",What should I do with my cat when I travel?,https://www.youtube.com/watch?v=8C29y2QRaK4,https://www.youtube.com/watch?v=8C29y2QRaK4,videos,videos,video,2070.0,34.5,False,,기타/엔터테인먼트,https://i.ytimg.com/vi/8C29y2QRaK4/hqdefault.jpg?sqp=-oaymwEcCNACELwBSFXyq4qpAw4IARUAAIhCGAFwAcABBg==&rs=AOn4CLCqEc_iK7PJnUJm6tSczgN8hUVIAA
52,dyuAWs2KKjk,고양이 임보 중 최고 난이도는? 케이스별 임보 가이드 총집합,Suddenly Taking Care of a Cat: Complete Guide,https://www.youtube.com/watch?v=dyuAWs2KKjk,https://www.youtube.com/watch?v=dyuAWs2KKjk,videos,videos,video,549.0,9.15,False,,기타/엔터테인먼트,https://i.ytimg.com/vi/dyuAWs2KKjk/hqdefault.jpg?sqp=-oaymwEcCNACELwBSFXyq4qpAw4IARUAAIhCGAFwAcABBg==&rs=AOn4CLA-QNeMfoh9MujiIZz3Z6beZPfW7w
53,mSABAej_XYI,"7살 고양이, ‘이거’ 안 했다가 치아 다 뽑을 뻔 했습니다…",A Veterinarian Examines His Own Cat: Essential Checkups for Middle-Aged Cats,https://www.youtube.com/watch?v=mSABAej_XYI,https://www.youtube.com/watch?v=mSABAej_XYI,videos,videos,video,718.0,11.97,False,,건강/진료,https://i.ytimg.com/vi/mSABAej_XYI/hqdefault.jpg?sqp=-oaymwEcCNACELwBSFXyq4qpAw4IARUAAIhCGAFwAcABBg==&rs=AOn4CLCSvjEXFep003L72lq2NL6_yGCEAQ
54,WxG8Zr9SQOU,엄마 나 회사 안 갈래요 고양이 봐야된단 말이에요 그래도 가야지 네가 부장인데…ㅣ고양식탁 민음사TV 조아란 편,엄마 나 회사 안 갈래요 고양이 봐야된단 말이에요 그래도 가야지 네가 부장인데…ㅣ고양식탁 민음사TV 조아란 편,https://www.youtube.com/watch?v=WxG8Zr9SQOU,https://www.youtube.com/watch?v=WxG8Zr9SQOU,videos,videos,video,2041.0,34.02,False,,서사/상담,https://i.ytimg.com/vi/WxG8Zr9SQOU/hqdefault.jpg?sqp=-oaymwEcCNACELwBSFXyq4qpAw4IARUAAIhCGAFwAcABBg==&rs=AOn4CLDAhf7bq1QqVfymlcz_HOZ066hjow
55,OGBoFn95WEA,내 연프가 여깄어...고양이들의 데이트를 따라가봤다,A flirty female cat making moves on a tomcat 🤭,https://www.youtube.com/watch?v=OGBoFn95WEA,https://www.youtube.com/watch?v=OGBoFn95WEA,videos,videos,video,570.0,9.5,False,,기타/엔터테인먼트,https://i.ytimg.com/vi/OGBoFn95WEA/hqdefault.jpg?sqp=-oaymwEcCNACELwBSFXyq4qpAw4IARUAAIhCGAFwAcABBg==&rs=AOn4CLA5kzAfMSbhNNrUYmEqbVyLHv_szQ
56,EdVSHBT1TLs,천재거나 미치거나ㅣ묘종백과 아비시니안 편,Energetic Genius Cat Abyssinian | Cat Encyclopedia: Abyssinian Edition,https://www.youtube.com/watch?v=EdVSHBT1TLs,https://www.youtube.com/watch?v=EdVSHBT1TLs,videos,videos,video,634.0,10.57,False,,품종/지식,https://i.ytimg.com/vi/EdVSHBT1TLs/hqdefault.jpg?sqp=-oaymwEcCNACELwBSFXyq4qpAw4IARUAAIhCGAFwAcABBg==&rs=AOn4CLAwPcx2XINOYT2_qOLnLev8XHi73w
57,TzVgqK1XYDk,우리집 고양이는 역변? 정변? 냥생역전✨,Amazing Before & After of Adopted Cats,https://www.youtube.com/watch?v=TzVgqK1XYDk,https://www.youtube.com/watch?v=TzVgqK1XYDk,videos,videos,video,565.0,9.42,False,,기타/엔터테인먼트,https://i.ytimg.com/vi/TzVgqK1XYDk/hqdefault.jpg?sqp=-oaymwEcCNACELwBSFXyq4qpAw4IARUAAIhCGAFwAcABBg==&rs=AOn4CLDYgco0EJgPUFRBU19VJlNFJH1-4g
58,Utl-p_gAP2Q,장난인줄 알았죠…? 진짜 물린 겁니다 (물렸을 때 상황별 대처법 총정리!),Why does my cat keep biting?,https://www.youtube.com/watch?v=Utl-p_gAP2Q,https://www.youtube.com/watch?v=Utl-p_gAP2Q,videos,videos,video,1045.0,17.42,False,,기타/엔터테인먼트,https://i.ytimg.com/vi/Utl-p_gAP2Q/hqdefault.jpg?sqp=-oaymwEcCNACELwBSFXyq4qpAw4IARUAAIhCGAFwAcABBg==&rs=AOn4CLC2Z7bOTcl7DBT6rz0MsqU_czCemQ
59,SHWNdSofKp0,고양이가 친구를 사귀게 되면 '이 시그널'이 있습니다,"When a cat makes a friend, there's this signal",https://www.youtube.com/watch?v=SHWNdSofKp0,https://www.youtube.com/watch?v=SHWNdSofKp0,videos,videos,video,317.0,5.28,False,,행동/감정,https://i.ytimg.com/vi/SHWNdSofKp0/hqdefault.jpg?sqp=-oaymwEcCNACELwBSFXyq4qpAw4IARUAAIhCGAFwAcABBg==&rs=AOn4CLDSLn_O80E7k8kpZZUF6Xpuap3e8w
60,Pm_DdDJtC2E,염소소리로 잔소리하는 기묘한 고양이🐑,A strange cat that nags like a goat🐑,https://www.youtube.com/watch?v=Pm_DdDJtC2E,https://www.youtube.com/watch?v=Pm_DdDJtC2E,videos,videos,video,480.0,8.0,False,,기타/엔터테인먼트,https://i.ytimg.com/vi/Pm_DdDJtC2E/hqdefault.jpg?sqp=-oaymwEcCNACELwBSFXyq4qpAw4IARUAAIhCGAFwAcABBg==&rs=AOn4CLB5gZnLCCrquYCWSNYE1s6pU5dJFQ
61,gRxkZ3_qrKU,둘이 헤어지면 고양이는 누가 키워야 할까?,Who should take the cat if you divorce?,https://www.youtube.com/watch?v=gRxkZ3_qrKU,https://www.youtube.com/watch?v=gRxkZ3_qrKU,videos,videos,video,512.0,8.53,False,,기타/엔터테인먼트,https://i.ytimg.com/vi/gRxkZ3_qrKU/hqdefault.jpg?sqp=-oaymwEcCNACELwBSFXyq4qpAw4IARUAAIhCGAFwAcABBg==&rs=AOn4CLBSBAYj7bqdMWjYau5ZNVk7_1XYqQ
62,gCDdmEBcUok,고양이한테 한 번이라도 밟혀본 사람이 대단한 이유,The reason why cats step on me,https://www.youtube.com/watch?v=gCDdmEBcUok,https://www.youtube.com/watch?v=gCDdmEBcUok,videos,videos,video,280.0,4.67,False,,기타/엔터테인먼트,https://i.ytimg.com/vi/gCDdmEBcUok/hqdefault.jpg?sqp=-oaymwEcCNACELwBSFXyq4qpAw4IARUAAIhCGAFwAcABBg==&rs=AOn4CLDpeSAGPXBxB_3C0x-2lW9AWLr4kQ
63,UcAOJ83hKkY,[4K] 입 속까지 다 보여주는 팬서비스 영상,[4K] 입 속까지 다 보여주는 팬서비스 영상,https://www.youtube.com/watch?v=UcAOJ83hKkY,https://www.youtube.com/watch?v=UcAOJ83hKkY,videos,videos,video,842.0,14.03,False,,기타/엔터테인먼트,https://i.ytimg.com/vi/UcAOJ83hKkY/hqdefault.jpg?sqp=-oaymwEcCNACELwBSFXyq4qpAw4IARUAAIhCGAFwAcABBg==&rs=AOn4CLCeDPsHekuVfabkaRqtvkD8hI3jtg
64,Y9Al5FfyWIQ,고양이 루틴에 집사가 종속되면 생기는 심각한 문제ㅣ미야옹서베이,The Serious Problems That Happen When Cat Owners Are Subordinate to Their Routines | Meow Survey,https://www.youtube.com/watch?v=Y9Al5FfyWIQ,https://www.youtube.com/watch?v=Y9Al5FfyWIQ,videos,videos,video,487.0,8.12,False,,관계/윤리,https://i.ytimg.com/vi/Y9Al5FfyWIQ/hqdefault.jpg?sqp=-oaymwEcCNACELwBSFXyq4qpAw4IARUAAIhCGAFwAcABBg==&rs=AOn4CLD87N2JW3VYMh7RdcEE2zzb7h0Iqg
65,ljU8fX9rBx4,미야옹철을 은퇴시킬 초등학생의 고양이 비법서📖,The elementary school student's cat secret book that will make Meowth retire📖,https://www.youtube.com/watch?v=ljU8fX9rBx4,https://www.youtube.com/watch?v=ljU8fX9rBx4,videos,videos,video,448.0,7.47,False,,기타/엔터테인먼트,https://i.ytimg.com/vi/ljU8fX9rBx4/hqdefault.jpg?sqp=-oaymwEcCNACELwBSFXyq4qpAw4IARUAAIhCGAFwAcABBg==&rs=AOn4CLCK0QETX32RHL-fFVNX7YIzDP_6ZA
66,ZH3RaHy6DMQ,"고양이 구토, 치명적 결과를 맞이할 수 있습니다ㅣ집사메이커 lv.14",Cat Vomiting Can Have Fatal Consequences | Butler Maker Lv. 14,https://www.youtube.com/watch?v=ZH3RaHy6DMQ,https://www.youtube.com/watch?v=ZH3RaHy6DMQ,videos,videos,video,233.0,3.88,False,,건강/진료;관계/윤리,https://i.ytimg.com/vi/ZH3RaHy6DMQ/hqdefault.jpg?sqp=-oaymwEcCNACELwBSFXyq4qpAw4IARUAAIhCGAFwAcABBg==&rs=AOn4CLBs4RCpqNquvMfPb6nA2Wa-5HUQ8A
67,cl0UqI3Je8A,고양이에게 상처받은 사람들(외상포함) F옹철이 위로해드립니다,F Ongcheol will comfort those who have been hurt by cats (including those with trauma).,https://www.youtube.com/watch?v=cl0UqI3Je8A,https://www.youtube.com/watch?v=cl0UqI3Je8A,videos,videos,video,437.0,7.28,False,,기타/엔터테인먼트,https://i.ytimg.com/vi/cl0UqI3Je8A/hqdefault.jpg?sqp=-oaymwEcCNACELwBSFXyq4qpAw4IARUAAIhCGAFwAcABBg==&rs=AOn4CLD-9XwmJ4IBBkCEpbnej0oW-8fgvA
68,PtJuBg2SiYI,SUB) 눈떠보니 집사가 유승호...? 그 남자의 엄청난 (집)사생활ㅣ고양식탁 유승호 편,"Opened The Eyes, and Yoo Seungho is the Butler? The Man's Amazing (Butler) Life",https://www.youtube.com/watch?v=PtJuBg2SiYI,https://www.youtube.com/watch?v=PtJuBg2SiYI,videos,videos,video,1788.0,29.8,False,,행동/감정;관계/윤리,https://i.ytimg.com/vi/PtJuBg2SiYI/hqdefault.jpg?sqp=-oaymwEcCNACELwBSFXyq4qpAw4IARUAAIhCGAFwAcABBg==&rs=AOn4CLABjhifWaV6LIE_2NeEfURIpyW5rA
69,CIvbmJoZhOQ,귀가 찢어지고 발톱이 뽑혔다...앗 실수! 초보집사의 웃픈 오해😹,My ear was torn and my toenails were ripped out... Oops! A rookie butler's funny misunderstanding😹,https://www.youtube.com/watch?v=CIvbmJoZhOQ,https://www.youtube.com/watch?v=CIvbmJoZhOQ,videos,videos,video,415.0,6.92,False,,행동/감정;건강/진료;관계/윤리,https://i.ytimg.com/vi/CIvbmJoZhOQ/hqdefault.jpg?sqp=-oaymwEcCNACELwBSFXyq4qpAw4IARUAAIhCGAFwAcABBg==&rs=AOn4CLCAudoofYHtOLc6TfzspamnqXzBAQ
70,JQXZGY9L8vg,빗질 좋아하는 고양이로 만드는 비법💈미야옹실 영업중💈,The secret to making your cat love being groomed💈Meow Room is now open💈,https://www.youtube.com/watch?v=JQXZGY9L8vg,https://www.youtube.com/watch?v=JQXZGY9L8vg,videos,videos,video,477.0,7.95,False,,생활/돌봄,https://i.ytimg.com/vi/JQXZGY9L8vg/hqdefault.jpg?sqp=-oaymwEcCNACELwBSFXyq4qpAw4IARUAAIhCGAFwAcABBg==&rs=AOn4CLD4tSfNcnH96A92z2dcFo0QPHmtTg
71,jqwzDIxWQk8,무시당하는 집사 주목! 고양이가 서열을 정하는 순간,"Attention, the neglected butler! The moment when cats establish a hierarchy",https://www.youtube.com/watch?v=jqwzDIxWQk8,https://www.youtube.com/watch?v=jqwzDIxWQk8,videos,videos,video,423.0,7.05,False,,관계/윤리,https://i.ytimg.com/vi/jqwzDIxWQk8/hqdefault.jpg?sqp=-oaymwEcCNACELwBSFXyq4qpAw4IARUAAIhCGAFwAcABBg==&rs=AOn4CLBC_cvL58RHCiW5Yc36yMSxzEUEXg
72,LbmoO2nqXBE,"고양이가 놀아달래서 힘든 집사, 이렇게 하시면 됩니다!","If you are having a hard time because your cat wants to play, here is what you can do!",https://www.youtube.com/watch?v=LbmoO2nqXBE,https://www.youtube.com/watch?v=LbmoO2nqXBE,videos,videos,video,956.0,15.93,False,,관계/윤리,https://i.ytimg.com/vi/LbmoO2nqXBE/hqdefault.jpg?sqp=-oaymwEcCNACELwBSFXyq4qpAw4IARUAAIhCGAFwAcABBg==&rs=AOn4CLDzB077_vvSEY4Hte4rk5t-0qjIJg
73,_sxrpU0x4g8,"이 행동, ‘놀이’가 아닙니다! 고양이 사이가 나쁘다는 증거🚨",This behavior is not ‘play’! It’s evidence that cats are not on good terms🚨,https://www.youtube.com/watch?v=_sxrpU0x4g8,https://www.youtube.com/watch?v=_sxrpU0x4g8,videos,videos,video,394.0,6.57,False,,행동/감정,https://i.ytimg.com/vi/_sxrpU0x4g8/hqdefault.jpg?sqp=-oaymwEcCNACELwBSFXyq4qpAw4IARUAAIhCGAFwAcABBg==&rs=AOn4CLDfmoR886fNOsCaTrt16ziXkTlmWw
74,jsl4PSyyYKQ,"여름, 고양이 목숨을 위협하는 치명적인 5가지 요인","Summer, 5 Deadly Factors That Threaten Your Cat's Life",https://www.youtube.com/watch?v=jsl4PSyyYKQ,https://www.youtube.com/watch?v=jsl4PSyyYKQ,videos,videos,video,365.0,6.08,False,,기타/엔터테인먼트,https://i.ytimg.com/vi/jsl4PSyyYKQ/hqdefault.jpg?sqp=-oaymwEcCNACELwBSFXyq4qpAw4IARUAAIhCGAFwAcABBg==&rs=AOn4CLBmEYwt_4mq6kCv8dMf_MDg-0Wsyg
75,VUIsWJLVgpE,"벽짚기 챌린지, 간식 지능테스트…안 해본 집사 없지?(귀엽긴 함)","Wall-climbing challenge, snack intelligence test… Is there any butler who hasn’t tried it? (They’...",https://www.youtube.com/watch?v=VUIsWJLVgpE,https://www.youtube.com/watch?v=VUIsWJLVgpE,videos,videos,video,1137.0,18.95,False,,행동/감정;생활/돌봄;관계/윤리,https://i.ytimg.com/vi/VUIsWJLVgpE/hqdefault.jpg?sqp=-oaymwEcCNACELwBSFXyq4qpAw4IARUAAIhCGAFwAcABBg==&rs=AOn4CLAiSGGZNsQhrJfE4jNIRvjWE-9A9w
76,0YVhPUZixY4,집사가 하란다고 냅다 똥꼬쇼 하는 고양이 어떤데,What kind of cat is this that just poops because the butler tells it to?,https://www.youtube.com/watch?v=0YVhPUZixY4,https://www.youtube.com/watch?v=0YVhPUZixY4,videos,videos,video,509.0,8.48,False,,관계/윤리,https://i.ytimg.com/vi/0YVhPUZixY4/hqdefault.jpg?sqp=-oaymwEcCNACELwBSFXyq4qpAw4IARUAAIhCGAFwAcABBg==&rs=AOn4CLDuOy2EQwNZoGLConC_asDKJda_eA
77,I3rQcjLvx38,(깜짝발표⭐️) 고양이 있는 집에 아기가 태어나면 어떡할까?,(Surprise Announcement⭐️) What would happen if a baby was born in a house with a cat?,https://www.youtube.com/watch?v=I3rQcjLvx38,https://www.youtube.com/watch?v=I3rQcjLvx38,videos,videos,video,532.0,8.87,False,,관계/윤리,https://i.ytimg.com/vi/I3rQcjLvx38/hqdefault.jpg?sqp=-oaymwEcCNACELwBSFXyq4qpAw4IARUAAIhCGAFwAcABBg==&rs=AOn4CLDs3CNXUvDiL27KOmSPWDQKx27keA
78,PUzgVTytfk0,고양이 걸그룹 불화설💥춘봉첨지와 칠복이의 미래는?ㅣ미야옹철의 가정방문 언더월드 편,Cat girl group feud rumors💥What is the future of Chunbong Cheomji and Chilbok?ㅣMeow Cheol's home ...,https://www.youtube.com/watch?v=PUzgVTytfk0,https://www.youtube.com/watch?v=PUzgVTytfk0,videos,videos,video,933.0,15.55,False,,기타/엔터테인먼트,https://i.ytimg.com/vi/PUzgVTytfk0/hqdefault.jpg?sqp=-oaymwEcCNACELwBSFXyq4qpAw4IARUAAIhCGAFwAcABBg==&rs=AOn4CLBB3qu39VhvEfCsJiIxBsE2GZxRTQ
79,MNrLy0Lh8kk,고양이 있는 집 에어컨 온도 딱 정해드립니다! 여름철 온도·습도·질병🌞💦,"We'll set the air conditioner temperature for your home with a cat! Summer temperature, humidity,...",https://www.youtube.com/watch?v=MNrLy0Lh8kk,https://www.youtube.com/watch?v=MNrLy0Lh8kk,videos,videos,video,394.0,6.57,False,,기타/엔터테인먼트,https://i.ytimg.com/vi/MNrLy0Lh8kk/hqdefault.jpg?sqp=-oaymwEcCNACELwBSFXyq4qpAw4IARUAAIhCGAFwAcABBg==&rs=AOn4CLAoxWYcnKbJL3bOxkXCec0wsnFJzQ
80,FZD-S3Y2tOI,호섭처남으로 '아기고양이 성장과정' 몰아보기😻,호섭처남으로 '아기고양이 성장과정' 몰아보기😻,https://www.youtube.com/watch?v=FZD-S3Y2tOI,https://www.youtube.com/watch?v=FZD-S3Y2tOI,videos,videos,video,2113.0,35.22,False,,관계/윤리,https://i.ytimg.com/vi/FZD-S3Y2tOI/hqdefault.jpg?sqp=-oaymwEcCNACELwBSFXyq4qpAw4IARUAAIhCGAFwAcABBg==&rs=AOn4CLCRZbOCLAIFcd4KKSRgQOczHjhxLg
81,qeeBDbbwBEo,고양이도 코 파나요? 코딱지로 알아보는 건강신호,고양이도 코 파나요? 코딱지로 알아보는 건강신호,https://www.youtube.com/watch?v=qeeBDbbwBEo,https://www.youtube.com/watch?v=qeeBDbbwBEo,videos,videos,video,385.0,6.42,False,,기타/엔터테인먼트,https://i.ytimg.com/vi/qeeBDbbwBEo/hqdefault.jpg?sqp=-oaymwEcCNACELwBSFXyq4qpAw4IARUAAIhCGAFwAcABBg==&rs=AOn4CLCyJeJMniwlWq4-kdfiZq1g-fXDwg
82,qpgMDZIlnGI,낯가리는 고양이 그냥 두면 안 되는 이유,낯가리는 고양이 그냥 두면 안 되는 이유,https://www.youtube.com/watch?v=qpgMDZIlnGI,https://www.youtube.com/watch?v=qpgMDZIlnGI,videos,videos,video,449.0,7.48,False,,기타/엔터테인먼트,https://i.ytimg.com/vi/qpgMDZIlnGI/hqdefault.jpg?sqp=-oaymwEcCNACELwBSFXyq4qpAw4IARUAAIhCGAFwAcABBg==&rs=AOn4CLD3oCyLXB4qc3s_zIEwQm3jgbPpWA
83,sL1aBwz1h0A,정신과 의사가 고양이를 키우면 벌어지는 일ㅣ고양식탁 오진승 편,정신과 의사가 고양이를 키우면 벌어지는 일ㅣ고양식탁 오진승 편,https://www.youtube.com/watch?v=sL1aBwz1h0A,https://www.youtube.com/watch?v=sL1aBwz1h0A,videos,videos,video,1890.0,31.5,False,,기타/엔터테인먼트,https://i.ytimg.com/vi/sL1aBwz1h0A/hqdefault.jpg?sqp=-oaymwEcCNACELwBSFXyq4qpAw4IARUAAIhCGAFwAcABBg==&rs=AOn4CLCdewQR3KEJqP8OOmlEqF1pVl_T8w
84,k2QBLCAquzc,동그란 까만 눈이 귀여우세요? ㄷㄷㄷ안키워 본 사람은 모르는 고양이에 대한 착각들,동그란 까만 눈이 귀여우세요? ㄷㄷㄷ안키워 본 사람은 모르는 고양이에 대한 착각들,https://www.youtube.com/watch?v=k2QBLCAquzc,https://www.youtube.com/watch?v=k2QBLCAquzc,videos,videos,video,397.0,6.62,False,,행동/감정,https://i.ytimg.com/vi/k2QBLCAquzc/hqdefault.jpg?sqp=-oaymwEcCNACELwBSFXyq4qpAw4IARUAAIhCGAFwAcABBg==&rs=AOn4CLCQPwt-Ldpau3u2GgQLMGYtZbAApQ
85,zFLXgnujWhY,SUB) 미야옹철한테 한 수 배우고 간 후배고양이 미야오,"MEOVV, do you really want to become cats? Senpai Meowchul's lessons on being a cat",https://www.youtube.com/watch?v=zFLXgnujWhY,https://www.youtube.com/watch?v=zFLXgnujWhY,videos,videos,video,1081.0,18.02,False,,기타/엔터테인먼트,https://i.ytimg.com/vi/zFLXgnujWhY/hqdefault.jpg?sqp=-oaymwEcCNACELwBSFXyq4qpAw4IARUAAIhCGAFwAcABBg==&rs=AOn4CLCzsWi6Y7jYaTpjJ70tAgkSlOuWoA
86,yRa3J0IRMtk,인간의 이기심이라고? 고양이 중성화에 대한 모든 것ㅣ집사메이커 lv.13,Human selfishness? Everything you need to know about neutering your cat | Butler Maker lv.13,https://www.youtube.com/watch?v=yRa3J0IRMtk,https://www.youtube.com/watch?v=yRa3J0IRMtk,videos,videos,video,213.0,3.55,False,,건강/진료;관계/윤리,https://i.ytimg.com/vi/yRa3J0IRMtk/hqdefault.jpg?sqp=-oaymwEcCNACELwBSFXyq4qpAw4IARUAAIhCGAFwAcABBg==&rs=AOn4CLBEJX1Gs7ZhyVJcwjUQ4JRjvP-ZtA
87,0suAqmGVH9k,조심하세요! 수의사가 알려주는 고양이 귀 청소👂,Beware! Vet Tips on Cleaning Your Cat's Ears👂,https://www.youtube.com/watch?v=0suAqmGVH9k,https://www.youtube.com/watch?v=0suAqmGVH9k,videos,videos,video,350.0,5.83,False,,건강/진료;행동/감정,https://i.ytimg.com/vi/0suAqmGVH9k/hqdefault.jpg?sqp=-oaymwEcCNACELwBSFXyq4qpAw4IARUAAIhCGAFwAcABBg==&rs=AOn4CLAHhOHO69DgGZqFeghio2h4xnXRiQ
88,OzpE01M79gE,러시아에서 온 이중인격 고양이ㅣ묘종백과 러시안블루 편,A Split-Personality Cat from Russia | Cat Encyclopedia: Russian Blue,https://www.youtube.com/watch?v=OzpE01M79gE,https://www.youtube.com/watch?v=OzpE01M79gE,videos,videos,video,594.0,9.9,False,,품종/지식,https://i.ytimg.com/vi/OzpE01M79gE/hqdefault.jpg?sqp=-oaymwEcCNACELwBSFXyq4qpAw4IARUAAIhCGAFwAcABBg==&rs=AOn4CLBbkA3xk451KgXEQRZE9EzM3PODOQ
89,KbY-iAaqV2U,이렇게 하면 안 돼요! 수의사의 고양이 눈곱 관리법,Don't Do This! Vet's Guide to Cat Eye Blotches,https://www.youtube.com/watch?v=KbY-iAaqV2U,https://www.youtube.com/watch?v=KbY-iAaqV2U,videos,videos,video,327.0,5.45,False,,건강/진료;행동/감정,https://i.ytimg.com/vi/KbY-iAaqV2U/hqdefault.jpg?sqp=-oaymwEcCNACELwBSFXyq4qpAw4IARUAAIhCGAFwAcABBg==&rs=AOn4CLB_VW1KAlBYATTE_hkIqDhZhqCmiQ
90,9XIPfwBaoPg,수의사 경악! 세상에서 제일 이상한 고양이 모음| 웃수저 고양이,Vet's Shock! The World's Weirdest Cats | The Laughing Cat,https://www.youtube.com/watch?v=9XIPfwBaoPg,https://www.youtube.com/watch?v=9XIPfwBaoPg,videos,videos,video,568.0,9.47,False,,건강/진료,https://i.ytimg.com/vi/9XIPfwBaoPg/hqdefault.jpg?sqp=-oaymwEcCNACELwBSFXyq4qpAw4IARUAAIhCGAFwAcABBg==&rs=AOn4CLB0_l7Vcd2beoN07_kbuWmMENtVAg
91,T5QYpo_T2w8,고양이도 중2병이 있을까?,Do cats also have second-year syndrome?,https://www.youtube.com/watch?v=T5QYpo_T2w8,https://www.youtube.com/watch?v=T5QYpo_T2w8,videos,videos,video,398.0,6.63,False,,기타/엔터테인먼트,https://i.ytimg.com/vi/T5QYpo_T2w8/hqdefault.jpg?sqp=-oaymwEcCNACELwBSFXyq4qpAw4IARUAAIhCGAFwAcABBg==&rs=AOn4CLAM7MJML-QJJsg8bxF3b0Gm7ZUUAg
92,FLwzHgZ6pBw,집사의 슬픔에 공감하는 고양이,A cat sympathizes with its owner's sorrow,https://www.youtube.com/watch?v=FLwzHgZ6pBw,https://www.youtube.com/watch?v=FLwzHgZ6pBw,videos,videos,video,720.0,12.0,False,,관계/윤리,https://i.ytimg.com/vi/FLwzHgZ6pBw/hqdefault.jpg?sqp=-oaymwEcCNACELwBSFXyq4qpAw4IARUAAIhCGAFwAcABBg==&rs=AOn4CLAB8w3J4S08TEPE2zpqK4vResQEMQ
93,-UYCv4AJ2TE,우리 집에 고양이 보러 갈래?ㅣ고양식탁 치즈(CHEEZE) 편,우리 집에 고양이 보러 갈래?ㅣ고양식탁 치즈(CHEEZE) 편,https://www.youtube.com/watch?v=-UYCv4AJ2TE,https://www.youtube.com/watch?v=-UYCv4AJ2TE,videos,videos,video,1145.0,19.08,False,,기타/엔터테인먼트,https://i.ytimg.com/vi/-UYCv4AJ2TE/hqdefault.jpg?sqp=-oaymwEcCNACELwBSFXyq4qpAw4IARUAAIhCGAFwAcABBg==&rs=AOn4CLDpSJzdvrNbCXiWjkuC-rnr6Ttiuw
94,UEyQkeKNmZs,암내에 중독된 고양이의 충격적인 제보영상,암내에 중독된 고양이의 충격적인 제보영상,https://www.youtube.com/watch?v=UEyQkeKNmZs,https://www.youtube.com/watch?v=UEyQkeKNmZs,videos,videos,video,450.0,7.5,False,,기타/엔터테인먼트,https://i.ytimg.com/vi/UEyQkeKNmZs/hqdefault.jpg?sqp=-oaymwEcCNACELwBSFXyq4qpAw4IARUAAIhCGAFwAcABBg==&rs=AOn4CLDCdYwxln0szZAsU5lUiAYdTKGkFQ
95,0rSxTs1-dG4,고양이는 거울 속 자기 얼굴을 알까?🪞,Do cats recognize their own faces in the mirror?🪞,https://www.youtube.com/watch?v=0rSxTs1-dG4,https://www.youtube.com/watch?v=0rSxTs1-dG4,videos,videos,video,408.0,6.8,False,,기타/엔터테인먼트,https://i.ytimg.com/vi/0rSxTs1-dG4/hqdefault.jpg?sqp=-oaymwEcCNACELwBSFXyq4qpAw4IARUAAIhCGAFwAcABBg==&rs=AOn4CLB1RSqbkDzjFz4d-hW2xQX0SdP7lg
96,a1AKM2hI9Is,고양이는 왜 네모난 곳을 좋아할까?,Why do cats like square places?,https://www.youtube.com/watch?v=a1AKM2hI9Is,https://www.youtube.com/watch?v=a1AKM2hI9Is,videos,videos,video,349.0,5.82,False,,기타/엔터테인먼트,https://i.ytimg.com/vi/a1AKM2hI9Is/hqdefault.jpg?sqp=-oaymwEcCNACELwBSFXyq4qpAw4IARUAAIhCGAFwAcABBg==&rs=AOn4CLCihjyL7jXSMlk-kHt0lNK14k5M2A
97,mlrN0fJ2Xyc,자가진단으로 처방사료 먹였다가 벌어진 끔찍한 일들,The terrible things that happened after feeding prescription food based on self-diagnosis.,https://www.youtube.com/watch?v=mlrN0fJ2Xyc,https://www.youtube.com/watch?v=mlrN0fJ2Xyc,videos,videos,video,463.0,7.72,False,,생활/돌봄,https://i.ytimg.com/vi/mlrN0fJ2Xyc/hqdefault.jpg?sqp=-oaymwEcCNACELwBSFXyq4qpAw4IARUAAIhCGAFwAcABBg==&rs=AOn4CLApx4j8g0x4sGUHm6TXozCaD_Ekow
98,ZFFEh30z-w4,"고양이 털 관리, 고양이에겐 고문일지 모릅니다",Cat grooming can be torture for your cat.,https://www.youtube.com/watch?v=ZFFEh30z-w4,https://www.youtube.com/watch?v=ZFFEh30z-w4,videos,videos,video,449.0,7.48,False,,품종/지식,https://i.ytimg.com/vi/ZFFEh30z-w4/hqdefault.jpg?sqp=-oaymwEcCNACELwBSFXyq4qpAw4IARUAAIhCGAFwAcABBg==&rs=AOn4CLDhKPimgnJ7L9K7cRSwyq28DmbjNQ
99,lwM7e2oKXM0,그것이 알고싶다 PD가 고양이를 키우면 벌어지는 일ㅣ고양식탁 도준우 PD 편,그것이 알고싶다 PD가 고양이를 키우면 벌어지는 일ㅣ고양식탁 도준우 PD 편,https://www.youtube.com/watch?v=lwM7e2oKXM0,https://www.youtube.com/watch?v=lwM7e2oKXM0,videos,videos,video,1051.0,17.52,False,,기타/엔터테인먼트,https://i.ytimg.com/vi/lwM7e2oKXM0/hqdefault.jpg?sqp=-oaymwEcCNACELwBSFXyq4qpAw4IARUAAIhCGAFwAcABBg==&rs=AOn4CLCxs0TJGilcdfzqzIoT2XsUcq2hJg
100,oXPi5gL478k,20분 순삭! 코숏을 키우고 있다면 꼭 알아야 할 충격적인 사실,20 Minutes to Go! Shocking Facts You Need to Know if You're Raising a Shorthair,https://www.youtube.com/watch?v=oXPi5gL478k,https://www.youtube.com/watch?v=oXPi5gL478k,videos,videos,video,1473.0,24.55,False,,행동/감정;품종/지식,https://i.ytimg.com/vi/oXPi5gL478k/hqdefault.jpg?sqp=-oaymwEcCNACELwBSFXyq4qpAw4IARUAAIhCGAFwAcABBg==&rs=AOn4CLD6At6l7TJnqKglEjBG2JniTqtDmw
101,9R_vH9rEfv4,좋은냥 나쁜냥 이상한냥,"Good, bad, weird",https://www.youtube.com/watch?v=9R_vH9rEfv4,https://www.youtube.com/watch?v=9R_vH9rEfv4,videos,videos,video,197.0,3.28,False,,기타/엔터테인먼트,https://i.ytimg.com/vi/9R_vH9rEfv4/hqdefault.jpg?sqp=-oaymwEcCNACELwBSFXyq4qpAw4IARUAAIhCGAFwAcABBg==&rs=AOn4CLAVN6bc1kDiBGhHSaQkDPzU61LSLA
102,NAMreYnvVrY,마중 나오는 유형으로 알아보는 고양이 속마음,Discovering your cat's inner thoughts through the type of person he greets you with,https://www.youtube.com/watch?v=NAMreYnvVrY,https://www.youtube.com/watch?v=NAMreYnvVrY,videos,videos,video,351.0,5.85,False,,기타/엔터테인먼트,https://i.ytimg.com/vi/NAMreYnvVrY/hqdefault.jpg?sqp=-oaymwEcCNACELwBSFXyq4qpAw4IARUAAIhCGAFwAcABBg==&rs=AOn4CLAhYrjpee3223X4l7huIQzc2b6fBA
103,QBJPVdhStNU,대문자T 수의사도 울린 고양이 영화 ‘플로우’ 리뷰,대문자T 수의사도 울린 고양이 영화 ‘플로우’ 리뷰,https://www.youtube.com/watch?v=QBJPVdhStNU,https://www.youtube.com/watch?v=QBJPVdhStNU,videos,videos,video,851.0,14.18,False,,건강/진료,https://i.ytimg.com/vi/QBJPVdhStNU/hqdefault.jpg?sqp=-oaymwEcCNACELwBSFXyq4qpAw4IARUAAIhCGAFwAcABBg==&rs=AOn4CLD-EpYbUaET-z-P35I5faaAXdtbaA
104,sm4wHTnYKKo,훈련이라고요? 솔직히 학대 맞습니다 ‘고양이 괴롭히는 최악의 제품’,훈련이라고요? 솔직히 학대 맞습니다 ‘고양이 괴롭히는 최악의 제품’,https://www.youtube.com/watch?v=sm4wHTnYKKo,https://www.youtube.com/watch?v=sm4wHTnYKKo,videos,videos,video,458.0,7.63,False,,관계/윤리,https://i.ytimg.com/vi/sm4wHTnYKKo/hqdefault.jpg?sqp=-oaymwEcCNACELwBSFXyq4qpAw4IARUAAIhCGAFwAcABBg==&rs=AOn4CLBqjHAbn7rhdocU3YPZ3oQ0oBKMvQ
105,Ud_DwnaWh3s,습식은 사치라고? 후회할 날이 올 수도 있습니다,Wet food is a luxury? You might regret it someday.,https://www.youtube.com/watch?v=Ud_DwnaWh3s,https://www.youtube.com/watch?v=Ud_DwnaWh3s,videos,videos,video,463.0,7.72,False,,생활/돌봄,https://i.ytimg.com/vi/Ud_DwnaWh3s/hqdefault.jpg?sqp=-oaymwEcCNACELwBSFXyq4qpAw4IARUAAIhCGAFwAcABBg==&rs=AOn4CLDjb6uvGPTqUbPZVwRVsJfr8ljowA
106,E6Elew3FObo,고양이가 건방진 이유,고양이가 건방진 이유,https://www.youtube.com/watch?v=E6Elew3FObo,https://www.youtube.com/watch?v=E6Elew3FObo,videos,videos,video,385.0,6.42,False,,기타/엔터테인먼트,https://i.ytimg.com/vi/E6Elew3FObo/hqdefault.jpg?sqp=-oaymwEcCNACELwBSFXyq4qpAw4IARUAAIhCGAFwAcABBg==&rs=AOn4CLCrhAzrRPLNaLc_MqtVtCw499ekgw
107,NS3gXEIAemk,고양이는 만지는 걸 싫어한다? 집사 2천명이 답한 의외의 결과 | 미야옹서베이,"Do Cats Hate Being Touched? The Surprising Results of 2,000 Cat Owners | Meow Survey",https://www.youtube.com/watch?v=NS3gXEIAemk,https://www.youtube.com/watch?v=NS3gXEIAemk,videos,videos,video,644.0,10.73,False,,관계/윤리,https://i.ytimg.com/vi/NS3gXEIAemk/hqdefault.jpg?sqp=-oaymwEcCNACELwBSFXyq4qpAw4IARUAAIhCGAFwAcABBg==&rs=AOn4CLC0gFb8tz1kO86ie-jENcpkDYq66g
108,KGJv3w3PvsM,챗GPT의 충격적인 고양이 행동분석 결과,ChatGPT's Shocking Cat Behavior Analysis Results,https://www.youtube.com/watch?v=KGJv3w3PvsM,https://www.youtube.com/watch?v=KGJv3w3PvsM,videos,videos,video,475.0,7.92,False,,행동/감정,https://i.ytimg.com/vi/KGJv3w3PvsM/hqdefault.jpg?sqp=-oaymwEcCNACELwBSFXyq4qpAw4IARUAAIhCGAFwAcABBg==&rs=AOn4CLCWyFS7QgPrhymMUjzXoc8Kr8QZ5Q
109,vHk_T9-Nhm0,아무리 졸라도 고양이 밥 시간을 정해야 하는 이유ㅣ집사메이커 lv.12,아무리 졸라도 고양이 밥 시간을 정해야 하는 이유ㅣ집사메이커 lv.12,https://www.youtube.com/watch?v=vHk_T9-Nhm0,https://www.youtube.com/watch?v=vHk_T9-Nhm0,videos,videos,video,254.0,4.23,False,,생활/돌봄;관계/윤리,https://i.ytimg.com/vi/vHk_T9-Nhm0/hqdefault.jpg?sqp=-oaymwEcCNACELwBSFXyq4qpAw4IARUAAIhCGAFwAcABBg==&rs=AOn4CLDzChDIMW8MIarBz4b888oU1zRFTA
110,9VUSbaO9MGU,고양이랑 화해하는 법,How to make peace with a cat,https://www.youtube.com/watch?v=9VUSbaO9MGU,https://www.youtube.com/watch?v=9VUSbaO9MGU,videos,videos,video,442.0,7.37,False,,기타/엔터테인먼트,https://i.ytimg.com/vi/9VUSbaO9MGU/hqdefault.jpg?sqp=-oaymwEcCNACELwBSFXyq4qpAw4IARUAAIhCGAFwAcABBg==&rs=AOn4CLBH2Hku7UmTjgDmHObjrnCLndco5g
111,qLZfPKeCkMg,고양이 수명은 운명일까? 20년 이상 사는 장수냥의 비밀,고양이 수명은 운명일까? 20년 이상 사는 장수냥의 비밀,https://www.youtube.com/watch?v=qLZfPKeCkMg,https://www.youtube.com/watch?v=qLZfPKeCkMg,videos,videos,video,384.0,6.4,False,,기타/엔터테인먼트,https://i.ytimg.com/vi/qLZfPKeCkMg/hqdefault.jpg?sqp=-oaymwEcCNACELwBSFXyq4qpAw4IARUAAIhCGAFwAcABBg==&rs=AOn4CLBsX0vK9FK6X7RLyC5WEFPhvfirhw
112,8xZxyHbhXpY,고양이는 집사의 이름과 호칭을 구별할 수 있을까?,Can cats distinguish between their owners' names and titles?,https://www.youtube.com/watch?v=8xZxyHbhXpY,https://www.youtube.com/watch?v=8xZxyHbhXpY,videos,videos,video,305.0,5.08,False,,관계/윤리;서사/상담,https://i.ytimg.com/vi/8xZxyHbhXpY/hqdefault.jpg?sqp=-oaymwEcCNACELwBSFXyq4qpAw4IARUAAIhCGAFwAcABBg==&rs=AOn4CLDLcbI0PJKuBCnZtpr29LnZ0K1Klg
113,jayXEqGstSI,집사에게만 있고 고양이에게는 없는 감정,집사에게만 있고 고양이에게는 없는 감정,https://www.youtube.com/watch?v=jayXEqGstSI,https://www.youtube.com/watch?v=jayXEqGstSI,videos,videos,video,511.0,8.52,False,,관계/윤리,https://i.ytimg.com/vi/jayXEqGstSI/hqdefault.jpg?sqp=-oaymwEcCNACELwBSFXyq4qpAw4IARUAAIhCGAFwAcABBg==&rs=AOn4CLB5NZmXtBVuv-MVDA5cY45rrA0NLw
114,2AnC2B8CJwg,하악질도 옮을 수 있나요?🙀하악질 전염설!,Can jaw pain be contagious?🙀Jaw pain contagious!,https://www.youtube.com/watch?v=2AnC2B8CJwg,https://www.youtube.com/watch?v=2AnC2B8CJwg,videos,videos,video,602.0,10.03,False,,행동/감정,https://i.ytimg.com/vi/2AnC2B8CJwg/hqdefault.jpg?sqp=-oaymwEcCNACELwBSFXyq4qpAw4IARUAAIhCGAFwAcABBg==&rs=AOn4CLC5F_FfJWAvVx0NDuLsJ1HSMSTK-Q
115,cyOUZCNu7fU,고양이 둘이 싸웠습니다,고양이 둘이 싸웠습니다,https://www.youtube.com/watch?v=cyOUZCNu7fU,https://www.youtube.com/watch?v=cyOUZCNu7fU,videos,videos,video,314.0,5.23,False,,기타/엔터테인먼트,https://i.ytimg.com/vi/cyOUZCNu7fU/hqdefault.jpg?sqp=-oaymwEcCNACELwBSFXyq4qpAw4IARUAAIhCGAFwAcABBg==&rs=AOn4CLD6Nak3I45w06JASyfpXFYpDwkJQA
116,kIoTejUGyUo,고양이가 우다다를 하는 놀라운 이유,The surprising reason why cats purr,https://www.youtube.com/watch?v=kIoTejUGyUo,https://www.youtube.com/watch?v=kIoTejUGyUo,videos,videos,video,418.0,6.97,False,,행동/감정,https://i.ytimg.com/vi/kIoTejUGyUo/hqdefault.jpg?sqp=-oaymwEcCNACELwBSFXyq4qpAw4IARUAAIhCGAFwAcABBg==&rs=AOn4CLBulf49s06EnAO0zbkQKELJI6EWSQ
117,srryRDkUuGk,이렇게 하면 안놀수 없습니다 [고양이 사냥놀이 완전판],You can't help but play like this [Complete Cat Hunting Game],https://www.youtube.com/watch?v=srryRDkUuGk,https://www.youtube.com/watch?v=srryRDkUuGk,videos,videos,video,1238.0,20.63,False,,행동/감정,https://i.ytimg.com/vi/srryRDkUuGk/hqdefault.jpg?sqp=-oaymwEcCNACELwBSFXyq4qpAw4IARUAAIhCGAFwAcABBg==&rs=AOn4CLAWtRjoAMKTr9_aEfFyQ3qgn1M2-Q
118,KVfFxPBqC1U,집사들이 대단히 착각하는 6가지,6 Big Mistakes Butlers Make,https://www.youtube.com/watch?v=KVfFxPBqC1U,https://www.youtube.com/watch?v=KVfFxPBqC1U,videos,videos,video,354.0,5.9,False,,관계/윤리,https://i.ytimg.com/vi/KVfFxPBqC1U/hqdefault.jpg?sqp=-oaymwEcCNACELwBSFXyq4qpAw4IARUAAIhCGAFwAcABBg==&rs=AOn4CLDW5fkmv_rOOujlDh1CGy_3oUDHLA
119,if4J19pJUUU,"성우 VS 수의사, 누가 더 고양이 흉내를 잘 낼까?ㅣ고양식탁 쓰복만 편","성우 VS 수의사, 누가 더 고양이 흉내를 잘 낼까?ㅣ고양식탁 쓰복만 편",https://www.youtube.com/watch?v=if4J19pJUUU,https://www.youtube.com/watch?v=if4J19pJUUU,videos,videos,video,1054.0,17.57,False,,건강/진료,https://i.ytimg.com/vi/if4J19pJUUU/hqdefault.jpg?sqp=-oaymwEcCNACELwBSFXyq4qpAw4IARUAAIhCGAFwAcABBg==&rs=AOn4CLCT74YYEAy5c9CrhOGfJVaCDXwmpw
120,zw4rUvs3FLs,수의사가 알려주는 정확한 ‘고양이 심폐소생술’,Accurate cat CPR as instructed by a veterinarian,https://www.youtube.com/watch?v=zw4rUvs3FLs,https://www.youtube.com/watch?v=zw4rUvs3FLs,videos,videos,video,472.0,7.87,False,,건강/진료,https://i.ytimg.com/vi/zw4rUvs3FLs/hqdefault.jpg?sqp=-oaymwEcCNACELwBSFXyq4qpAw4IARUAAIhCGAFwAcABBg==&rs=AOn4CLCL2GQGCDlN6SIO2jBK9tOVVOsnlw
121,zu7EJZUxIeY,이 나이 때 놓치면 안 되는 것이 있습니다🌾(냥생황금기),이 나이 때 놓치면 안 되는 것이 있습니다🌾(냥생황금기),https://www.youtube.com/watch?v=zu7EJZUxIeY,https://www.youtube.com/watch?v=zu7EJZUxIeY,videos,videos,video,521.0,8.68,False,,기타/엔터테인먼트,https://i.ytimg.com/vi/zu7EJZUxIeY/hqdefault.jpg?sqp=-oaymwEcCNACELwBSFXyq4qpAw4IARUAAIhCGAFwAcABBg==&rs=AOn4CLBBAla0Yql7YFoOoWBGSmY8bfbA-w
122,x4m8hnK4mIw,악귀야 물러가라! 간헐적개냥이 환타콜라 퇴마 통역,"Get out, demon! Intermittent cat and dog Fanta Cola exorcism interpreter",https://www.youtube.com/watch?v=x4m8hnK4mIw,https://www.youtube.com/watch?v=x4m8hnK4mIw,videos,videos,video,558.0,9.3,False,,행동/감정,https://i.ytimg.com/vi/x4m8hnK4mIw/hqdefault.jpg?sqp=-oaymwEcCNACELwBSFXyq4qpAw4IARUAAIhCGAFwAcABBg==&rs=AOn4CLC8t5SViG2qAwk6DGl-6ZAOPO2wwA
123,MEd8Z4Ji1vM,"수의사는 진짜 이럴까? 고양이 안정제에 대한 오해, 합사 기준 등 집사고민 총출동!","수의사는 진짜 이럴까? 고양이 안정제에 대한 오해, 합사 기준 등 집사고민 총출동!",https://www.youtube.com/watch?v=MEd8Z4Ji1vM,https://www.youtube.com/watch?v=MEd8Z4Ji1vM,videos,videos,video,720.0,12.0,False,,건강/진료;관계/윤리;서사/상담,https://i.ytimg.com/vi/MEd8Z4Ji1vM/hqdefault.jpg?sqp=-oaymwEcCNACELwBSFXyq4qpAw4IARUAAIhCGAFwAcABBg==&rs=AOn4CLDJ5bYvMPoYzgFajLYWVNKFLYSo5w
124,rFRaI3lyRvE,고양이 쓰다듬다가 물리는 이유(핥다가 깨무는 이유),Why Cats Bite When You Pet Them (Why Cats Bite When You Lick Them),https://www.youtube.com/watch?v=rFRaI3lyRvE,https://www.youtube.com/watch?v=rFRaI3lyRvE,videos,videos,video,476.0,7.93,False,,행동/감정,https://i.ytimg.com/vi/rFRaI3lyRvE/hqdefault.jpg?sqp=-oaymwEcCNACELwBSFXyq4qpAw4IARUAAIhCGAFwAcABBg==&rs=AOn4CLDRy8g6uQCNWWGyy0ZFr2z42XRqUA
125,tdWiZTc4ssk,수의사가 추천하는 고양이 교육🧑‍🏫,Cat Training Recommended by Veterinarians🧑‍🏫,https://www.youtube.com/watch?v=tdWiZTc4ssk,https://www.youtube.com/watch?v=tdWiZTc4ssk,videos,videos,video,462.0,7.7,False,,건강/진료,https://i.ytimg.com/vi/tdWiZTc4ssk/hqdefault.jpg?sqp=-oaymwEcCNACELwBSFXyq4qpAw4IARUAAIhCGAFwAcABBg==&rs=AOn4CLAYygJE229WdyC5uaNru_vSdxN3Kg
126,me4GI50npSU,고양이는 계획이 다 있구나...고양이의 하루ㅣ집사메이커 lv.11,Cats have plans... A Cat's Day | Butler Maker lv.11,https://www.youtube.com/watch?v=me4GI50npSU,https://www.youtube.com/watch?v=me4GI50npSU,videos,videos,video,221.0,3.68,False,,관계/윤리,https://i.ytimg.com/vi/me4GI50npSU/hqdefault.jpg?sqp=-oaymwEcCNACELwBSFXyq4qpAw4IARUAAIhCGAFwAcABBg==&rs=AOn4CLAN2ZiuFkE0EYYaotNSnD0_3tbs5w
127,nVUIbn5B-yU,"[4K] 얼굴도 얼굴이지만, 얼굴도 얼굴인 고양이","[4K] 얼굴도 얼굴이지만, 얼굴도 얼굴인 고양이",https://www.youtube.com/watch?v=nVUIbn5B-yU,https://www.youtube.com/watch?v=nVUIbn5B-yU,videos,videos,video,455.0,7.58,False,,기타/엔터테인먼트,https://i.ytimg.com/vi/nVUIbn5B-yU/hqdefault.jpg?sqp=-oaymwEcCNACELwBSFXyq4qpAw4IARUAAIhCGAFwAcABBg==&rs=AOn4CLAjbWPGABd3lwwv-CucIEbvkdWjsg
128,w1T1TmGdcbE,"고양이와 딱 한 마디만 할 수 있다면, 무슨 말을 하시겠습니까?(고양이 건강 체크리스트)","If you could say just one thing to your cat, what would it be? (Cat Health Checklist)",https://www.youtube.com/watch?v=w1T1TmGdcbE,https://www.youtube.com/watch?v=w1T1TmGdcbE,videos,videos,video,574.0,9.57,False,,기타/엔터테인먼트,https://i.ytimg.com/vi/w1T1TmGdcbE/hqdefault.jpg?sqp=-oaymwEcCNACELwBSFXyq4qpAw4IARUAAIhCGAFwAcABBg==&rs=AOn4CLAbi_8gToaFbkEFibUcWNk3mRsDlw
129,8gm1NKpNVPk,이 고양이들이 인터넷을 터뜨린 이유🔥ㅣ밈야옹철의 짤밈분석,Why These Cats Are Taking the Internet by storm🔥ㅣMemeMeme Analysis by MemeMemeMeme,https://www.youtube.com/watch?v=8gm1NKpNVPk,https://www.youtube.com/watch?v=8gm1NKpNVPk,videos,videos,video,482.0,8.03,False,,기타/엔터테인먼트,https://i.ytimg.com/vi/8gm1NKpNVPk/hqdefault.jpg?sqp=-oaymwEcCNACELwBSFXyq4qpAw4IARUAAIhCGAFwAcABBg==&rs=AOn4CLCpUVygaQTt5ulPXL22dzEaI_gMUg
130,iOAMHTZw0SM,"우리집 고양이, 나랑 대화하려고 목소리를 바꾼다고?","우리집 고양이, 나랑 대화하려고 목소리를 바꾼다고?",https://www.youtube.com/watch?v=iOAMHTZw0SM,https://www.youtube.com/watch?v=iOAMHTZw0SM,videos,videos,video,355.0,5.92,False,,기타/엔터테인먼트,https://i.ytimg.com/vi/iOAMHTZw0SM/hqdefault.jpg?sqp=-oaymwEcCNACELwBSFXyq4qpAw4IARUAAIhCGAFwAcABBg==&rs=AOn4CLDywv7HReDVRjEzbbJR0yq6BleRLw
131,c0ZqjVeVfvI,"나랑 살아서 행복한지 불행한지 궁금해요, 정답 알려드림","나랑 살아서 행복한지 불행한지 궁금해요, 정답 알려드림",https://www.youtube.com/watch?v=c0ZqjVeVfvI,https://www.youtube.com/watch?v=c0ZqjVeVfvI,videos,videos,video,467.0,7.78,False,,기타/엔터테인먼트,https://i.ytimg.com/vi/c0ZqjVeVfvI/hqdefault.jpg?sqp=-oaymwEcCNACELwBSFXyq4qpAw4IARUAAIhCGAFwAcABBg==&rs=AOn4CLBXQvd1KJh_zGDQSR_Ge22odaJ0zQ
132,XH9gT8hFbs0,잘먹는 고양이는 볼 필요없는 영상 (입짧은 고양이 대처법),잘먹는 고양이는 볼 필요없는 영상 (입짧은 고양이 대처법),https://www.youtube.com/watch?v=XH9gT8hFbs0,https://www.youtube.com/watch?v=XH9gT8hFbs0,videos,videos,video,590.0,9.83,False,,기타/엔터테인먼트,https://i.ytimg.com/vi/XH9gT8hFbs0/hqdefault.jpg?sqp=-oaymwEcCNACELwBSFXyq4qpAw4IARUAAIhCGAFwAcABBg==&rs=AOn4CLBf_elbDvKz6JayhygNN0UJypIxbw
133,tm1Wd7CHWBs,최악의 보호자에게 유기된 고양이가 보인 반응...역대급 고양이진료 1위들,Abandoned Cats React to Their Worst Guardians...The Best Cat Clinics of All Time,https://www.youtube.com/watch?v=tm1Wd7CHWBs,https://www.youtube.com/watch?v=tm1Wd7CHWBs,videos,videos,video,412.0,6.87,False,,관계/윤리;건강/진료,https://i.ytimg.com/vi/tm1Wd7CHWBs/hqdefault.jpg?sqp=-oaymwEcCNACELwBSFXyq4qpAw4IARUAAIhCGAFwAcABBg==&rs=AOn4CLBj3qVoomUyb1fg5eoUnk7bFzhRlw
134,G3OgUmv8Zmk,돈이 2배 이상 들어도 고양이 한 마리는 싫은 이유 | 미야옹서베이,Why I Don't Want a Cat Even If It Costs Twice as Much | Meow Survey,https://www.youtube.com/watch?v=G3OgUmv8Zmk,https://www.youtube.com/watch?v=G3OgUmv8Zmk,videos,videos,video,637.0,10.62,False,,기타/엔터테인먼트,https://i.ytimg.com/vi/G3OgUmv8Zmk/hqdefault.jpg?sqp=-oaymwEcCNACELwBSFXyq4qpAw4IARUAAIhCGAFwAcABBg==&rs=AOn4CLBM131-j8poYfRZuVtYinjjUb0iUQ
135,9Uj3vU8J6XA,고양이 수염을 만지면 나타나는 신기한 반응,고양이 수염을 만지면 나타나는 신기한 반응,https://www.youtube.com/watch?v=9Uj3vU8J6XA,https://www.youtube.com/watch?v=9Uj3vU8J6XA,videos,videos,video,432.0,7.2,False,,기타/엔터테인먼트,https://i.ytimg.com/vi/9Uj3vU8J6XA/hqdefault.jpg?sqp=-oaymwEcCNACELwBSFXyq4qpAw4IARUAAIhCGAFwAcABBg==&rs=AOn4CLArOfyxqWG6yDKtZ-TXltbeR6_Zag
136,S8NvM3FHmdk,사랑둥이 털손주 덕배에게 전화가 왔다,"I got a call from my lovable grandson, Deokbae.",https://www.youtube.com/watch?v=S8NvM3FHmdk,https://www.youtube.com/watch?v=S8NvM3FHmdk,videos,videos,video,531.0,8.85,False,,품종/지식,https://i.ytimg.com/vi/S8NvM3FHmdk/hqdefault.jpg?sqp=-oaymwEcCNACELwBSFXyq4qpAw4IARUAAIhCGAFwAcABBg==&rs=AOn4CLAaGYrTDo185xbrilXeIbBlSLzahA
137,wF4mJ7FQspM,착한 그루밍과 나쁜 그루밍,Good grooming and bad grooming,https://www.youtube.com/watch?v=wF4mJ7FQspM,https://www.youtube.com/watch?v=wF4mJ7FQspM,videos,videos,video,431.0,7.18,False,,기타/엔터테인먼트,https://i.ytimg.com/vi/wF4mJ7FQspM/hqdefault.jpg?sqp=-oaymwEcCNACELwBSFXyq4qpAw4IARUAAIhCGAFwAcABBg==&rs=AOn4CLAiK3zh13J7S2Ecrdnjbb6Bs6avIA
138,m_LfcrM3t-A,사냥놀이 학원이나 클래스가 있으면 수강하고 싶을 정도입니다 [실전편],"If there was a hunting game academy or class, I'd be interested in taking it. [Practical]",https://www.youtube.com/watch?v=m_LfcrM3t-A,https://www.youtube.com/watch?v=m_LfcrM3t-A,videos,videos,video,663.0,11.05,False,,행동/감정,https://i.ytimg.com/vi/m_LfcrM3t-A/hqdefault.jpg?sqp=-oaymwEcCNACELwBSFXyq4qpAw4IARUAAIhCGAFwAcABBg==&rs=AOn4CLBijiVDFFlC5V1HsIQSsIUEK8ONFw
139,RyQdNeCbqY0,"고양이 산책해도 됩니다 단, 이 영상은 꼭 보세요!","You can walk your cat, but you must watch this video!",https://www.youtube.com/watch?v=RyQdNeCbqY0,https://www.youtube.com/watch?v=RyQdNeCbqY0,videos,videos,video,636.0,10.6,False,,기타/엔터테인먼트,https://i.ytimg.com/vi/RyQdNeCbqY0/hqdefault.jpg?sqp=-oaymwEcCNACELwBSFXyq4qpAw4IARUAAIhCGAFwAcABBg==&rs=AOn4CLA7Yq44nyC2-TCg226u1D5cdq5NYA
140,QjKXFOj51QQ,고양이가 나를 엄마로 생각할 때와 동료로 생각할 때의 결정적인 차이,The crucial difference between when a cat thinks of me as a mother and when it thinks of me as a ...,https://www.youtube.com/watch?v=QjKXFOj51QQ,https://www.youtube.com/watch?v=QjKXFOj51QQ,videos,videos,video,525.0,8.75,False,,서사/상담,https://i.ytimg.com/vi/QjKXFOj51QQ/hqdefault.jpg?sqp=-oaymwEcCNACELwBSFXyq4qpAw4IARUAAIhCGAFwAcABBg==&rs=AOn4CLAOSjeGnm0VxJET1-xPJS6dNoGzdw
141,jUx5hhq4Acs,고양이 안 키워본 사람은 절대 모르는 것,Things people who have never raised a cat will never know,https://www.youtube.com/watch?v=jUx5hhq4Acs,https://www.youtube.com/watch?v=jUx5hhq4Acs,videos,videos,video,671.0,11.18,False,,기타/엔터테인먼트,https://i.ytimg.com/vi/jUx5hhq4Acs/hqdefault.jpg?sqp=-oaymwEcCNACELwBSFXyq4qpAw4IARUAAIhCGAFwAcABBg==&rs=AOn4CLCYYJoiywZJ8p7ovFRyHZFncho3yw
142,2lTRdIzL7so,물리기 전에 피하는 법ㅣ집사메이커 lv.10,How to dodge before you get bitten | Butler Maker lv.10,https://www.youtube.com/watch?v=2lTRdIzL7so,https://www.youtube.com/watch?v=2lTRdIzL7so,videos,videos,video,267.0,4.45,False,,관계/윤리,https://i.ytimg.com/vi/2lTRdIzL7so/hqdefault.jpg?sqp=-oaymwEcCNACELwBSFXyq4qpAw4IARUAAIhCGAFwAcABBg==&rs=AOn4CLC6rXS_HUWQj1LvV8ylLffrCljZ6w
143,uM4Y5yDM-IA,밤만 되면 우는 고양이🌘🌜,A cat that cries at night🌘🌜,https://www.youtube.com/watch?v=uM4Y5yDM-IA,https://www.youtube.com/watch?v=uM4Y5yDM-IA,videos,videos,video,542.0,9.03,False,,기타/엔터테인먼트,https://i.ytimg.com/vi/uM4Y5yDM-IA/hqdefault.jpg?sqp=-oaymwEcCNACELwBSFXyq4qpAw4IARUAAIhCGAFwAcABBg==&rs=AOn4CLCbWnAm5DLyKODy1NX9RteWgwq0Qw
144,AlupTkiLCA0,나도 모르게 고양이를 불행하게 만드는 행동,Behaviors that make cats unhappy without me knowing,https://www.youtube.com/watch?v=AlupTkiLCA0,https://www.youtube.com/watch?v=AlupTkiLCA0,videos,videos,video,479.0,7.98,False,,행동/감정,https://i.ytimg.com/vi/AlupTkiLCA0/hqdefault.jpg?sqp=-oaymwEcCNACELwBSFXyq4qpAw4IARUAAIhCGAFwAcABBg==&rs=AOn4CLDFkM_O6E59CiqxeAQcGkwDIIzzkQ
145,Sssx7Jz_IHg,수의사가 알려주는 고양이 사냥놀이 [이론편],수의사가 알려주는 고양이 사냥놀이 [이론편],https://www.youtube.com/watch?v=Sssx7Jz_IHg,https://www.youtube.com/watch?v=Sssx7Jz_IHg,videos,videos,video,644.0,10.73,False,,건강/진료;행동/감정,https://i.ytimg.com/vi/Sssx7Jz_IHg/hqdefault.jpg?sqp=-oaymwEcCNACELwBSFXyq4qpAw4IARUAAIhCGAFwAcABBg==&rs=AOn4CLB6fKGoT4q9VX63GOrklNw_oukg2Q
146,5ukjoDcSz7M,건강한 고양이는 아기 때 완성된다?(아깽이 얘기만 계속합니다),건강한 고양이는 아기 때 완성된다?(아깽이 얘기만 계속합니다),https://www.youtube.com/watch?v=5ukjoDcSz7M,https://www.youtube.com/watch?v=5ukjoDcSz7M,videos,videos,video,713.0,11.88,False,,관계/윤리,https://i.ytimg.com/vi/5ukjoDcSz7M/hqdefault.jpg?sqp=-oaymwEcCNACELwBSFXyq4qpAw4IARUAAIhCGAFwAcABBg==&rs=AOn4CLD6LL3-ehH9KLDj9CIbaGn6X675Zg
147,PEXQCtSbONY,생강은 사오지 말고 오징어는 사오라는 고양이ㅣ밈야옹철의 짤밈분석,"Don't buy ginger, buy squid. A cat's analysis of the meme by MemeMeowChul.",https://www.youtube.com/watch?v=PEXQCtSbONY,https://www.youtube.com/watch?v=PEXQCtSbONY,videos,videos,video,527.0,8.78,False,,기타/엔터테인먼트,https://i.ytimg.com/vi/PEXQCtSbONY/hqdefault.jpg?sqp=-oaymwEcCNACELwBSFXyq4qpAw4IARUAAIhCGAFwAcABBg==&rs=AOn4CLARVj6CMNnRDtYnB94ZA2FEAhPI-A
148,-G9Awy3tmeI,수의사들이 고양이 보호소에 가면 벌어지는 일🙀,What happens when vets go to cat shelters🙀,https://www.youtube.com/watch?v=-G9Awy3tmeI,https://www.youtube.com/watch?v=-G9Awy3tmeI,videos,videos,video,609.0,10.15,False,,건강/진료,https://i.ytimg.com/vi/-G9Awy3tmeI/hqdefault.jpg?sqp=-oaymwEcCNACELwBSFXyq4qpAw4IARUAAIhCGAFwAcABBg==&rs=AOn4CLDoQjZkLzlG3NF6EqVGSZJlEn9tsw
149,pEfhkIC2lkc,동물병원 싹쓸이하는 고양이 환자 유형ㄷㄷ..,동물병원 싹쓸이하는 고양이 환자 유형ㄷㄷ..,https://www.youtube.com/watch?v=pEfhkIC2lkc,https://www.youtube.com/watch?v=pEfhkIC2lkc,videos,videos,video,700.0,11.67,False,,건강/진료,https://i.ytimg.com/vi/pEfhkIC2lkc/hqdefault.jpg?sqp=-oaymwEcCNACELwBSFXyq4qpAw4IARUAAIhCGAFwAcABBg==&rs=AOn4CLDBKkUjNXMN6gWTFh7t8gTsVVFrIA
150,yZnHUjk-GWY,고양이 키우는 사람들의 소름돋는 공통점 | 미야옹서베이,The Creepy Common Traits of Cat Owners | Meow Survey,https://www.youtube.com/watch?v=yZnHUjk-GWY,https://www.youtube.com/watch?v=yZnHUjk-GWY,videos,videos,video,610.0,10.17,False,,기타/엔터테인먼트,https://i.ytimg.com/vi/yZnHUjk-GWY/hqdefault.jpg?sqp=-oaymwEcCNACELwBSFXyq4qpAw4IARUAAIhCGAFwAcABBg==&rs=AOn4CLDBqGrnvsZ7zLzBRNUNmrSgQhlCUQ
151,My6ybvVAiVk,지난 6년간 미야옹철의 냥냥펀치에게 보내주신 사랑…,지난 6년간 미야옹철의 냥냥펀치에게 보내주신 사랑…,https://www.youtube.com/watch?v=My6ybvVAiVk,https://www.youtube.com/watch?v=My6ybvVAiVk,videos,videos,video,605.0,10.08,False,,기타/엔터테인먼트,https://i.ytimg.com/vi/My6ybvVAiVk/hqdefault.jpg?sqp=-oaymwEcCNACELwBSFXyq4qpAw4IARUAAIhCGAFwAcABBg==&rs=AOn4CLAvTP68YCBcTbhG8cS8-1w-XRjLIg
152,mWjnUXRx-kk,"발톱깎기, 약 먹일 때 반드시 필요한 고양이 안는 법","발톱깎기, 약 먹일 때 반드시 필요한 고양이 안는 법",https://www.youtube.com/watch?v=mWjnUXRx-kk,https://www.youtube.com/watch?v=mWjnUXRx-kk,videos,videos,video,419.0,6.98,False,,건강/진료,https://i.ytimg.com/vi/mWjnUXRx-kk/hqdefault.jpg?sqp=-oaymwEcCNACELwBSFXyq4qpAw4IARUAAIhCGAFwAcABBg==&rs=AOn4CLDrueMZWFWPKdbaj02YIgNNYBDMjQ
153,81j05uHEhoU,꾹꾹이로 사람 차별하는 고양이..왜 나한텐 안해주는데!!,A cat that discriminates against people by rubbing its forehead... Why doesn't it do this to me?,https://www.youtube.com/watch?v=81j05uHEhoU,https://www.youtube.com/watch?v=81j05uHEhoU,videos,videos,video,737.0,12.28,False,,행동/감정,https://i.ytimg.com/vi/81j05uHEhoU/hqdefault.jpg?sqp=-oaymwEcCNACELwBSFXyq4qpAw4IARUAAIhCGAFwAcABBg==&rs=AOn4CLAPv7x-PoBoyZt5aVxltf0rhlNgTg
154,a6y6qwRwBAE,우리집 고양이는 나를 좋아할까?,우리집 고양이는 나를 좋아할까?,https://www.youtube.com/watch?v=a6y6qwRwBAE,https://www.youtube.com/watch?v=a6y6qwRwBAE,videos,videos,video,364.0,6.07,False,,기타/엔터테인먼트,https://i.ytimg.com/vi/a6y6qwRwBAE/hqdefault.jpg?sqp=-oaymwEcCNACELwBSFXyq4qpAw4IARUAAIhCGAFwAcABBg==&rs=AOn4CLC6uQiLoSp596Fsp5nHiN7iG1edgg
155,MeCl8PZHlrs,[4K] 공주핑 고양이 실존이잔아💓,[4K] 공주핑 고양이 실존이잔아💓,https://www.youtube.com/watch?v=MeCl8PZHlrs,https://www.youtube.com/watch?v=MeCl8PZHlrs,videos,videos,video,407.0,6.78,False,,기타/엔터테인먼트,https://i.ytimg.com/vi/MeCl8PZHlrs/hqdefault.jpg?sqp=-oaymwEcCNACELwBSFXyq4qpAw4IARUAAIhCGAFwAcABBg==&rs=AOn4CLAJU1CupUU6YDmdcN2bsXD3--xOkg
156,k0U5OBI7v8Q,고양이가 당신을 꼬시고 있다는 증거,Evidence that your cat is flirting with you,https://www.youtube.com/watch?v=k0U5OBI7v8Q,https://www.youtube.com/watch?v=k0U5OBI7v8Q,videos,videos,video,436.0,7.27,False,,기타/엔터테인먼트,https://i.ytimg.com/vi/k0U5OBI7v8Q/hqdefault.jpg?sqp=-oaymwEcCNACELwBSFXyq4qpAw4IARUAAIhCGAFwAcABBg==&rs=AOn4CLBLuGp46u4BJS3-54jMtkpHg-CRaA
157,vO-VSHKNX3A,말 안 해도 티나는 고양이 집사들의 특징,Characteristics of cat owners that are obvious even without saying a word,https://www.youtube.com/watch?v=vO-VSHKNX3A,https://www.youtube.com/watch?v=vO-VSHKNX3A,videos,videos,video,446.0,7.43,False,,관계/윤리,https://i.ytimg.com/vi/vO-VSHKNX3A/hqdefault.jpg?sqp=-oaymwEcCNACELwBSFXyq4qpAw4IARUAAIhCGAFwAcABBg==&rs=AOn4CLDaxGrlPVIVX6Z_igt96zk5-fwS6g
158,DKoiTFVR2iI,"고양이가 물 때 대처, 이론만 빠삭하세요?","고양이가 물 때 대처, 이론만 빠삭하세요?",https://www.youtube.com/watch?v=DKoiTFVR2iI,https://www.youtube.com/watch?v=DKoiTFVR2iI,videos,videos,video,576.0,9.6,False,,기타/엔터테인먼트,https://i.ytimg.com/vi/DKoiTFVR2iI/hqdefault.jpg?sqp=-oaymwEcCNACELwBSFXyq4qpAw4IARUAAIhCGAFwAcABBg==&rs=AOn4CLCEzHwsg4zeX-gdeivmjRviSXIPYw
159,dNVaIUeyqWM,"고양이 예방접종, 인터넷 믿지 마세요ㅣ집사메이커 lv.9","고양이 예방접종, 인터넷 믿지 마세요ㅣ집사메이커 lv.9",https://www.youtube.com/watch?v=dNVaIUeyqWM,https://www.youtube.com/watch?v=dNVaIUeyqWM,videos,videos,video,227.0,3.78,False,,건강/진료;관계/윤리,https://i.ytimg.com/vi/dNVaIUeyqWM/hqdefault.jpg?sqp=-oaymwEcCNACELwBSFXyq4qpAw4IARUAAIhCGAFwAcABBg==&rs=AOn4CLAE8-XomISMxfrOaQA06a-EhxvDzg
160,CX2M4R6p4-E,화장실 망부석 고양이🚽,Toilet stone cat🚽,https://www.youtube.com/watch?v=CX2M4R6p4-E,https://www.youtube.com/watch?v=CX2M4R6p4-E,videos,videos,video,685.0,11.42,False,,생활/돌봄,https://i.ytimg.com/vi/CX2M4R6p4-E/hqdefault.jpg?sqp=-oaymwEcCNACELwBSFXyq4qpAw4IARUAAIhCGAFwAcABBg==&rs=AOn4CLCzKuYLJvrXGrMhGY5wDK_AWyfNcg
161,yEHLHaI7eFE,[v-log] 감성에 미치고 고양이에 미친 아저씨의 파리 여행🇫🇷,[v-log] 감성에 미치고 고양이에 미친 아저씨의 파리 여행🇫🇷,https://www.youtube.com/watch?v=yEHLHaI7eFE,https://www.youtube.com/watch?v=yEHLHaI7eFE,videos,videos,video,415.0,6.92,False,,기타/엔터테인먼트,https://i.ytimg.com/vi/yEHLHaI7eFE/hqdefault.jpg?sqp=-oaymwEcCNACELwBSFXyq4qpAw4IARUAAIhCGAFwAcABBg==&rs=AOn4CLCzK-ABHa5ivMhamdIccJRGvxsrzA
162,KKApQVZnFxU,(충격) 수의사 속터지는 릴스 고양이의 진실ㅣ밈야옹철의 짤밈분석,(Shocking) The Truth About the Cat Who Broke the Vet's Heart | Meme Meme Analysis by Meme Meme,https://www.youtube.com/watch?v=KKApQVZnFxU,https://www.youtube.com/watch?v=KKApQVZnFxU,videos,videos,video,437.0,7.28,False,,건강/진료,https://i.ytimg.com/vi/KKApQVZnFxU/hqdefault.jpg?sqp=-oaymwEcCNACELwBSFXyq4qpAw4IARUAAIhCGAFwAcABBg==&rs=AOn4CLAHNDwC3QLOe_-S9lOUEAiLubdVGA
163,P3A5OetBpD8,고양이랑 사람이 이렇게 닮을 수 있나요?AI 아니죠?,"Can a cat and a person be this similar? It's not AI, right?",https://www.youtube.com/watch?v=P3A5OetBpD8,https://www.youtube.com/watch?v=P3A5OetBpD8,videos,videos,video,466.0,7.77,False,,기타/엔터테인먼트,https://i.ytimg.com/vi/P3A5OetBpD8/hqdefault.jpg?sqp=-oaymwEcCNACELwBSFXyq4qpAw4IARUAAIhCGAFwAcABBg==&rs=AOn4CLBco7O9Dwb-XB3opKpFzk9c29CaOA
164,c4oHWbd6LQw,고양이에게 무시 당하고 있다면ㅣ고양식탁 빵먹다살찐떡 편,고양이에게 무시 당하고 있다면ㅣ고양식탁 빵먹다살찐떡 편,https://www.youtube.com/watch?v=c4oHWbd6LQw,https://www.youtube.com/watch?v=c4oHWbd6LQw,videos,videos,video,861.0,14.35,False,,기타/엔터테인먼트,https://i.ytimg.com/vi/c4oHWbd6LQw/hqdefault.jpg?sqp=-oaymwEcCNACELwBSFXyq4qpAw4IARUAAIhCGAFwAcABBg==&rs=AOn4CLA_ji7brugTbVEoG_X1CqEt5irbBw
165,MwP8C9yhS9E,우리집 고양이는 바보일까? 고양이 지능 테스트🤓,우리집 고양이는 바보일까? 고양이 지능 테스트🤓,https://www.youtube.com/watch?v=MwP8C9yhS9E,https://www.youtube.com/watch?v=MwP8C9yhS9E,videos,videos,video,544.0,9.07,False,,기타/엔터테인먼트,https://i.ytimg.com/vi/MwP8C9yhS9E/hqdefault.jpg?sqp=-oaymwEcCNACELwBSFXyq4qpAw4IARUAAIhCGAFwAcABBg==&rs=AOn4CLCMmRDdbjXOkvUsPoCdZ3PgnA8Jbg
166,bDbVBbv41Yk,여기 다녀와서 애들 사료 싹 바꿨습니다,여기 다녀와서 애들 사료 싹 바꿨습니다,https://www.youtube.com/watch?v=bDbVBbv41Yk,https://www.youtube.com/watch?v=bDbVBbv41Yk,videos,videos,video,384.0,6.4,False,,생활/돌봄,https://i.ytimg.com/vi/bDbVBbv41Yk/hqdefault.jpg?sqp=-oaymwEcCNACELwBSFXyq4qpAw4IARUAAIhCGAFwAcABBg==&rs=AOn4CLBM8cOUxQT_pD7MmIlv6_CX-YBjNA
167,oO38sHvNDrg,눈떠보니 집사가 수의사...? 묘생역전 길출신 고양이의 사연,눈떠보니 집사가 수의사...? 묘생역전 길출신 고양이의 사연,https://www.youtube.com/watch?v=oO38sHvNDrg,https://www.youtube.com/watch?v=oO38sHvNDrg,videos,videos,video,494.0,8.23,False,,건강/진료;행동/감정;관계/윤리;서사/상담,https://i.ytimg.com/vi/oO38sHvNDrg/hqdefault.jpg?sqp=-oaymwEcCNACELwBSFXyq4qpAw4IARUAAIhCGAFwAcABBg==&rs=AOn4CLC6O-mKG5JrKQaXu2p22_1yYUJLMA
168,T-1e59AM6jY,불행한 고양이는 '이렇게' 밥을 먹습니다 밥먹는 모습으로 보는 고양이의 건강,불행한 고양이는 '이렇게' 밥을 먹습니다 밥먹는 모습으로 보는 고양이의 건강,https://www.youtube.com/watch?v=T-1e59AM6jY,https://www.youtube.com/watch?v=T-1e59AM6jY,videos,videos,video,533.0,8.88,False,,생활/돌봄,https://i.ytimg.com/vi/T-1e59AM6jY/hqdefault.jpg?sqp=-oaymwEcCNACELwBSFXyq4qpAw4IARUAAIhCGAFwAcABBg==&rs=AOn4CLAfTtW_QBq96T4_bd_I3tnSmIwA2A
169,JIoxeDoe_og,수의사가 알려주는 고양이 이동장 교육ㅣ집사메이커 lv.8,Cat carrier training from a vet | Butler Maker lv.8,https://www.youtube.com/watch?v=JIoxeDoe_og,https://www.youtube.com/watch?v=JIoxeDoe_og,videos,videos,video,221.0,3.68,False,,건강/진료;생활/돌봄;관계/윤리,https://i.ytimg.com/vi/JIoxeDoe_og/hqdefault.jpg?sqp=-oaymwEcCNACELwBSFXyq4qpAw4IARUAAIhCGAFwAcABBg==&rs=AOn4CLCvaCjJF8KSmt-wWk1NpJPCRRegVw
170,tW0sbcqU_cs,고양이 키우는 사람은 강아지 싫어하나요?,Do cat owners hate dogs?,https://www.youtube.com/watch?v=tW0sbcqU_cs,https://www.youtube.com/watch?v=tW0sbcqU_cs,videos,videos,video,377.0,6.28,False,,기타/엔터테인먼트,https://i.ytimg.com/vi/tW0sbcqU_cs/hqdefault.jpg?sqp=-oaymwEcCNACELwBSFXyq4qpAw4IARUAAIhCGAFwAcABBg==&rs=AOn4CLD7yhuJycHJpbuTy5Og5YVutqf6Cw
171,8wzqoO9IWf8,극악의 상황! 미야옹철의 선택은?,극악의 상황! 미야옹철의 선택은?,https://www.youtube.com/watch?v=8wzqoO9IWf8,https://www.youtube.com/watch?v=8wzqoO9IWf8,videos,videos,video,382.0,6.37,False,,기타/엔터테인먼트,https://i.ytimg.com/vi/8wzqoO9IWf8/hqdefault.jpg?sqp=-oaymwEcCNACELwBSFXyq4qpAw4IARUAAIhCGAFwAcABBg==&rs=AOn4CLA2F9uhDM-dlpZmYw34-WABqVKUvg
172,9So8K_yMGi8,펠리세트를 아세요? 세계최초 고양이 우주비행사👩‍🚀,펠리세트를 아세요? 세계최초 고양이 우주비행사👩‍🚀,https://www.youtube.com/watch?v=9So8K_yMGi8,https://www.youtube.com/watch?v=9So8K_yMGi8,videos,videos,video,712.0,11.87,False,,기타/엔터테인먼트,https://i.ytimg.com/vi/9So8K_yMGi8/hqdefault.jpg?sqp=-oaymwEcCNACELwBSFXyq4qpAw4IARUAAIhCGAFwAcABBg==&rs=AOn4CLDHw7PpsXedMSnjm93Sgk3D7nj_bg
173,MClI6t8UQ3g,전세계 고양이에 도른자들을 프랑스로 불러들인 이유,Why France is attracting cats from all over the world,https://www.youtube.com/watch?v=MClI6t8UQ3g,https://www.youtube.com/watch?v=MClI6t8UQ3g,videos,videos,video,464.0,7.73,False,,기타/엔터테인먼트,https://i.ytimg.com/vi/MClI6t8UQ3g/hqdefault.jpg?sqp=-oaymwEcCNACELwBSFXyq4qpAw4IARUAAIhCGAFwAcABBg==&rs=AOn4CLA5bsrNLLwNWbdiGH8_8DgH615KjA
174,4XDK6azZANE,귀여운걸 보면 깨물어주고 싶고 화가 나는 과학적인 이유,귀여운걸 보면 깨물어주고 싶고 화가 나는 과학적인 이유,https://www.youtube.com/watch?v=4XDK6azZANE,https://www.youtube.com/watch?v=4XDK6azZANE,videos,videos,video,318.0,5.3,False,,행동/감정,https://i.ytimg.com/vi/4XDK6azZANE/hqdefault.jpg?sqp=-oaymwEcCNACELwBSFXyq4qpAw4IARUAAIhCGAFwAcABBg==&rs=AOn4CLB3zMCG2_vIVDeL_cQ9qH1oya4ZNA
175,a1IfZd9IfUM,고양이 앞에서 옷 벗지 마세요👕,고양이 앞에서 옷 벗지 마세요👕,https://www.youtube.com/watch?v=a1IfZd9IfUM,https://www.youtube.com/watch?v=a1IfZd9IfUM,videos,videos,video,604.0,10.07,False,,기타/엔터테인먼트,https://i.ytimg.com/vi/a1IfZd9IfUM/hqdefault.jpg?sqp=-oaymwEcCNACELwBSFXyq4qpAw4IARUAAIhCGAFwAcABBg==&rs=AOn4CLDShTH0RwcUqjq3wvRomGECkdSPaA
176,yz-EaGvRS1Q,간택하는 고양이는 관상이 따로 있다? 고양이 관상가 미야옹철,Do Selective Cats Have Separate Physiognomy? Cat Physiognomer Meow-Chul,https://www.youtube.com/watch?v=yz-EaGvRS1Q,https://www.youtube.com/watch?v=yz-EaGvRS1Q,videos,videos,video,502.0,8.37,False,,기타/엔터테인먼트,https://i.ytimg.com/vi/yz-EaGvRS1Q/hqdefault.jpg?sqp=-oaymwEcCNACELwBSFXyq4qpAw4IARUAAIhCGAFwAcABBg==&rs=AOn4CLDaIBZF8aF8TN1caaeaPS8buSfopQ
177,uclIZXVZRpY,고양이들이 동물병원 제일 많이 가는 이 '질병',고양이들이 동물병원 제일 많이 가는 이 '질병',https://www.youtube.com/watch?v=uclIZXVZRpY,https://www.youtube.com/watch?v=uclIZXVZRpY,videos,videos,video,422.0,7.03,False,,건강/진료,https://i.ytimg.com/vi/uclIZXVZRpY/hqdefault.jpg?sqp=-oaymwEcCNACELwBSFXyq4qpAw4IARUAAIhCGAFwAcABBg==&rs=AOn4CLBo0H6QTuv1aon4Yy3ChdP8M-6RZQ
178,dD8B9kPWy10,고양이 발톱은 절대로 “이렇게” 자르시면 안됩니다ㅣ집사메이커 lv.7,고양이 발톱은 절대로 “이렇게” 자르시면 안됩니다ㅣ집사메이커 lv.7,https://www.youtube.com/watch?v=dD8B9kPWy10,https://www.youtube.com/watch?v=dD8B9kPWy10,videos,videos,video,222.0,3.7,False,,건강/진료;관계/윤리,https://i.ytimg.com/vi/dD8B9kPWy10/hqdefault.jpg?sqp=-oaymwEcCNACELwBSFXyq4qpAw4IARUAAIhCGAFwAcABBg==&rs=AOn4CLCymRz2rR3oDjxVEGMSqtuElC_L0g
179,_yx5k0KzbRk,목에 카메라를 달고 나간 고양이가 찍어온 충격적인 영상 공개! (feat.으으냥),Shocking footage captured by a cat with a camera around its neck has been released! (feat. Eungny...,https://www.youtube.com/watch?v=_yx5k0KzbRk,https://www.youtube.com/watch?v=_yx5k0KzbRk,videos,videos,video,734.0,12.23,False,,기타/엔터테인먼트,https://i.ytimg.com/vi/_yx5k0KzbRk/hqdefault.jpg?sqp=-oaymwEcCNACELwBSFXyq4qpAw4IARUAAIhCGAFwAcABBg==&rs=AOn4CLDngwf5lfP7-Q__ILD5nRyxh35zQA
180,tHhMD_pMx3A,전세계 고양이들은 이 고양이를 본받아야 합니다,전세계 고양이들은 이 고양이를 본받아야 합니다,https://www.youtube.com/watch?v=tHhMD_pMx3A,https://www.youtube.com/watch?v=tHhMD_pMx3A,videos,videos,video,509.0,8.48,False,,기타/엔터테인먼트,https://i.ytimg.com/vi/tHhMD_pMx3A/hqdefault.jpg?sqp=-oaymwEcCNACELwBSFXyq4qpAw4IARUAAIhCGAFwAcABBg==&rs=AOn4CLDX-7hxMhJ3A9FcAfBG-fyxZIVVwQ
181,70qXeM31MYc,기가 약하면 보지마세요! 수의사가 들려주는 고양이 괴담,Don't watch if you're feeling faint! A veterinarian tells you a cat horror story.,https://www.youtube.com/watch?v=70qXeM31MYc,https://www.youtube.com/watch?v=70qXeM31MYc,videos,videos,video,592.0,9.87,False,,건강/진료,https://i.ytimg.com/vi/70qXeM31MYc/hqdefault.jpg?sqp=-oaymwEcCNACELwBSFXyq4qpAw4IARUAAIhCGAFwAcABBg==&rs=AOn4CLBsc5H9xMl433rgA_zUXikbRWevgw
182,5cZWaO9Uetg,무지개다리 건넌 고양이에게 전하고 싶은 말ㅣ고양식탁 펀치넬로 편,What I Want to Say to the Cat Who Crossed the Rainbow Bridge | Cat Table Punchnello Edition,https://www.youtube.com/watch?v=5cZWaO9Uetg,https://www.youtube.com/watch?v=5cZWaO9Uetg,videos,videos,video,1172.0,19.53,False,,기타/엔터테인먼트,https://i.ytimg.com/vi/5cZWaO9Uetg/hqdefault.jpg?sqp=-oaymwEcCNACELwBSFXyq4qpAw4IARUAAIhCGAFwAcABBg==&rs=AOn4CLC4rgT7J3METfqooOWBJ0TnBoFYlA
183,6LxHOcvSsAI,고양이가 “이 행동”을 한다면 동물병원 가셔야 합니다,고양이가 “이 행동”을 한다면 동물병원 가셔야 합니다,https://www.youtube.com/watch?v=6LxHOcvSsAI,https://www.youtube.com/watch?v=6LxHOcvSsAI,videos,videos,video,622.0,10.37,False,,행동/감정;건강/진료,https://i.ytimg.com/vi/6LxHOcvSsAI/hqdefault.jpg?sqp=-oaymwEcCNACELwBSFXyq4qpAw4IARUAAIhCGAFwAcABBg==&rs=AOn4CLB1HDL5Q-T5ORDBE0Yg1NVhZvrlfA
184,5CiVhHxM3_4,"고양이의, 고양이에 의한, 고양이를 위한 미야옹철의 하루","A day in the life of a cat, by a cat, and for a cat",https://www.youtube.com/watch?v=5CiVhHxM3_4,https://www.youtube.com/watch?v=5CiVhHxM3_4,videos,videos,video,440.0,7.33,False,,기타/엔터테인먼트,https://i.ytimg.com/vi/5CiVhHxM3_4/hqdefault.jpg?sqp=-oaymwEcCNACELwBSFXyq4qpAw4IARUAAIhCGAFwAcABBg==&rs=AOn4CLCm5tgELnR0xgsE1UIJ0PBgrMAjJQ
185,v9KFfxrceqQ,집에서 3초만에 고양이 비만 판단하는 법 (갈비뼈 만져보기 아님),How to Determine If Your Cat Is Obese in 3 Seconds at Home (Not by Feeling the Ribs),https://www.youtube.com/watch?v=v9KFfxrceqQ,https://www.youtube.com/watch?v=v9KFfxrceqQ,videos,videos,video,589.0,9.82,False,,건강/진료,https://i.ytimg.com/vi/v9KFfxrceqQ/hqdefault.jpg?sqp=-oaymwEcCNACELwBSFXyq4qpAw4IARUAAIhCGAFwAcABBg==&rs=AOn4CLAvByWv2-kDm2E7KTVGGIlyy4Egdw
186,nOKOkOBaUS4,충격! 고양이가 자는 위치의 의미 | 미야옹서베이,Shocking! What Cats Sleep Where They Sleep | Meow Survey,https://www.youtube.com/watch?v=nOKOkOBaUS4,https://www.youtube.com/watch?v=nOKOkOBaUS4,videos,videos,video,517.0,8.62,False,,기타/엔터테인먼트,https://i.ytimg.com/vi/nOKOkOBaUS4/hqdefault.jpg?sqp=-oaymwEcCNACELwBSFXyq4qpAw4IARUAAIhCGAFwAcABBg==&rs=AOn4CLAtXIgPcnyoN8lA_xGOfX94aX5mvg
187,o9v-AgXqCis,이렇게 동그랗고 동그란ㅣ묘종백과 브리티시 숏헤어 편,This round and round cat encyclopedia British Shorthair,https://www.youtube.com/watch?v=o9v-AgXqCis,https://www.youtube.com/watch?v=o9v-AgXqCis,videos,videos,video,573.0,9.55,False,,품종/지식,https://i.ytimg.com/vi/o9v-AgXqCis/hqdefault.jpg?sqp=-oaymwEcCNACELwBSFXyq4qpAw4IARUAAIhCGAFwAcABBg==&rs=AOn4CLB6KeZ63-0XcwGuT8rztyOKSV8p_g
188,jFIhAYGP0J8,내가 개냥이가 될 상인가? 고양이 관상소 드디어 오픈🥳,Am I a Cat Lover? The Cat Observatory is finally open!,https://www.youtube.com/watch?v=jFIhAYGP0J8,https://www.youtube.com/watch?v=jFIhAYGP0J8,videos,videos,video,672.0,11.2,False,,기타/엔터테인먼트,https://i.ytimg.com/vi/jFIhAYGP0J8/hqdefault.jpg?sqp=-oaymwEcCNACELwBSFXyq4qpAw4IARUAAIhCGAFwAcABBg==&rs=AOn4CLDOBkB0qEsSQoj4oSIOA2vqkCtEyw
189,gS9iF3Y4LOc,"고양이 집사 단골 질문, 수의사가 답해드립니다!","고양이 집사 단골 질문, 수의사가 답해드립니다!",https://www.youtube.com/watch?v=gS9iF3Y4LOc,https://www.youtube.com/watch?v=gS9iF3Y4LOc,videos,videos,video,668.0,11.13,False,,건강/진료;관계/윤리,https://i.ytimg.com/vi/gS9iF3Y4LOc/hqdefault.jpg?sqp=-oaymwEcCNACELwBSFXyq4qpAw4IARUAAIhCGAFwAcABBg==&rs=AOn4CLDJ8y_-q47WWd6CSO7OAM_xf_58LQ
190,kR0TerIg3Yg,집사들이 의외로 모르는 “고양이 코”의 비밀 4가지,집사들이 의외로 모르는 “고양이 코”의 비밀 4가지,https://www.youtube.com/watch?v=kR0TerIg3Yg,https://www.youtube.com/watch?v=kR0TerIg3Yg,videos,videos,video,426.0,7.1,False,,관계/윤리,https://i.ytimg.com/vi/kR0TerIg3Yg/hqdefault.jpg?sqp=-oaymwEcCNACELwBSFXyq4qpAw4IARUAAIhCGAFwAcABBg==&rs=AOn4CLC_nBwjm7Y0HrZklSPi3HJbcIUKIA
191,l2bY4GyNgWQ,고양이 집사님! 🧹청소는 이렇게 하셔야 안전합니다🧹,고양이 집사님! 🧹청소는 이렇게 하셔야 안전합니다🧹,https://www.youtube.com/watch?v=l2bY4GyNgWQ,https://www.youtube.com/watch?v=l2bY4GyNgWQ,videos,videos,video,447.0,7.45,False,,관계/윤리,https://i.ytimg.com/vi/l2bY4GyNgWQ/hqdefault.jpg?sqp=-oaymwEcCNACELwBSFXyq4qpAw4IARUAAIhCGAFwAcABBg==&rs=AOn4CLB6dFMmWxmZVSBJR9Xdh-g3-M5obg
192,FFHBkxHVGBk,"고양이는 집사의 ""이걸""  닮게 됩니다 (논문 ㅇ)",Cats become like their butlers (paper ㅇ),https://www.youtube.com/watch?v=FFHBkxHVGBk,https://www.youtube.com/watch?v=FFHBkxHVGBk,videos,videos,video,378.0,6.3,False,,관계/윤리,https://i.ytimg.com/vi/FFHBkxHVGBk/hqdefault.jpg?sqp=-oaymwEcCNACELwBSFXyq4qpAw4IARUAAIhCGAFwAcABBg==&rs=AOn4CLBv_8tnGb6YK6d0S-RjqOqOcFDviA
193,0GHFLZ7OqrA,레전드 아깽이들의 비밀ㅣ밈야옹철의 짤밈분석,레전드 아깽이들의 비밀ㅣ밈야옹철의 짤밈분석,https://www.youtube.com/watch?v=0GHFLZ7OqrA,https://www.youtube.com/watch?v=0GHFLZ7OqrA,videos,videos,video,403.0,6.72,False,,기타/엔터테인먼트,https://i.ytimg.com/vi/0GHFLZ7OqrA/hqdefault.jpg?sqp=-oaymwEcCNACELwBSFXyq4qpAw4IARUAAIhCGAFwAcABBg==&rs=AOn4CLCY6ghMMYXFD6kWYxgFfruAmadhzg
194,XgTbOIR4UJA,"SUB) 저는 고양이를 위해 ""이걸"" 매일할 수 있어요ㅣ미야옹철의 가정방문 스텔라장 편","I can do ""This"" for my cat every dayㅣVeterinarian Chul's home visit ep. Stella Jang",https://www.youtube.com/watch?v=XgTbOIR4UJA,https://www.youtube.com/watch?v=XgTbOIR4UJA,videos,videos,video,808.0,13.47,False,,기타/엔터테인먼트,https://i.ytimg.com/vi/XgTbOIR4UJA/hqdefault.jpg?sqp=-oaymwEcCNACELwBSFXyq4qpAw4IARUAAIhCGAFwAcABBg==&rs=AOn4CLDwp9Qb7BmupnGzpQgpm7ac8wlhhw
195,c2ev1lauTRs,sub) “세 번째 아빠”와 상황극 하는 첨지 춘봉이의 진실,The truth about Cheomji and Choonbong doing a situational drama with the “third father”,https://www.youtube.com/watch?v=c2ev1lauTRs,https://www.youtube.com/watch?v=c2ev1lauTRs,videos,videos,video,641.0,10.68,False,,서사/상담,https://i.ytimg.com/vi/c2ev1lauTRs/hqdefault.jpg?sqp=-oaymwEcCNACELwBSFXyq4qpAw4IARUAAIhCGAFwAcABBg==&rs=AOn4CLBuV7eoDNZu6nV5DklEv9jUnNv5CQ
196,iVACNj4vMbA,난생처음 보는 고양이 문제...수의사도 틀렸습니다❗️,This is the first cat problem I've ever seen... Even the vet was wrong❗️,https://www.youtube.com/watch?v=iVACNj4vMbA,https://www.youtube.com/watch?v=iVACNj4vMbA,videos,videos,video,455.0,7.58,False,,건강/진료,https://i.ytimg.com/vi/iVACNj4vMbA/hqdefault.jpg?sqp=-oaymwEcCNACELwBSFXyq4qpAw4IARUAAIhCGAFwAcABBg==&rs=AOn4CLCglvDnV8apwtzrhinlVXd-K1sESw
197,NLrHrQl1G9o,이런 길고양이는 절대 냥줍 하지마세요 (냥줍에 대한 모든 것),이런 길고양이는 절대 냥줍 하지마세요 (냥줍에 대한 모든 것),https://www.youtube.com/watch?v=NLrHrQl1G9o,https://www.youtube.com/watch?v=NLrHrQl1G9o,videos,videos,video,369.0,6.15,False,,관계/윤리,https://i.ytimg.com/vi/NLrHrQl1G9o/hqdefault.jpg?sqp=-oaymwEcCNACELwBSFXyq4qpAw4IARUAAIhCGAFwAcABBg==&rs=AOn4CLCAPzwfmaHNroe2W9BTtSuFAuN1Hg
198,pU_AIbLO9C0,고양이 안 키우는 사람들의 솔직한 이야기 | 미야옹서베이,고양이 안 키우는 사람들의 솔직한 이야기 | 미야옹서베이,https://www.youtube.com/watch?v=pU_AIbLO9C0,https://www.youtube.com/watch?v=pU_AIbLO9C0,videos,videos,video,407.0,6.78,False,,기타/엔터테인먼트,https://i.ytimg.com/vi/pU_AIbLO9C0/hqdefault.jpg?sqp=-oaymwEcCNACELwBSFXyq4qpAw4IARUAAIhCGAFwAcABBg==&rs=AOn4CLC2NeGZhjq0GG4WUTeYiHFNjYjFhg
199,mm5yvw6Thew,"고양이 입양 전, 반드시 알아야 할 것 총정리","고양이 입양 전, 반드시 알아야 할 것 총정리",https://www.youtube.com/watch?v=mm5yvw6Thew,https://www.youtube.com/watch?v=mm5yvw6Thew,videos,videos,video,908.0,15.13,False,,관계/윤리,https://i.ytimg.com/vi/mm5yvw6Thew/hqdefault.jpg?sqp=-oaymwEcCNACELwBSFXyq4qpAw4IARUAAIhCGAFwAcABBg==&rs=AOn4CLDSEfyfsmD2UT1cYudKXzf7depyvg
200,l9SPCg4Zb4k,모르는 고양이 5마리가 계속 따라온 충격적인 이유,모르는 고양이 5마리가 계속 따라온 충격적인 이유,https://www.youtube.com/watch?v=l9SPCg4Zb4k,https://www.youtube.com/watch?v=l9SPCg4Zb4k,videos,videos,video,495.0,8.25,False,,기타/엔터테인먼트,https://i.ytimg.com/vi/l9SPCg4Zb4k/hqdefault.jpg?sqp=-oaymwEcCNACELwBSFXyq4qpAw4IARUAAIhCGAFwAcABBg==&rs=AOn4CLBqe4RMGqpomhvcSuGHMcUr_WQQ3g
201,g6Lwv5_Sjo4,글로벌 사료 브랜드의 충격적인 비밀❗️,The Shocking Secret of a Global Feed Brand❗️,https://www.youtube.com/watch?v=g6Lwv5_Sjo4,https://www.youtube.com/watch?v=g6Lwv5_Sjo4,videos,videos,video,712.0,11.87,False,,생활/돌봄,https://i.ytimg.com/vi/g6Lwv5_Sjo4/hqdefault.jpg?sqp=-oaymwEcCNACELwBSFXyq4qpAw4IARUAAIhCGAFwAcABBg==&rs=AOn4CLAQapqLaajJ3D6d_1ADu4WBRGrr0g
202,VV-bv3tz3Cs,인데 고양이 없는 사람도 좋아하는 것,인데 고양이 없는 사람도 좋아하는 것,https://www.youtube.com/watch?v=VV-bv3tz3Cs,https://www.youtube.com/watch?v=VV-bv3tz3Cs,videos,videos,video,95.0,1.58,False,,기타/엔터테인먼트,https://i.ytimg.com/vi/VV-bv3tz3Cs/hqdefault.jpg?sqp=-oaymwEcCNACELwBSFXyq4qpAw4IARUAAIhCGAFwAcABBg==&rs=AOn4CLAXX9_Ozy4wROKSufNLrehjqWigfQ
203,4bJlFhL3zRI,"수의사가 알려주는, 1초만에 고양이 기분 파악하는 법ㅣ집사메이커 lv.6","수의사가 알려주는, 1초만에 고양이 기분 파악하는 법ㅣ집사메이커 lv.6",https://www.youtube.com/watch?v=4bJlFhL3zRI,https://www.youtube.com/watch?v=4bJlFhL3zRI,videos,videos,video,292.0,4.87,False,,건강/진료;관계/윤리,https://i.ytimg.com/vi/4bJlFhL3zRI/hqdefault.jpg?sqp=-oaymwEcCNACELwBSFXyq4qpAw4IARUAAIhCGAFwAcABBg==&rs=AOn4CLDXkd1xWvO-wACGOBf82WLhhQmPNA
204,v4NsrKS9iTk,고양이에게 이게 위험하다고? 총정리!,고양이에게 이게 위험하다고? 총정리!,https://www.youtube.com/watch?v=v4NsrKS9iTk,https://www.youtube.com/watch?v=v4NsrKS9iTk,videos,videos,video,1442.0,24.03,False,,관계/윤리,https://i.ytimg.com/vi/v4NsrKS9iTk/hqdefault.jpg?sqp=-oaymwEcCNACELwBSFXyq4qpAw4IARUAAIhCGAFwAcABBg==&rs=AOn4CLCoDERGqAYIC-YKJVDbkh3-DCQYSA
205,GyVtSkuedEE,고양이가 잘 때 제발 만지지 마세요(feat. 수의사),고양이가 잘 때 제발 만지지 마세요(feat. 수의사),https://www.youtube.com/watch?v=GyVtSkuedEE,https://www.youtube.com/watch?v=GyVtSkuedEE,videos,videos,video,580.0,9.67,False,,건강/진료,https://i.ytimg.com/vi/GyVtSkuedEE/hqdefault.jpg?sqp=-oaymwEcCNACELwBSFXyq4qpAw4IARUAAIhCGAFwAcABBg==&rs=AOn4CLCPaFtasDs2Bt10eUH_kVXFz8ZLrQ
206,BsHpaJ1-yrI,국민 식물인 “이것” 고양이에게 위험하다고?,Is this national plant dangerous for cats?,https://www.youtube.com/watch?v=BsHpaJ1-yrI,https://www.youtube.com/watch?v=BsHpaJ1-yrI,videos,videos,video,509.0,8.48,False,,관계/윤리,https://i.ytimg.com/vi/BsHpaJ1-yrI/hqdefault.jpg?sqp=-oaymwEcCNACELwBSFXyq4qpAw4IARUAAIhCGAFwAcABBg==&rs=AOn4CLAmMS7Mtdd_T3wkG6EZ9yRuU2SsAQ
207,as6QgH7b_-I,SUB) 전국 고양이 집사들은 이 12살 소년을 본받아야 합니다ㅣ미야옹철의 가정방문 오레오래치즈 편,All cat butlers should learn from this 12-year-old boyㅣMeow-chul's Home Visit Ep.Oreo Cheese,https://www.youtube.com/watch?v=as6QgH7b_-I,https://www.youtube.com/watch?v=as6QgH7b_-I,videos,videos,video,653.0,10.88,False,,관계/윤리,https://i.ytimg.com/vi/as6QgH7b_-I/hqdefault.jpg?sqp=-oaymwEcCNACELwBSFXyq4qpAw4IARUAAIhCGAFwAcABBg==&rs=AOn4CLC0vdtPRy_6AcWfnjVPwPnSaZ45CA
208,xRSpI_1Cs5Y,사람이 많이 걸리는 질병 중 “이것”은 고양이에게 전파됩니다,"Among the many diseases that humans suffer from, “this” is transmitted to cats.",https://www.youtube.com/watch?v=xRSpI_1Cs5Y,https://www.youtube.com/watch?v=xRSpI_1Cs5Y,videos,videos,video,469.0,7.82,False,,기타/엔터테인먼트,https://i.ytimg.com/vi/xRSpI_1Cs5Y/hqdefault.jpg?sqp=-oaymwEcCNACELwBSFXyq4qpAw4IARUAAIhCGAFwAcABBg==&rs=AOn4CLDNLlJ4cQfyKKHMLto7fgBi7L7uTA
209,3OIMNw-LhhQ,수의사가 인정하는 천재 고양이 3대장,수의사가 인정하는 천재 고양이 3대장,https://www.youtube.com/watch?v=3OIMNw-LhhQ,https://www.youtube.com/watch?v=3OIMNw-LhhQ,videos,videos,video,441.0,7.35,False,,건강/진료,https://i.ytimg.com/vi/3OIMNw-LhhQ/hqdefault.jpg?sqp=-oaymwEcCNACELwBSFXyq4qpAw4IARUAAIhCGAFwAcABBg==&rs=AOn4CLCpQG1Wun74f5QPzW6_X6woRHi9pg
210,TqQDriLJSWY,입양 직후 집사가 가장 많이 하는 실수ㅣ집사메이커 lv.5,입양 직후 집사가 가장 많이 하는 실수ㅣ집사메이커 lv.5,https://www.youtube.com/watch?v=TqQDriLJSWY,https://www.youtube.com/watch?v=TqQDriLJSWY,videos,videos,video,208.0,3.47,False,,관계/윤리,https://i.ytimg.com/vi/TqQDriLJSWY/hqdefault.jpg?sqp=-oaymwEcCNACELwBSFXyq4qpAw4IARUAAIhCGAFwAcABBg==&rs=AOn4CLC89vK_vLR5RhBp8h4mPvhFA7K5Nw
211,2xBY7b0b_mM,한국에서 두번째로 많이 키우는 고양이ㅣ묘종백과 페르시안 편,한국에서 두번째로 많이 키우는 고양이ㅣ묘종백과 페르시안 편,https://www.youtube.com/watch?v=2xBY7b0b_mM,https://www.youtube.com/watch?v=2xBY7b0b_mM,videos,videos,video,679.0,11.32,False,,품종/지식,https://i.ytimg.com/vi/2xBY7b0b_mM/hqdefault.jpg?sqp=-oaymwEcCNACELwBSFXyq4qpAw4IARUAAIhCGAFwAcABBg==&rs=AOn4CLC86ssLViY_1LAeiuvlMCXfJ6zkhg
212,WtsDlTOBLUU,(충격!) 수의사한테 동물의 숲 시키지 마세요,(Shock!) Don't let the vet play Animal Crossing.,https://www.youtube.com/watch?v=WtsDlTOBLUU,https://www.youtube.com/watch?v=WtsDlTOBLUU,videos,videos,video,838.0,13.97,False,,건강/진료,https://i.ytimg.com/vi/WtsDlTOBLUU/hqdefault.jpg?sqp=-oaymwEcCNACELwBSFXyq4qpAw4IARUAAIhCGAFwAcABBg==&rs=AOn4CLAF630CqJ9iYB6k_xDQ9a52j_fBOQ
213,5B3olseTKu8,"집사는 몰랐던, 고양이가 싫어하는 의외의 소리 TOP 6",Top 6 Surprising Sounds Cats Hate That You Didn't Know,https://www.youtube.com/watch?v=5B3olseTKu8,https://www.youtube.com/watch?v=5B3olseTKu8,videos,videos,video,489.0,8.15,False,,관계/윤리,https://i.ytimg.com/vi/5B3olseTKu8/hqdefault.jpg?sqp=-oaymwEcCNACELwBSFXyq4qpAw4IARUAAIhCGAFwAcABBg==&rs=AOn4CLB6kX-f3j5rAHqt0jnkLOtmv4FbTA
214,3KYVMmwe-z4,"화장실, 사냥놀이, 사료 등 고양이와의 동거 전 알아야할 십계명ㅣ집사메이커 lv.4","화장실, 사냥놀이, 사료 등 고양이와의 동거 전 알아야할 십계명ㅣ집사메이커 lv.4",https://www.youtube.com/watch?v=3KYVMmwe-z4,https://www.youtube.com/watch?v=3KYVMmwe-z4,videos,videos,video,225.0,3.75,False,,생활/돌봄;행동/감정;관계/윤리,https://i.ytimg.com/vi/3KYVMmwe-z4/hqdefault.jpg?sqp=-oaymwEcCNACELwBSFXyq4qpAw4IARUAAIhCGAFwAcABBg==&rs=AOn4CLDpSxmzNZ5mUe2Tf6SKDeat-dOLXA
215,sJqhNVubRds,(광고x) 절대 후회하지 않을 개꿀잼 인생작 추천,(광고x) 절대 후회하지 않을 개꿀잼 인생작 추천,https://www.youtube.com/watch?v=sJqhNVubRds,https://www.youtube.com/watch?v=sJqhNVubRds,videos,videos,video,406.0,6.77,False,,기타/엔터테인먼트,https://i.ytimg.com/vi/sJqhNVubRds/hqdefault.jpg?sqp=-oaymwEcCNACELwBSFXyq4qpAw4IARUAAIhCGAFwAcABBg==&rs=AOn4CLAcwiAxWtROBIPyd3db5oD0cHhSXQ
216,gFOHbXFldsk,"고양이 궁디팡팡, 제발 이렇게 하지 마세요 (feat.수의사)","Cat's butt bang bang, please don't do this (feat. vet)",https://www.youtube.com/watch?v=gFOHbXFldsk,https://www.youtube.com/watch?v=gFOHbXFldsk,videos,videos,video,435.0,7.25,False,,건강/진료,https://i.ytimg.com/vi/gFOHbXFldsk/hqdefault.jpg?sqp=-oaymwEcCNACELwBSFXyq4qpAw4IARUAAIhCGAFwAcABBg==&rs=AOn4CLBFPPmVCenBPP68_QwiP6h-C9mzKg
217,tXUiRAUKFxU,수의사가 인정한 역대급 개냥이 3대장💖,"The top 3 dogs and cats of all time, recognized by veterinarians💖",https://www.youtube.com/watch?v=tXUiRAUKFxU,https://www.youtube.com/watch?v=tXUiRAUKFxU,videos,videos,video,557.0,9.28,False,,건강/진료,https://i.ytimg.com/vi/tXUiRAUKFxU/hqdefault.jpg?sqp=-oaymwEcCNACELwBSFXyq4qpAw4IARUAAIhCGAFwAcABBg==&rs=AOn4CLBMYyHbKxO0E2wZS3bCdEJUDaeVaw
218,XC059alyEwY,고양이 수의사가 말하는 집사 필수템 & 꿀팁ㅣ집사메이커 lv.3,Cat Veterinarian: Essential Cat Items & Tips for Cat Owners | Butler Maker Lv.3,https://www.youtube.com/watch?v=XC059alyEwY,https://www.youtube.com/watch?v=XC059alyEwY,videos,videos,video,218.0,3.63,False,,건강/진료;관계/윤리,https://i.ytimg.com/vi/XC059alyEwY/hqdefault.jpg?sqp=-oaymwEcCNACELwBSFXyq4qpAw4IARUAAIhCGAFwAcABBg==&rs=AOn4CLCI-nMoA6F9Q5EoHyKWs3DvW0bTFA
219,TlWlANP8u-k,고양이가 불행하다는 '진짜' 증거 7가지,7 Real Signs Your Cat Is Unhappy,https://www.youtube.com/watch?v=TlWlANP8u-k,https://www.youtube.com/watch?v=TlWlANP8u-k,videos,videos,video,597.0,9.95,False,,기타/엔터테인먼트,https://i.ytimg.com/vi/TlWlANP8u-k/hqdefault.jpg?sqp=-oaymwEcCNACELwBSFXyq4qpAw4IARUAAIhCGAFwAcABBg==&rs=AOn4CLCN65w_9QUuULVPutnpMqGdx4gO4A
220,LFKFqgZG9hc,19금💋 핫한 고양이 모음집ㅋㅋㅋㅋㅋ,19금💋 핫한 고양이 모음집ㅋㅋㅋㅋㅋ,https://www.youtube.com/watch?v=LFKFqgZG9hc,https://www.youtube.com/watch?v=LFKFqgZG9hc,videos,videos,video,497.0,8.28,False,,기타/엔터테인먼트,https://i.ytimg.com/vi/LFKFqgZG9hc/hqdefault.jpg?sqp=-oaymwEcCNACELwBSFXyq4qpAw4IARUAAIhCGAFwAcABBg==&rs=AOn4CLBiByQtU5BQPIqZWHJzL6R7qhSA0w
221,x6bHLkIlPDQ,미치도록 사랑스러운 관종ㅣ묘종백과 샴고양이 편,The Crazy-Lovely Cat Encyclopedia: Siamese Cats,https://www.youtube.com/watch?v=x6bHLkIlPDQ,https://www.youtube.com/watch?v=x6bHLkIlPDQ,videos,videos,video,790.0,13.17,False,,품종/지식,https://i.ytimg.com/vi/x6bHLkIlPDQ/hqdefault.jpg?sqp=-oaymwEcCNACELwBSFXyq4qpAw4IARUAAIhCGAFwAcABBg==&rs=AOn4CLCS_k-wolA_iSMjDbvl199FlIPFDg
222,wszGtLqVftA,지금 당신이 먹는 그 과일 때문에 고양이가 죽을 수 있습니다,지금 당신이 먹는 그 과일 때문에 고양이가 죽을 수 있습니다,https://www.youtube.com/watch?v=wszGtLqVftA,https://www.youtube.com/watch?v=wszGtLqVftA,videos,videos,video,393.0,6.55,False,,기타/엔터테인먼트,https://i.ytimg.com/vi/wszGtLqVftA/hqdefault.jpg?sqp=-oaymwEcCNACELwBSFXyq4qpAw4IARUAAIhCGAFwAcABBg==&rs=AOn4CLAGlxPvKX_VolP84NpzNjy2j_w_pA
223,YkYwJ9ww0-I,귀 안들리는 보호자를 위해 고양이가 선택한 방법ㅣ밈야옹철의 짤밈분석,How Cats Choose to Help Their Deaf Guardians | Meme Meme Analysis by Meme Meme Meme,https://www.youtube.com/watch?v=YkYwJ9ww0-I,https://www.youtube.com/watch?v=YkYwJ9ww0-I,videos,videos,video,402.0,6.7,False,,관계/윤리;행동/감정,https://i.ytimg.com/vi/YkYwJ9ww0-I/hqdefault.jpg?sqp=-oaymwEcCNACELwBSFXyq4qpAw4IARUAAIhCGAFwAcABBg==&rs=AOn4CLDFy0LToB7humKGqV9TyMANVl7T9Q
224,fKjI9tsa8xc,나에겐 어떤 고양이가 딱 맞을까?ㅣ집사메이커 lv.2,나에겐 어떤 고양이가 딱 맞을까?ㅣ집사메이커 lv.2,https://www.youtube.com/watch?v=fKjI9tsa8xc,https://www.youtube.com/watch?v=fKjI9tsa8xc,videos,videos,video,196.0,3.27,False,,관계/윤리,https://i.ytimg.com/vi/fKjI9tsa8xc/hqdefault.jpg?sqp=-oaymwEcCNACELwBSFXyq4qpAw4IARUAAIhCGAFwAcABBg==&rs=AOn4CLBodCsHySq1HTCktLKvQrkgklXkQg
225,dWaInRL_Gas,집사야 손이 짜다,집사야 손이 짜다,https://www.youtube.com/watch?v=dWaInRL_Gas,https://www.youtube.com/watch?v=dWaInRL_Gas,videos,videos,video,22.0,0.37,True,,관계/윤리,https://i.ytimg.com/vi/dWaInRL_Gas/hqdefault.jpg?sqp=-oaymwEcCNACELwBSFXyq4qpAw4IARUAAIhCGAFwAcABBg==&rs=AOn4CLBi2tR5kUMUuSVecbibTtfI1NuMJQ
226,lStn8zvbJfY,(감동주의) 서로에게 구원이 되어준 냥줍 이야기ㅣ미야옹철의 가정방문 뚜리뚜바랑 편,(감동주의) 서로에게 구원이 되어준 냥줍 이야기ㅣ미야옹철의 가정방문 뚜리뚜바랑 편,https://www.youtube.com/watch?v=lStn8zvbJfY,https://www.youtube.com/watch?v=lStn8zvbJfY,videos,videos,video,684.0,11.4,False,,기타/엔터테인먼트,https://i.ytimg.com/vi/lStn8zvbJfY/hqdefault.jpg?sqp=-oaymwEcCNACELwBSFXyq4qpAw4IARUAAIhCGAFwAcABBg==&rs=AOn4CLDYT40NE1XwaZy8gvT7tUardPSXzA
227,ZywGfwc_F6M,고양이에게 사랑받고 싶다면 '이런 집사'가 되세요,고양이에게 사랑받고 싶다면 '이런 집사'가 되세요,https://www.youtube.com/watch?v=ZywGfwc_F6M,https://www.youtube.com/watch?v=ZywGfwc_F6M,videos,videos,video,691.0,11.52,False,,관계/윤리,https://i.ytimg.com/vi/ZywGfwc_F6M/hqdefault.jpg?sqp=-oaymwEcCNACELwBSFXyq4qpAw4IARUAAIhCGAFwAcABBg==&rs=AOn4CLA1ygn9CdlZcSw6N56E1SnRl9dxwg
228,ls2_hbBwzNY,큰언니만 싫어하는 고양이의 진실…보름이 언어통역!,The truth about a cat that only hates its older sister… Boreum is a language interpreter!,https://www.youtube.com/watch?v=ls2_hbBwzNY,https://www.youtube.com/watch?v=ls2_hbBwzNY,videos,videos,video,622.0,10.37,False,,기타/엔터테인먼트,https://i.ytimg.com/vi/ls2_hbBwzNY/hqdefault.jpg?sqp=-oaymwEcCNACELwBSFXyq4qpAw4IARUAAIhCGAFwAcABBg==&rs=AOn4CLCRoseGCjR-fiGNpc_S0g5WoQAYww
229,GBBz9IlSrQk,'이거'에 해당되면 고양이 입양하지 마세요ㅣ집사메이커 lv.1,"If this applies to you, don't adopt a cat | Butler Maker lv.1",https://www.youtube.com/watch?v=GBBz9IlSrQk,https://www.youtube.com/watch?v=GBBz9IlSrQk,videos,videos,video,303.0,5.05,False,,관계/윤리,https://i.ytimg.com/vi/GBBz9IlSrQk/hqdefault.jpg?sqp=-oaymwEcCNACELwBSFXyq4qpAw4IARUAAIhCGAFwAcABBg==&rs=AOn4CLCJFpkvwh6kB6T4YqHCoCzrmqxlCQ
230,5_LwQRahaYk,고양이가 나를 쳐다보는 이유 9가지👀,고양이가 나를 쳐다보는 이유 9가지👀,https://www.youtube.com/watch?v=5_LwQRahaYk,https://www.youtube.com/watch?v=5_LwQRahaYk,videos,videos,video,539.0,8.98,False,,기타/엔터테인먼트,https://i.ytimg.com/vi/5_LwQRahaYk/hqdefault.jpg?sqp=-oaymwEcCNACELwBSFXyq4qpAw4IARUAAIhCGAFwAcABBg==&rs=AOn4CLAfJtL9ytIzAD1y1uf5Dtpzca8bdQ
231,x5ftR9HnXPQ,고양이 있는 집은 크리스마스 이렇게 준비하세요🎄,고양이 있는 집은 크리스마스 이렇게 준비하세요🎄,https://www.youtube.com/watch?v=x5ftR9HnXPQ,https://www.youtube.com/watch?v=x5ftR9HnXPQ,videos,videos,video,483.0,8.05,False,,기타/엔터테인먼트,https://i.ytimg.com/vi/x5ftR9HnXPQ/hqdefault.jpg?sqp=-oaymwEcCNACELwBSFXyq4qpAw4IARUAAIhCGAFwAcABBg==&rs=AOn4CLBpztUUzQEAw3404EQAtT1kFYOS_w
232,mxd1UnI3000,인간에게 그루밍 당했을 때 고양이 반응 ㅋㅋㅋㅋㅋㅋ,인간에게 그루밍 당했을 때 고양이 반응 ㅋㅋㅋㅋㅋㅋ,https://www.youtube.com/watch?v=mxd1UnI3000,https://www.youtube.com/watch?v=mxd1UnI3000,videos,videos,video,379.0,6.32,False,,기타/엔터테인먼트,https://i.ytimg.com/vi/mxd1UnI3000/hqdefault.jpg?sqp=-oaymwEcCNACELwBSFXyq4qpAw4IARUAAIhCGAFwAcABBg==&rs=AOn4CLCbRjcAsYA525xlNc_-sPxspTKi_g
233,TTbPjXXmEgo,지금 당신 옆에 있는 그 음식 때문에 고양이가 죽을 수 있습니다,지금 당신 옆에 있는 그 음식 때문에 고양이가 죽을 수 있습니다,https://www.youtube.com/watch?v=TTbPjXXmEgo,https://www.youtube.com/watch?v=TTbPjXXmEgo,videos,videos,video,564.0,9.4,False,,기타/엔터테인먼트,https://i.ytimg.com/vi/TTbPjXXmEgo/hqdefault.jpg?sqp=-oaymwEcCNACELwBSFXyq4qpAw4IARUAAIhCGAFwAcABBg==&rs=AOn4CLCVAoapqohGX2AvLC_jZBkilo4WZQ
234,tLggN9Dqbgk,대한민국에서 가장 많이 키우는 고양이는 이렇습니다ㅣ 묘종백과 코리안숏헤어 편,The most popular cat breed in South Korea is the Korean Shorthair.,https://www.youtube.com/watch?v=tLggN9Dqbgk,https://www.youtube.com/watch?v=tLggN9Dqbgk,videos,videos,video,885.0,14.75,False,,품종/지식,https://i.ytimg.com/vi/tLggN9Dqbgk/hqdefault.jpg?sqp=-oaymwEcCNACELwBSFXyq4qpAw4IARUAAIhCGAFwAcABBg==&rs=AOn4CLAlBJailK8RvaqPVCPV3Wn4n8qIWA
235,vpLmppciGEA,고양이가 사료를 이렇게 먹으면 동물병원에 가보세요!,고양이가 사료를 이렇게 먹으면 동물병원에 가보세요!,https://www.youtube.com/watch?v=vpLmppciGEA,https://www.youtube.com/watch?v=vpLmppciGEA,videos,videos,video,541.0,9.02,False,,건강/진료;생활/돌봄,https://i.ytimg.com/vi/vpLmppciGEA/hqdefault.jpg?sqp=-oaymwEcCNACELwBSFXyq4qpAw4IARUAAIhCGAFwAcABBg==&rs=AOn4CLDPQ2jVxO7l3PMEEqD_ph-Xx4HJnw
236,-BWfTmxCRRc,김사모 트리🎄,김사모 트리🎄,https://www.youtube.com/watch?v=-BWfTmxCRRc,https://www.youtube.com/watch?v=-BWfTmxCRRc,videos,videos,video,91.0,1.52,False,,기타/엔터테인먼트,https://i.ytimg.com/vi/-BWfTmxCRRc/hqdefault.jpg?sqp=-oaymwEcCNACELwBSFXyq4qpAw4IARUAAIhCGAFwAcABBg==&rs=AOn4CLDkEObelvM9q8qHg_kMV9T6KvzQ_A
237,AZNNegsDLpE,빈대 잡다 고양이 잡은 후에 후회하지 말고 이 영상부터 보세요!,Don't regret catching a cat after catching a flea. Watch this video first!,https://www.youtube.com/watch?v=AZNNegsDLpE,https://www.youtube.com/watch?v=AZNNegsDLpE,videos,videos,video,444.0,7.4,False,,기타/엔터테인먼트,https://i.ytimg.com/vi/AZNNegsDLpE/hqdefault.jpg?sqp=-oaymwEcCNACELwBSFXyq4qpAw4IARUAAIhCGAFwAcABBg==&rs=AOn4CLC_nRwFEiI_hlRXvOZs_U1bGTOcjA
238,z886hW6vNnw,sub) 임보냥이 오면 첫째냥은 무조건 스트레스 받을까?ㅣ미야옹철의 가정방문 쫀떡이 편,Does the first cat get stressed when another cat is adopted? [Meowchul Visits Home] Jjontteok's home,https://www.youtube.com/watch?v=z886hW6vNnw,https://www.youtube.com/watch?v=z886hW6vNnw,videos,videos,video,745.0,12.42,False,,행동/감정,https://i.ytimg.com/vi/z886hW6vNnw/hqdefault.jpg?sqp=-oaymwEcCNACELwBSFXyq4qpAw4IARUAAIhCGAFwAcABBg==&rs=AOn4CLDR-ttXmscVvT_ltysjJWE3xUACBg
239,pISc-2fk7Zg,미로에 고양이 50마리가 살고 있다고❓직접 다녀왔습니다,미로에 고양이 50마리가 살고 있다고❓직접 다녀왔습니다,https://www.youtube.com/watch?v=pISc-2fk7Zg,https://www.youtube.com/watch?v=pISc-2fk7Zg,videos,videos,video,424.0,7.07,False,,기타/엔터테인먼트,https://i.ytimg.com/vi/pISc-2fk7Zg/hqdefault.jpg?sqp=-oaymwEcCNACELwBSFXyq4qpAw4IARUAAIhCGAFwAcABBg==&rs=AOn4CLC2QrVTq8TNEoUTwdYZJnVaJJrECg
240,kuoM0BUiM_M,고양이가 죽기 전에 보이는 의외의 8가지 행동,8 Signs Your Cat Is Dying,https://www.youtube.com/watch?v=kuoM0BUiM_M,https://www.youtube.com/watch?v=kuoM0BUiM_M,videos,videos,video,800.0,13.33,False,,행동/감정,https://i.ytimg.com/vi/kuoM0BUiM_M/hqdefault.jpg?sqp=-oaymwEcCNACELwBSFXyq4qpAw4IARUAAIhCGAFwAcABBg==&rs=AOn4CLAwtOEPGAm_NfjV1NwEUQ4N_QE8mA
241,HvwQ88eFz-E,집사라면 공감 1000%!! 고양이 수의사의 명언이라는 것이 폭발한다 (in 제주펫페어),집사라면 공감 1000%!! 고양이 수의사의 명언이라는 것이 폭발한다 (in 제주펫페어),https://www.youtube.com/watch?v=HvwQ88eFz-E,https://www.youtube.com/watch?v=HvwQ88eFz-E,videos,videos,video,357.0,5.95,False,,건강/진료;관계/윤리,https://i.ytimg.com/vi/HvwQ88eFz-E/hqdefault.jpg?sqp=-oaymwEcCNACELwBSFXyq4qpAw4IARUAAIhCGAFwAcABBg==&rs=AOn4CLALrvt6j0cuE8AsAaoiJ-xwp2KPzw
242,MpMhDMeTw14,결혼 7년차 유부남에게 연애프로그램 섭외가 들어왔다,결혼 7년차 유부남에게 연애프로그램 섭외가 들어왔다,https://www.youtube.com/watch?v=MpMhDMeTw14,https://www.youtube.com/watch?v=MpMhDMeTw14,videos,videos,video,671.0,11.18,False,,기타/엔터테인먼트,https://i.ytimg.com/vi/MpMhDMeTw14/hqdefault.jpg?sqp=-oaymwEcCNACELwBSFXyq4qpAw4IARUAAIhCGAFwAcABBg==&rs=AOn4CLBv2sMRwGzHRo8hnT_puXg9C27Qvw
243,XyybPqgki3U,지금까지 속여서 죄송합니다.,I'm sorry for lying to you until now.,https://www.youtube.com/watch?v=XyybPqgki3U,https://www.youtube.com/watch?v=XyybPqgki3U,videos,videos,video,163.0,2.72,False,,기타/엔터테인먼트,https://i.ytimg.com/vi/XyybPqgki3U/hqdefault.jpg?sqp=-oaymwEcCNACELwBSFXyq4qpAw4IARUAAIhCGAFwAcABBg==&rs=AOn4CLAAdfRdWyXxcH0VsyagqYAsndvJjQ
244,J77HSdzjvg8,배구 공놀이하는 천재 고양이 등장🫢,배구 공놀이하는 천재 고양이 등장🫢,https://www.youtube.com/watch?v=J77HSdzjvg8,https://www.youtube.com/watch?v=J77HSdzjvg8,videos,videos,video,772.0,12.87,False,,행동/감정,https://i.ytimg.com/vi/J77HSdzjvg8/hqdefault.jpg?sqp=-oaymwEcCNACELwBSFXyq4qpAw4IARUAAIhCGAFwAcABBg==&rs=AOn4CLAT2mAEm-2VP6ERyBhq8Knh0fnECA
245,-EAxT_5RJWc,집에서 못받은 사랑 여기서 잔뜩 받고 왔습니다,I received a lot of love here that I didn't receive at home.,https://www.youtube.com/watch?v=-EAxT_5RJWc,https://www.youtube.com/watch?v=-EAxT_5RJWc,videos,videos,video,518.0,8.63,False,,기타/엔터테인먼트,https://i.ytimg.com/vi/-EAxT_5RJWc/hqdefault.jpg?sqp=-oaymwEcCNACELwBSFXyq4qpAw4IARUAAIhCGAFwAcABBg==&rs=AOn4CLDPjQUAH5TjLq423ns3wSG8oOng4A
246,V5-GuQJgLZM,sub)🇰🇷한국 수의사 브이로그ㅣ템플스테이ㅣ고양이 합사 솔루션ㅣ절밥ㅣ스님과의 차담 (w.딤디님) 🐈,Korean veterinarian VLOG | Temple stay | Temple food | Drinking tea with a monk (w.deemd)🐈,https://www.youtube.com/watch?v=V5-GuQJgLZM,https://www.youtube.com/watch?v=V5-GuQJgLZM,videos,videos,video,1141.0,19.02,False,,건강/진료;서사/상담;생활/돌봄;관계/윤리,https://i.ytimg.com/vi/V5-GuQJgLZM/hqdefault.jpg?sqp=-oaymwEcCNACELwBSFXyq4qpAw4IARUAAIhCGAFwAcABBg==&rs=AOn4CLBanLTPZ4eNIxmbkGI7h_d3iSwJpw
247,IBfxJ3iKGaI,sub)전세계 고양이에 도른자들 다 헤쳐모엿!,We made our mark among cat lovers worldwide!,https://www.youtube.com/watch?v=IBfxJ3iKGaI,https://www.youtube.com/watch?v=IBfxJ3iKGaI,videos,videos,video,387.0,6.45,False,,기타/엔터테인먼트,https://i.ytimg.com/vi/IBfxJ3iKGaI/hqdefault.jpg?sqp=-oaymwEcCNACELwBSFXyq4qpAw4IARUAAIhCGAFwAcABBg==&rs=AOn4CLAst2CoMBohSZAJViwaV0vFx4IhBQ
248,pjz4ycfF_zk,“이걸” 한다면 수속성 고양이 확정! (feat. 미야옹철 수의사),“이걸” 한다면 수속성 고양이 확정! (feat. 미야옹철 수의사),https://www.youtube.com/watch?v=pjz4ycfF_zk,https://www.youtube.com/watch?v=pjz4ycfF_zk,videos,videos,video,86.0,1.43,False,,건강/진료,https://i.ytimg.com/vi/pjz4ycfF_zk/hqdefault.jpg?sqp=-oaymwEcCNACELwBSFXyq4qpAw4IARUAAIhCGAFwAcABBg==&rs=AOn4CLCMcIScywo8sbrRcw30QbPI-LIxNw
249,KisGxxtIk6I,눈만 핥는 이상한 고양이 😂 😂,A strange cat that only licks its eyes 😂 😂,https://www.youtube.com/watch?v=KisGxxtIk6I,https://www.youtube.com/watch?v=KisGxxtIk6I,videos,videos,video,109.0,1.82,False,,행동/감정,https://i.ytimg.com/vi/KisGxxtIk6I/hqdefault.jpg?sqp=-oaymwEcCNACELwBSFXyq4qpAw4IARUAAIhCGAFwAcABBg==&rs=AOn4CLAnl7P_kzY5Y-WUljSR8Ws3ei9LaA
250,rfRKMu_SaBc,사나운 고양이를 개냥이로 만드는 가장 쉬운 방법 (feat. 수의사),The Easiest Way to Turn a Fierce Cat into a Dog (feat. Veterinarian),https://www.youtube.com/watch?v=rfRKMu_SaBc,https://www.youtube.com/watch?v=rfRKMu_SaBc,videos,videos,video,886.0,14.77,False,,건강/진료,https://i.ytimg.com/vi/rfRKMu_SaBc/hqdefault.jpg?sqp=-oaymwEcCNACELwBSFXyq4qpAw4IARUAAIhCGAFwAcABBg==&rs=AOn4CLDu6vavbdeLIB3_iqU7-bKAY35yIw
251,62_VdWgfjZA,"고양이 건강검진, 이렇게 하면 안됩니다. (고부해 피디님이 달라졌어요)","고양이 건강검진, 이렇게 하면 안됩니다. (고부해 피디님이 달라졌어요)",https://www.youtube.com/watch?v=62_VdWgfjZA,https://www.youtube.com/watch?v=62_VdWgfjZA,videos,videos,video,375.0,6.25,False,,기타/엔터테인먼트,https://i.ytimg.com/vi/62_VdWgfjZA/hqdefault.jpg?sqp=-oaymwEcCNACELwBSFXyq4qpAw4IARUAAIhCGAFwAcABBg==&rs=AOn4CLDcB3fxCIF2Tz0zPmKV1QQNyHn1Cw
252,QL74SYYI8Qo,고양이도 집사에게 삐질까? (feat. 수의사),고양이도 집사에게 삐질까? (feat. 수의사),https://www.youtube.com/watch?v=QL74SYYI8Qo,https://www.youtube.com/watch?v=QL74SYYI8Qo,videos,videos,video,995.0,16.58,False,,건강/진료;관계/윤리,https://i.ytimg.com/vi/QL74SYYI8Qo/hqdefault.jpg?sqp=-oaymwEcCNACELwBSFXyq4qpAw4IARUAAIhCGAFwAcABBg==&rs=AOn4CLBXb8YaT0ZjtNdYlLznSAApJcBCSw
253,Kn1yA1TFFg8,레이디의 숨겨왔던 비밀을 짜버리다💩고양이 항문낭의 모든것...🤎,Uncovering Lady's Hidden Secrets💩Everything About Cat Anal Glands...🤎,https://www.youtube.com/watch?v=Kn1yA1TFFg8,https://www.youtube.com/watch?v=Kn1yA1TFFg8,videos,videos,video,441.0,7.35,False,,기타/엔터테인먼트,https://i.ytimg.com/vi/Kn1yA1TFFg8/hqdefault.jpg?sqp=-oaymwEcCNACELwBSFXyq4qpAw4IARUAAIhCGAFwAcABBg==&rs=AOn4CLBlb9yUlpDQzvm8NAf-oEWzgBzzCw
254,pMUYSKL3PcE,고양이는 단맛 못느낀다는데 왜 이렇게 수박을 좋아할까🍉,"Cats can't taste sweet things, so why do they like watermelon so much?",https://www.youtube.com/watch?v=pMUYSKL3PcE,https://www.youtube.com/watch?v=pMUYSKL3PcE,videos,videos,video,878.0,14.63,False,,기타/엔터테인먼트,https://i.ytimg.com/vi/pMUYSKL3PcE/hqdefault.jpg?sqp=-oaymwEcCNACELwBSFXyq4qpAw4IARUAAIhCGAFwAcABBg==&rs=AOn4CLDv6c_GPC5q6wB4X2BstgUhoXPqMg
255,zqE_o46y8y0,혹시 코로나도 경력직 인정되나요? 미야옹철 재확진 격리 vlog,혹시 코로나도 경력직 인정되나요? 미야옹철 재확진 격리 vlog,https://www.youtube.com/watch?v=zqE_o46y8y0,https://www.youtube.com/watch?v=zqE_o46y8y0,videos,videos,video,435.0,7.25,False,,서사/상담,https://i.ytimg.com/vi/zqE_o46y8y0/hqdefault.jpg?sqp=-oaymwEcCNACELwBSFXyq4qpAw4IARUAAIhCGAFwAcABBg==&rs=AOn4CLAordT3fkUGsTUL8Mx82Kiaf1W0UA
256,2FDhF-vMQDU,"""수의사인 집사""는 자기가 키우는 고양이에게 뭘 먹일까? 🍚","""수의사인 집사""는 자기가 키우는 고양이에게 뭘 먹일까? 🍚",https://www.youtube.com/watch?v=2FDhF-vMQDU,https://www.youtube.com/watch?v=2FDhF-vMQDU,videos,videos,video,389.0,6.48,False,,건강/진료;관계/윤리,https://i.ytimg.com/vi/2FDhF-vMQDU/hqdefault.jpg?sqp=-oaymwEcCNACELwBSFXyq4qpAw4IARUAAIhCGAFwAcABBg==&rs=AOn4CLC0gXuUKk8OyPFbcWvbYz7TqmvmbA
257,i21IWzQULsw,이왜진? 수의사인생을 뒤흔든 역대급 천재 고양이들🙀,Why are these cats so genius that they changed a veterinarian's life?,https://www.youtube.com/watch?v=i21IWzQULsw,https://www.youtube.com/watch?v=i21IWzQULsw,videos,videos,video,810.0,13.5,False,,건강/진료,https://i.ytimg.com/vi/i21IWzQULsw/hqdefault.jpg?sqp=-oaymwEcCNACELwBSFXyq4qpAw4IARUAAIhCGAFwAcABBg==&rs=AOn4CLCJ-7aub4PtKsTww1XtNROhHdrJGg
258,F0M8ATOj3wI,더운 여름🥵 고양이 집사가 모르면 안 되는 내용 총 정리,Hot Summer🥵 A Complete Guide to Things Cat Butlers Need to Know,https://www.youtube.com/watch?v=F0M8ATOj3wI,https://www.youtube.com/watch?v=F0M8ATOj3wI,videos,videos,video,503.0,8.38,False,,관계/윤리,https://i.ytimg.com/vi/F0M8ATOj3wI/hqdefault.jpg?sqp=-oaymwEcCNACELwBSFXyq4qpAw4IARUAAIhCGAFwAcABBg==&rs=AOn4CLDveq9qEoYmXxQLju_OsoB1A2Jhlg
259,kGWI5uRe4N4,고양이가 화장실 앞에서 우는 진짜 이유 (feat. 수의사),고양이가 화장실 앞에서 우는 진짜 이유 (feat. 수의사),https://www.youtube.com/watch?v=kGWI5uRe4N4,https://www.youtube.com/watch?v=kGWI5uRe4N4,videos,videos,video,314.0,5.23,False,,건강/진료;생활/돌봄,https://i.ytimg.com/vi/kGWI5uRe4N4/hqdefault.jpg?sqp=-oaymwEcCNACELwBSFXyq4qpAw4IARUAAIhCGAFwAcABBg==&rs=AOn4CLC9f1NIdmvRGrNvgK3lmekYcpgusQ
260,eN7SpQyeKwE,어딘가 조금씩 이상한 고양이 모음집 ㅋㅋㅋㅋㅋㅋ,어딘가 조금씩 이상한 고양이 모음집 ㅋㅋㅋㅋㅋㅋ,https://www.youtube.com/watch?v=eN7SpQyeKwE,https://www.youtube.com/watch?v=eN7SpQyeKwE,videos,videos,video,870.0,14.5,False,,기타/엔터테인먼트,https://i.ytimg.com/vi/eN7SpQyeKwE/hqdefault.jpg?sqp=-oaymwEcCNACELwBSFXyq4qpAw4IARUAAIhCGAFwAcABBg==&rs=AOn4CLA_hoGM6UK8rYEIYQY_HUWz7PJ6Mw
261,lGHzZKAwYwY,손에 물 안 묻히고 10분 만에 화장실 모래 청소하는 비법,The secret to cleaning toilet sand in 10 minutes without getting your hands wet,https://www.youtube.com/watch?v=lGHzZKAwYwY,https://www.youtube.com/watch?v=lGHzZKAwYwY,videos,videos,video,375.0,6.25,False,,생활/돌봄,https://i.ytimg.com/vi/lGHzZKAwYwY/hqdefault.jpg?sqp=-oaymwEcCNACELwBSFXyq4qpAw4IARUAAIhCGAFwAcABBg==&rs=AOn4CLBsPP848AFzEqKXJ65gSSlQsjcJMg
262,V_RqEOPEUIE,고양이는 배 속의 아기를 느끼고 임신했다는 사실을 알까?,고양이는 배 속의 아기를 느끼고 임신했다는 사실을 알까?,https://www.youtube.com/watch?v=V_RqEOPEUIE,https://www.youtube.com/watch?v=V_RqEOPEUIE,videos,videos,video,809.0,13.48,False,,관계/윤리,https://i.ytimg.com/vi/V_RqEOPEUIE/hqdefault.jpg?sqp=-oaymwEcCNACELwBSFXyq4qpAw4IARUAAIhCGAFwAcABBg==&rs=AOn4CLBlz6OKUythsScGYuojzBfiPKgUow
263,4OHMY5hDuRM,도대체 화장실 벽은 왜 긁는거야? 알고 싶은 고양이 마음😔,Why on earth do cats scratch bathroom walls? A cat wants to know😔,https://www.youtube.com/watch?v=4OHMY5hDuRM,https://www.youtube.com/watch?v=4OHMY5hDuRM,videos,videos,video,874.0,14.57,False,,생활/돌봄,https://i.ytimg.com/vi/4OHMY5hDuRM/hqdefault.jpg?sqp=-oaymwEcCNACELwBSFXyq4qpAw4IARUAAIhCGAFwAcABBg==&rs=AOn4CLD7R-0rAxk-jtD9YJmn64ykOJlKBQ
264,BsdfUZK-Loo,애교쟁이 호섭처남이 침대 밑에서 안 나오게 된 사연은? 미야옹철의 솔루션 출동!,What's the story behind the charming Ho-seop-cheo-nam who can't seem to get out from under the be...,https://www.youtube.com/watch?v=BsdfUZK-Loo,https://www.youtube.com/watch?v=BsdfUZK-Loo,videos,videos,video,486.0,8.1,False,,서사/상담,https://i.ytimg.com/vi/BsdfUZK-Loo/hqdefault.jpg?sqp=-oaymwEcCNACELwBSFXyq4qpAw4IARUAAIhCGAFwAcABBg==&rs=AOn4CLB_cGqVxq926bK_SHDxMc7eVh5G0A
265,WOQzrOuJm_A,고양이에게 미움받는 사람 특징,고양이에게 미움받는 사람 특징,https://www.youtube.com/watch?v=WOQzrOuJm_A,https://www.youtube.com/watch?v=WOQzrOuJm_A,videos,videos,video,232.0,3.87,False,,기타/엔터테인먼트,https://i.ytimg.com/vi/WOQzrOuJm_A/hqdefault.jpg?sqp=-oaymwEcCNACELwBSFXyq4qpAw4IARUAAIhCGAFwAcABBg==&rs=AOn4CLCH_CUwlG0b03b_0un1EjX233cr_g
266,MfWwvcA9H-A,수의사가 리뷰하는 장화신은 고양이: 끝내주는 모험! 😼(feat. 거머리 치료법 검증),수의사가 리뷰하는 장화신은 고양이: 끝내주는 모험! 😼(feat. 거머리 치료법 검증),https://www.youtube.com/watch?v=MfWwvcA9H-A,https://www.youtube.com/watch?v=MfWwvcA9H-A,videos,videos,video,635.0,10.58,False,,건강/진료,https://i.ytimg.com/vi/MfWwvcA9H-A/hqdefault.jpg?sqp=-oaymwEcCNACELwBSFXyq4qpAw4IARUAAIhCGAFwAcABBg==&rs=AOn4CLAuc4opqOM99o7AdmnV7MRfSx6-sA
267,Da8YVWzZIK8,고양이를 왜 기르냐구요? 😼,Why do you keep a cat? 😼,https://www.youtube.com/watch?v=Da8YVWzZIK8,https://www.youtube.com/watch?v=Da8YVWzZIK8,videos,videos,video,751.0,12.52,False,,기타/엔터테인먼트,https://i.ytimg.com/vi/Da8YVWzZIK8/hqdefault.jpg?sqp=-oaymwEcCNACELwBSFXyq4qpAw4IARUAAIhCGAFwAcABBg==&rs=AOn4CLCpLz5kjM2Ugcm6Q0e_9ylAHb-0kw
268,0uRCW3tIm8c,시원하고 행복한 여름 보내야지~🍉여름철 고양이가 잘 걸리는 질병 4가지와 예방법!,시원하고 행복한 여름 보내야지~🍉여름철 고양이가 잘 걸리는 질병 4가지와 예방법!,https://www.youtube.com/watch?v=0uRCW3tIm8c,https://www.youtube.com/watch?v=0uRCW3tIm8c,videos,videos,video,549.0,9.15,False,,건강/진료,https://i.ytimg.com/vi/0uRCW3tIm8c/hqdefault.jpg?sqp=-oaymwEcCNACELwBSFXyq4qpAw4IARUAAIhCGAFwAcABBg==&rs=AOn4CLDoeEcVXfTIqb2pz78BS9kV1qrlFg
269,olaimpqWS6s,고양이 이물섭취시 생사를 가르는 보호자의 행동 4가지!,4 actions a guardian should take when their cat ingests a foreign object that could mean the diff...,https://www.youtube.com/watch?v=olaimpqWS6s,https://www.youtube.com/watch?v=olaimpqWS6s,videos,videos,video,610.0,10.17,False,,관계/윤리;행동/감정,https://i.ytimg.com/vi/olaimpqWS6s/hqdefault.jpg?sqp=-oaymwEcCNACELwBSFXyq4qpAw4IARUAAIhCGAFwAcABBg==&rs=AOn4CLCUMR-_KQuuJ9PpOkefeUJZT3UVoQ
270,plwIBk50hbU,우울할 때 보는 초초초특급 개냥이💘,우울할 때 보는 초초초특급 개냥이💘,https://www.youtube.com/watch?v=plwIBk50hbU,https://www.youtube.com/watch?v=plwIBk50hbU,videos,videos,video,710.0,11.83,False,,기타/엔터테인먼트,https://i.ytimg.com/vi/plwIBk50hbU/hqdefault.jpg?sqp=-oaymwEcCNACELwBSFXyq4qpAw4IARUAAIhCGAFwAcABBg==&rs=AOn4CLDZYQVBwM0L7834XSW6Pr2-F3g1xA
271,NCkpqPSRzfQ,이렇게 적나라해도 될까..❓ 동물병원 진료실 뒷편에서 벌어지는 전과정 최초 공개합니다,이렇게 적나라해도 될까..❓ 동물병원 진료실 뒷편에서 벌어지는 전과정 최초 공개합니다,https://www.youtube.com/watch?v=NCkpqPSRzfQ,https://www.youtube.com/watch?v=NCkpqPSRzfQ,videos,videos,video,792.0,13.2,False,,건강/진료,https://i.ytimg.com/vi/NCkpqPSRzfQ/hqdefault.jpg?sqp=-oaymwEcCNACELwBSFXyq4qpAw4IARUAAIhCGAFwAcABBg==&rs=AOn4CLApGhHajc8GgAQKMA4lSkPkcswvlA
272,yGGiHYJjjAc,이 중에 당신의 묘연이 있을지도 몰라요 입양을 기다리는 천사냥이들을 소개합니다! (feat.모래기부),이 중에 당신의 묘연이 있을지도 몰라요 입양을 기다리는 천사냥이들을 소개합니다! (feat.모래기부),https://www.youtube.com/watch?v=yGGiHYJjjAc,https://www.youtube.com/watch?v=yGGiHYJjjAc,videos,videos,video,526.0,8.77,False,,생활/돌봄;관계/윤리,https://i.ytimg.com/vi/yGGiHYJjjAc/hqdefault.jpg?sqp=-oaymwEcCNACELwBSFXyq4qpAw4IARUAAIhCGAFwAcABBg==&rs=AOn4CLDNO6uela1h1PjMgXG7unal6R5KnA
273,gHSHS_4mAPw,가자 새집으로,가자 새집으로,https://www.youtube.com/watch?v=gHSHS_4mAPw,https://www.youtube.com/watch?v=gHSHS_4mAPw,videos,videos,video,490.0,8.17,False,,기타/엔터테인먼트,https://i.ytimg.com/vi/gHSHS_4mAPw/hqdefault.jpg?sqp=-oaymwEcCNACELwBSFXyq4qpAw4IARUAAIhCGAFwAcABBg==&rs=AOn4CLBqx3yVGFs22MoWcXZuTKGZXz_JHw
274,mgt-Jd-_Xns,sub) 남매인가? 웬수인가? 세상 모든 다묘가정에게 바치는 달콤살벌 뚜리뚜바 통역!,"Siblings? or worst enemy? A tribute to all multiple cat owners, Dduri and Dduba's love and hate!",https://www.youtube.com/watch?v=mgt-Jd-_Xns,https://www.youtube.com/watch?v=mgt-Jd-_Xns,videos,videos,video,897.0,14.95,False,,관계/윤리,https://i.ytimg.com/vi/mgt-Jd-_Xns/hqdefault.jpg?sqp=-oaymwEcCNACELwBSFXyq4qpAw4IARUAAIhCGAFwAcABBg==&rs=AOn4CLBnFr70L22sG2yCHed2eqvOL47dCQ
275,Lx8x9-1HIeQ,"수의사냐고요? 면발불리기 아티스트예요 고소공포증 있는 고양이, 창문에 비둘기 부르는 집사썰!","Are you a vet? I'm a cotton-wool artist. A cat with a fear of heights, a story about a butler who...",https://www.youtube.com/watch?v=Lx8x9-1HIeQ,https://www.youtube.com/watch?v=Lx8x9-1HIeQ,videos,videos,video,723.0,12.05,False,,건강/진료;관계/윤리,https://i.ytimg.com/vi/Lx8x9-1HIeQ/hqdefault.jpg?sqp=-oaymwEcCNACELwBSFXyq4qpAw4IARUAAIhCGAFwAcABBg==&rs=AOn4CLBIjCDsoA9PWLcmjc48cAVPElySzg
276,Bfz5fbd6Bb8,수의사가 군대를 가면 일어나는 충격적인 일😱,수의사가 군대를 가면 일어나는 충격적인 일😱,https://www.youtube.com/watch?v=Bfz5fbd6Bb8,https://www.youtube.com/watch?v=Bfz5fbd6Bb8,videos,videos,video,464.0,7.73,False,,건강/진료,https://i.ytimg.com/vi/Bfz5fbd6Bb8/hqdefault.jpg?sqp=-oaymwEcCNACELwBSFXyq4qpAw4IARUAAIhCGAFwAcABBg==&rs=AOn4CLAZJmAEz_JJoQyCPUI-CBNUnuQgrg
277,EoPbSBBorEA,이게 바로 집사 널 사랑한다는 뜻이야! 아직도 모르겠니? 내 마음을🫶,"This is what it means to love you, Butler! Don't you get it yet? My heart🫶",https://www.youtube.com/watch?v=EoPbSBBorEA,https://www.youtube.com/watch?v=EoPbSBBorEA,videos,videos,video,819.0,13.65,False,,관계/윤리,https://i.ytimg.com/vi/EoPbSBBorEA/hqdefault.jpg?sqp=-oaymwEcCNACELwBSFXyq4qpAw4IARUAAIhCGAFwAcABBg==&rs=AOn4CLBqqD-a8SVm8SzedZuaadi8dl4eKw
278,EPSLovZu1qw,합사해버렸습니다 과연 사모님 애기씨의 반응은?,I've merged them. What will your wife's reaction be?,https://www.youtube.com/watch?v=EPSLovZu1qw,https://www.youtube.com/watch?v=EPSLovZu1qw,videos,videos,video,311.0,5.18,False,,관계/윤리,https://i.ytimg.com/vi/EPSLovZu1qw/hqdefault.jpg?sqp=-oaymwEcCNACELwBSFXyq4qpAw4IARUAAIhCGAFwAcABBg==&rs=AOn4CLANXVvf9XUybGIxzHsY_Nb2_46xtQ
279,w-Tq5AIfGlQ,철벽 치는 고양이와 친해지는 유일한 방법 (feat. 수의사),The Only Way to Befriend a Cat Who's Stubborn (feat. A Vet),https://www.youtube.com/watch?v=w-Tq5AIfGlQ,https://www.youtube.com/watch?v=w-Tq5AIfGlQ,videos,videos,video,711.0,11.85,False,,건강/진료,https://i.ytimg.com/vi/w-Tq5AIfGlQ/hqdefault.jpg?sqp=-oaymwEcCNACELwBSFXyq4qpAw4IARUAAIhCGAFwAcABBg==&rs=AOn4CLBCHu6O0cT0Eqepiw-yKlEXLvlGuw
280,Tl2oC13DgK8,놀랍습니다! 돌덩이가 고양이 모래로 변하는 과정! 국내최초 블랜딩 모래 제작공정 full공개 🪨🔨(feat.갈취왕 미야옹철),놀랍습니다! 돌덩이가 고양이 모래로 변하는 과정! 국내최초 블랜딩 모래 제작공정 full공개 🪨🔨(feat.갈취왕 미야옹철),https://www.youtube.com/watch?v=Tl2oC13DgK8,https://www.youtube.com/watch?v=Tl2oC13DgK8,videos,videos,video,557.0,9.28,False,,생활/돌봄,https://i.ytimg.com/vi/Tl2oC13DgK8/hqdefault.jpg?sqp=-oaymwEcCNACELwBSFXyq4qpAw4IARUAAIhCGAFwAcABBg==&rs=AOn4CLDgn4WlwliJ9OCwTWpCEFCI6YxUPg
281,6hubGrQ48f4,고양이 키우면 이거 필수! 몰랐던 시절로 돌아갈 수 없는 집사 인생템을 소개합니다💎,"If you own a cat, this is a must-have! Introducing the essential cat care items you'll never forget💎",https://www.youtube.com/watch?v=6hubGrQ48f4,https://www.youtube.com/watch?v=6hubGrQ48f4,videos,videos,video,481.0,8.02,False,,관계/윤리,https://i.ytimg.com/vi/6hubGrQ48f4/hqdefault.jpg?sqp=-oaymwEcCNACELwBSFXyq4qpAw4IARUAAIhCGAFwAcABBg==&rs=AOn4CLAtwOuhNKgCilEaunWbFKqosakn2A
282,80KXkYBn5V4,좀 쳐진 우리집 고양이.. 이래도 괜찮은걸까요? 🥺,My cat is a bit tired. Is this okay? 🥺,https://www.youtube.com/watch?v=80KXkYBn5V4,https://www.youtube.com/watch?v=80KXkYBn5V4,videos,videos,video,880.0,14.67,False,,기타/엔터테인먼트,https://i.ytimg.com/vi/80KXkYBn5V4/hqdefault.jpg?sqp=-oaymwEcCNACELwBSFXyq4qpAw4IARUAAIhCGAFwAcABBg==&rs=AOn4CLD6obO7Lxch4-3M_34kiY7pVT-W0g
283,JuBfBWSruCU,고양이 두고 외박할 땐 어떻게 해요? 수의사가 직접 보여드립니다,What should I do when leaving my cat overnight? A vet will show you.,https://www.youtube.com/watch?v=JuBfBWSruCU,https://www.youtube.com/watch?v=JuBfBWSruCU,videos,videos,video,385.0,6.42,False,,건강/진료,https://i.ytimg.com/vi/JuBfBWSruCU/hqdefault.jpg?sqp=-oaymwEcCNACELwBSFXyq4qpAw4IARUAAIhCGAFwAcABBg==&rs=AOn4CLDPTWmJepdHqNZRdCZSWYqjvt6kfg
284,CcsOW6UXDdM,sub) 눈나! 전화 좀 받아바! 한국말하는 고양이 호섭이 통역,"Nuna! Answer My call! Korean Speaking Cat Hoseop, Translation",https://www.youtube.com/watch?v=CcsOW6UXDdM,https://www.youtube.com/watch?v=CcsOW6UXDdM,videos,videos,video,806.0,13.43,False,,행동/감정,https://i.ytimg.com/vi/CcsOW6UXDdM/hqdefault.jpg?sqp=-oaymwEcCNACELwBSFXyq4qpAw4IARUAAIhCGAFwAcABBg==&rs=AOn4CLCTSARscaQAkjzR60m40Rl4_bKN6g
285,rI3f8uh4iak,고양이 집사들이 나도 모르게 하고 있는 실수 12가지!!,12 Mistakes Cat Owners Are Making Without Realizing It!!,https://www.youtube.com/watch?v=rI3f8uh4iak,https://www.youtube.com/watch?v=rI3f8uh4iak,videos,videos,video,905.0,15.08,False,,관계/윤리,https://i.ytimg.com/vi/rI3f8uh4iak/hqdefault.jpg?sqp=-oaymwEcCNACELwBSFXyq4qpAw4IARUAAIhCGAFwAcABBg==&rs=AOn4CLAgHLqC0qqPxCqYpUfdbYTcgh8R-Q
286,Os1NR_RolsU,멀쩡하던 고양이가 갑자기! 김명철 수의사가 겪은 고양이 급사의 순간들..,A perfectly healthy cat suddenly died! The moments of cat sudden death experienced by veterinaria...,https://www.youtube.com/watch?v=Os1NR_RolsU,https://www.youtube.com/watch?v=Os1NR_RolsU,videos,videos,video,848.0,14.13,False,,건강/진료,https://i.ytimg.com/vi/Os1NR_RolsU/hqdefault.jpg?sqp=-oaymwEcCNACELwBSFXyq4qpAw4IARUAAIhCGAFwAcABBg==&rs=AOn4CLBF5pzzNItLBmM26fZAUyGX7LOwng
287,nIN29SLfC6I,고양이가 꾹꾹이 하는데 🌶가…괜찮나요?,고양이가 꾹꾹이 하는데 🌶가…괜찮나요?,https://www.youtube.com/watch?v=nIN29SLfC6I,https://www.youtube.com/watch?v=nIN29SLfC6I,videos,videos,video,730.0,12.17,False,,행동/감정,https://i.ytimg.com/vi/nIN29SLfC6I/hqdefault.jpg?sqp=-oaymwEcCNACELwBSFXyq4qpAw4IARUAAIhCGAFwAcABBg==&rs=AOn4CLDNE9BvHQ8wz17w2_IJWwaYzarVyQ
288,4CrwU09iu6w,셀프로 정수기 눌러서 물먹는 고양이 어떤데..,What about a cat that drinks water by pressing the water purifier button on its own?,https://www.youtube.com/watch?v=4CrwU09iu6w,https://www.youtube.com/watch?v=4CrwU09iu6w,videos,videos,video,810.0,13.5,False,,기타/엔터테인먼트,https://i.ytimg.com/vi/4CrwU09iu6w/hqdefault.jpg?sqp=-oaymwEcCNACELwBSFXyq4qpAw4IARUAAIhCGAFwAcABBg==&rs=AOn4CLAdNNtlMxG-PIEHVzvQa-b1FDACxw
289,6yCJiYF1-Yk,고양이 프로그램 경력 n년이면 집사왕인가요? 응 아니죠~ 미야옹철의 고부해 피디집 긴급 현장점검,"Does n years of experience in cat programming make you a butler? No, no~ Meow-chul's urgent on-si...",https://www.youtube.com/watch?v=6yCJiYF1-Yk,https://www.youtube.com/watch?v=6yCJiYF1-Yk,videos,videos,video,794.0,13.23,False,,관계/윤리,https://i.ytimg.com/vi/6yCJiYF1-Yk/hqdefault.jpg?sqp=-oaymwEcCNACELwBSFXyq4qpAw4IARUAAIhCGAFwAcABBg==&rs=AOn4CLD_xz6rbJ8ARkXzTX0XZm_u0slpIw
290,SEwqi35qUuE,대한민국 보호자가 파양을 결심하는 5가지 이유.. 반려동물 파양에 대한 이야기,대한민국 보호자가 파양을 결심하는 5가지 이유.. 반려동물 파양에 대한 이야기,https://www.youtube.com/watch?v=SEwqi35qUuE,https://www.youtube.com/watch?v=SEwqi35qUuE,videos,videos,video,673.0,11.22,False,,관계/윤리,https://i.ytimg.com/vi/SEwqi35qUuE/hqdefault.jpg?sqp=-oaymwEcCNACELwBSFXyq4qpAw4IARUAAIhCGAFwAcABBg==&rs=AOn4CLDpHhkLUBCSX9SjPdLBEV-DxuldNw
291,ZEGLcPVhbe8,초면에 내 무릎을 차지한 고양이의 속마음은?,초면에 내 무릎을 차지한 고양이의 속마음은?,https://www.youtube.com/watch?v=ZEGLcPVhbe8,https://www.youtube.com/watch?v=ZEGLcPVhbe8,videos,videos,video,853.0,14.22,False,,기타/엔터테인먼트,https://i.ytimg.com/vi/ZEGLcPVhbe8/hqdefault.jpg?sqp=-oaymwEcCNACELwBSFXyq4qpAw4IARUAAIhCGAFwAcABBg==&rs=AOn4CLB-dZ2j6M7GkaPwvaUWe-GBsdHhvw
292,LkgJbpJfRE8,고양이가 물을 안먹는다구요? 그럼 이 영상을 보셔야합니다🚰🐱,Your cat won't drink water? Then you need to watch this video🚰🐱,https://www.youtube.com/watch?v=LkgJbpJfRE8,https://www.youtube.com/watch?v=LkgJbpJfRE8,videos,videos,video,501.0,8.35,False,,기타/엔터테인먼트,https://i.ytimg.com/vi/LkgJbpJfRE8/hqdefault.jpg?sqp=-oaymwEcCNACELwBSFXyq4qpAw4IARUAAIhCGAFwAcABBg==&rs=AOn4CLC-rtQncJpkqD_Brnjj9y3B9aBfFg
293,VPIGq6S2qQw,sub) 모두가 몰랐던 ‘스즈메의 문단속’고양이 다이진의 속마음과 설정! 제목부터 잘못되었다고..?! 🫢(feat.수의사 미야옹철),The Hidden Intentions of the Cat Daijin from 'Suzume' that No One Knew!,https://www.youtube.com/watch?v=VPIGq6S2qQw,https://www.youtube.com/watch?v=VPIGq6S2qQw,videos,videos,video,614.0,10.23,False,,건강/진료,https://i.ytimg.com/vi/VPIGq6S2qQw/hqdefault.jpg?sqp=-oaymwEcCNACELwBSFXyq4qpAw4IARUAAIhCGAFwAcABBg==&rs=AOn4CLC9KTRVGb6yfDaMS7LwDPB8MR3WhQ
294,Vf6zdxeyT4k,고양이들이 서로 싸운다면 ‘이것’ 때문입니다! 고양이 싸움 해결,고양이들이 서로 싸운다면 ‘이것’ 때문입니다! 고양이 싸움 해결,https://www.youtube.com/watch?v=Vf6zdxeyT4k,https://www.youtube.com/watch?v=Vf6zdxeyT4k,videos,videos,video,666.0,11.1,False,,행동/감정,https://i.ytimg.com/vi/Vf6zdxeyT4k/hqdefault.jpg?sqp=-oaymwEcCNACELwBSFXyq4qpAw4IARUAAIhCGAFwAcABBg==&rs=AOn4CLDxGYtf9HoBv0gtueFuBEd1rnN4Tw
295,Ytk-jS_Cg6k,고양이가 온몸으로 표현하는 '나 아파요'의 신호😿,A cat's whole body signal of 'I'm sick'😿,https://www.youtube.com/watch?v=Ytk-jS_Cg6k,https://www.youtube.com/watch?v=Ytk-jS_Cg6k,videos,videos,video,882.0,14.7,False,,기타/엔터테인먼트,https://i.ytimg.com/vi/Ytk-jS_Cg6k/hqdefault.jpg?sqp=-oaymwEcCNACELwBSFXyq4qpAw4IARUAAIhCGAFwAcABBg==&rs=AOn4CLAhoSEPcMF2yX6dKJ8X10_0WpdeeA
296,yNLd8iIM9NA,내돈내산 미야옹철수의사의 난이도별 먹이퍼즐 추천템 5가지🧩,"5 recommended food puzzles by Dr. Meow Cheol-su, made with my own money and at different levels o...",https://www.youtube.com/watch?v=yNLd8iIM9NA,https://www.youtube.com/watch?v=yNLd8iIM9NA,videos,videos,video,646.0,10.77,False,,건강/진료,https://i.ytimg.com/vi/yNLd8iIM9NA/hqdefault.jpg?sqp=-oaymwEcCNACELwBSFXyq4qpAw4IARUAAIhCGAFwAcABBg==&rs=AOn4CLClp9QP_mYG9rHyjEGABSC4q6uv2g
297,IeT0G-dHqdg,보호자가 신상을 좋아하면 고양이도 신상 집착묘가 된다고?🐱💍👑,"If the owner likes the statue, the cat will also become obsessed with the statue?🐱💍👑",https://www.youtube.com/watch?v=IeT0G-dHqdg,https://www.youtube.com/watch?v=IeT0G-dHqdg,videos,videos,video,789.0,13.15,False,,관계/윤리,https://i.ytimg.com/vi/IeT0G-dHqdg/hqdefault.jpg?sqp=-oaymwEcCNACELwBSFXyq4qpAw4IARUAAIhCGAFwAcABBg==&rs=AOn4CLDwN0Nrmqy56Fmfo5g43q_QR-pW8g
298,Nextk2RKA_4,sub) 물속으로 뛰어든 황당한 고양이 사건의 전말🌊막무가네 무지의 마음을 들어봅니다,The whole story behind the cat who jumped into water🌊 Let's look into the thoughts of reckless Muji,https://www.youtube.com/watch?v=Nextk2RKA_4,https://www.youtube.com/watch?v=Nextk2RKA_4,videos,videos,video,737.0,12.28,False,,기타/엔터테인먼트,https://i.ytimg.com/vi/Nextk2RKA_4/hqdefault.jpg?sqp=-oaymwEcCNACELwBSFXyq4qpAw4IARUAAIhCGAFwAcABBg==&rs=AOn4CLBRnnXDZHzUMy-rVJ8j-1gOniOyMg
299,rGYuX8g-L20,동네 일짱 먹던 고양이를 냥줍했습니다,I picked up a cat that was eating the neighborhood bully.,https://www.youtube.com/watch?v=rGYuX8g-L20,https://www.youtube.com/watch?v=rGYuX8g-L20,videos,videos,video,787.0,13.12,False,,기타/엔터테인먼트,https://i.ytimg.com/vi/rGYuX8g-L20/hqdefault.jpg?sqp=-oaymwEcCNACELwBSFXyq4qpAw4IARUAAIhCGAFwAcABBg==&rs=AOn4CLCQ8lIo8x3o6wP0PB0cciq2PYVDaQ
300,m5aPS8SmNBw,집나간 고양이 찾는 응급지침🚨고양이 가출 필수시청!,Emergency instructions for finding a runaway cat🚨Must-watch for runaway cats!,https://www.youtube.com/watch?v=m5aPS8SmNBw,https://www.youtube.com/watch?v=m5aPS8SmNBw,videos,videos,video,820.0,13.67,False,,기타/엔터테인먼트,https://i.ytimg.com/vi/m5aPS8SmNBw/hqdefault.jpg?sqp=-oaymwEcCNACELwBSFXyq4qpAw4IARUAAIhCGAFwAcABBg==&rs=AOn4CLDHgD0dd-cM_ikS3SZWcqLVHeuThQ
301,TbMrJkmBy70,"[v-log] 봄날, 고양이와 책, 빵지순례, 산책길, 완벽했던 미야옹철의 원픽 동네는?!","[v-log] 봄날, 고양이와 책, 빵지순례, 산책길, 완벽했던 미야옹철의 원픽 동네는?!",https://www.youtube.com/watch?v=TbMrJkmBy70,https://www.youtube.com/watch?v=TbMrJkmBy70,videos,videos,video,519.0,8.65,False,,기타/엔터테인먼트,https://i.ytimg.com/vi/TbMrJkmBy70/hqdefault.jpg?sqp=-oaymwEcCNACELwBSFXyq4qpAw4IARUAAIhCGAFwAcABBg==&rs=AOn4CLDPsf1uDcSdSLkvbwURz_DHb5VftQ
302,i2LD7RqgLj0,장인어른 이 정도면 돈내셔야 하는 거 아닌지요..?궁금증 다 털고 가셨습니다(난센스퀴즈有),"Master, shouldn't you be paying for this? All my questions have been answered (nonsense quiz incl...",https://www.youtube.com/watch?v=i2LD7RqgLj0,https://www.youtube.com/watch?v=i2LD7RqgLj0,videos,videos,video,500.0,8.33,False,,품종/지식,https://i.ytimg.com/vi/i2LD7RqgLj0/hqdefault.jpg?sqp=-oaymwEcCNACELwBSFXyq4qpAw4IARUAAIhCGAFwAcABBg==&rs=AOn4CLCfP4gJQSdeKQHdrx9TrX1PD_jPIw
303,pSYr3PEhnY8,난생처음 고양이를 만나본 아이의 반응은? 👧🏻🐱,난생처음 고양이를 만나본 아이의 반응은? 👧🏻🐱,https://www.youtube.com/watch?v=pSYr3PEhnY8,https://www.youtube.com/watch?v=pSYr3PEhnY8,videos,videos,video,389.0,6.48,False,,기타/엔터테인먼트,https://i.ytimg.com/vi/pSYr3PEhnY8/hqdefault.jpg?sqp=-oaymwEcCNACELwBSFXyq4qpAw4IARUAAIhCGAFwAcABBg==&rs=AOn4CLAupX2g_1s5dC1ZqxpmiRJ6cuSrgQ
304,czh1dOSUEuI,자동급식기 패는 고양이! 아 이런 사연이 😭,"A cat that beats an automatic feeder! Oh, this is the story 😭",https://www.youtube.com/watch?v=czh1dOSUEuI,https://www.youtube.com/watch?v=czh1dOSUEuI,videos,videos,video,802.0,13.37,False,,서사/상담,https://i.ytimg.com/vi/czh1dOSUEuI/hqdefault.jpg?sqp=-oaymwEcCNACELwBSFXyq4qpAw4IARUAAIhCGAFwAcABBg==&rs=AOn4CLC12O0B7nGHbAblALS_DMXvV0XLjw
305,btS_B-x6R9g,고양이는 게맛을 알까?,고양이는 게맛을 알까?,https://www.youtube.com/watch?v=btS_B-x6R9g,https://www.youtube.com/watch?v=btS_B-x6R9g,videos,videos,video,550.0,9.17,False,,기타/엔터테인먼트,https://i.ytimg.com/vi/btS_B-x6R9g/hqdefault.jpg?sqp=-oaymwEcCNACELwBSFXyq4qpAw4IARUAAIhCGAFwAcABBg==&rs=AOn4CLDmKhRh0q-odsBK0fhWAKUn3jeKJA
306,BSta0cu9uhQ,내게서 나는 낯선 고양이의 냄새를 우리집 고양이는 알아차릴까?,내게서 나는 낯선 고양이의 냄새를 우리집 고양이는 알아차릴까?,https://www.youtube.com/watch?v=BSta0cu9uhQ,https://www.youtube.com/watch?v=BSta0cu9uhQ,videos,videos,video,763.0,12.72,False,,기타/엔터테인먼트,https://i.ytimg.com/vi/BSta0cu9uhQ/hqdefault.jpg?sqp=-oaymwEcCNACELwBSFXyq4qpAw4IARUAAIhCGAFwAcABBg==&rs=AOn4CLBPcA_rVHHJPcotyvHP-CudS3fYzw
307,tr2iM4OFaNw,내가 유퀴즈를 안나간 이유...미야옹철 눈물의 기자회견(아님) 신변잡기 Q&A 3탄!,내가 유퀴즈를 안나간 이유...미야옹철 눈물의 기자회견(아님) 신변잡기 Q&A 3탄!,https://www.youtube.com/watch?v=tr2iM4OFaNw,https://www.youtube.com/watch?v=tr2iM4OFaNw,videos,videos,video,935.0,15.58,False,,서사/상담;행동/감정,https://i.ytimg.com/vi/tr2iM4OFaNw/hqdefault.jpg?sqp=-oaymwEcCNACELwBSFXyq4qpAw4IARUAAIhCGAFwAcABBg==&rs=AOn4CLAzFX-vZb4pqRYZCzAR12scrb2_6Q
308,PSepFVEiRDU,이런 구강구조는 난생처음 봅니다 어메이징한 고양이 모리스에 대한 요모조모 전격분석!,이런 구강구조는 난생처음 봅니다 어메이징한 고양이 모리스에 대한 요모조모 전격분석!,https://www.youtube.com/watch?v=PSepFVEiRDU,https://www.youtube.com/watch?v=PSepFVEiRDU,videos,videos,video,662.0,11.03,False,,관계/윤리,https://i.ytimg.com/vi/PSepFVEiRDU/hqdefault.jpg?sqp=-oaymwEcCNACELwBSFXyq4qpAw4IARUAAIhCGAFwAcABBg==&rs=AOn4CLD1Icu19hk63fGD1ulTzQufGu1_mg
309,l1fHDQjXyx0,고양이 때문에 망한 나라가 있다? 수의사가 알려주는 대환장 핏빛찬란 고양이의 역사,고양이 때문에 망한 나라가 있다? 수의사가 알려주는 대환장 핏빛찬란 고양이의 역사,https://www.youtube.com/watch?v=l1fHDQjXyx0,https://www.youtube.com/watch?v=l1fHDQjXyx0,videos,videos,video,717.0,11.95,False,,건강/진료,https://i.ytimg.com/vi/l1fHDQjXyx0/hqdefault.jpg?sqp=-oaymwEcCNACELwBSFXyq4qpAw4IARUAAIhCGAFwAcABBg==&rs=AOn4CLBtvcKptOLNmxMJ52sQW9GJ_oxVug
310,tWYgMpVkQWY,고양이판 슬램덩크🏀강백호 서태웅 송태섭은 누굴까?가상캐스팅 해보기(약스포),고양이판 슬램덩크🏀강백호 서태웅 송태섭은 누굴까?가상캐스팅 해보기(약스포),https://www.youtube.com/watch?v=tWYgMpVkQWY,https://www.youtube.com/watch?v=tWYgMpVkQWY,videos,videos,video,630.0,10.5,False,,기타/엔터테인먼트,https://i.ytimg.com/vi/tWYgMpVkQWY/hqdefault.jpg?sqp=-oaymwEcCNACELwBSFXyq4qpAw4IARUAAIhCGAFwAcABBg==&rs=AOn4CLDcqi8HhNxoGcJNDitEvrfJWL-9Cw
311,TFgbjAxU_4w,(나이는 꺾여도) 중요한건 꺾이지 않는 마음이니까✌️고양이 나이대별 관리의 모든 것!,(나이는 꺾여도) 중요한건 꺾이지 않는 마음이니까✌️고양이 나이대별 관리의 모든 것!,https://www.youtube.com/watch?v=TFgbjAxU_4w,https://www.youtube.com/watch?v=TFgbjAxU_4w,videos,videos,video,797.0,13.28,False,,기타/엔터테인먼트,https://i.ytimg.com/vi/TFgbjAxU_4w/hqdefault.jpg?sqp=-oaymwEcCNACELwBSFXyq4qpAw4IARUAAIhCGAFwAcABBg==&rs=AOn4CLD4DOCoCuT2CRvRBhV3iqV556XhKw
312,acMcTMou1xM,"어디가서 말하기 남부끄러운 고양이의 은밀한 취미생활,,👃🏻👃🏻👃🏻","Where can I go to talk about the secret hobby of a shy cat,,👃🏻👃🏻👃🏻",https://www.youtube.com/watch?v=acMcTMou1xM,https://www.youtube.com/watch?v=acMcTMou1xM,videos,videos,video,712.0,11.87,False,,기타/엔터테인먼트,https://i.ytimg.com/vi/acMcTMou1xM/hqdefault.jpg?sqp=-oaymwEcCNACELwBSFXyq4qpAw4IARUAAIhCGAFwAcABBg==&rs=AOn4CLBqqSmoGKDeKdJzGuHuxZWMPHzkEQ
313,6Gp4Z_BX5sU,장화신은 고양이 사실은 유기묘..?🥺고양이 전문 수의사의 솔직 리뷰! (스포주의),Puss in Boots is actually an abandoned cat...? 🥺 An honest review from a cat specialist veterinar...,https://www.youtube.com/watch?v=6Gp4Z_BX5sU,https://www.youtube.com/watch?v=6Gp4Z_BX5sU,videos,videos,video,660.0,11.0,False,,건강/진료;관계/윤리,https://i.ytimg.com/vi/6Gp4Z_BX5sU/hqdefault.jpg?sqp=-oaymwEcCNACELwBSFXyq4qpAw4IARUAAIhCGAFwAcABBg==&rs=AOn4CLAE80swHb0iYcRKI0oE3q46A_rLwA
314,NohhG-ObaYs,sub) 현실에선 동물병원 원장인 내가 이세계에선 인턴..? 15년차 수의사가 직접 해보는 닌텐도 동물병원 게임👾🎮,I'm an intern in this world when I'm the actual animal hospital director..? Nintendo animal hospital,https://www.youtube.com/watch?v=NohhG-ObaYs,https://www.youtube.com/watch?v=NohhG-ObaYs,videos,videos,video,759.0,12.65,False,,건강/진료,https://i.ytimg.com/vi/NohhG-ObaYs/hqdefault.jpg?sqp=-oaymwEcCNACELwBSFXyq4qpAw4IARUAAIhCGAFwAcABBg==&rs=AOn4CLCp7k9mii2rhTYsb-Cc2T0VmyCgvg
315,pH-_VrM2q4Y,인간과 고양이가 보는 세상은 어떻게 다를까?,How do humans and cats see the world differently?,https://www.youtube.com/watch?v=pH-_VrM2q4Y,https://www.youtube.com/watch?v=pH-_VrM2q4Y,videos,videos,video,676.0,11.27,False,,기타/엔터테인먼트,https://i.ytimg.com/vi/pH-_VrM2q4Y/hqdefault.jpg?sqp=-oaymwEcCNACELwBSFXyq4qpAw4IARUAAIhCGAFwAcABBg==&rs=AOn4CLDSAKSalS0L1dX3CUVdVgUjoEbfTw
316,jEkxITsyyzk,"맛있는거 먹고 눈물샘 터져 펑펑 우는 고양이,,, 혹시 엄마가 밥 안주니?",A cat that cries loudly after eating something delicious and bursting into tears... Is it possibl...,https://www.youtube.com/watch?v=jEkxITsyyzk,https://www.youtube.com/watch?v=jEkxITsyyzk,videos,videos,video,699.0,11.65,False,,행동/감정;생활/돌봄;서사/상담,https://i.ytimg.com/vi/jEkxITsyyzk/hqdefault.jpg?sqp=-oaymwEcCNACELwBSFXyq4qpAw4IARUAAIhCGAFwAcABBg==&rs=AOn4CLCqxvsbUJlql3w7LEX_GHALEdRN6Q
317,u1Ic6tYDXM4,호섭이 아버님의 유튜브 욕심...그래서 구독자 몇명을 원하신다고요?,Ho-seop's father's YouTube ambitions... So how many subscribers does he want?,https://www.youtube.com/watch?v=u1Ic6tYDXM4,https://www.youtube.com/watch?v=u1Ic6tYDXM4,videos,videos,video,673.0,11.22,False,,기타/엔터테인먼트,https://i.ytimg.com/vi/u1Ic6tYDXM4/hqdefault.jpg?sqp=-oaymwEcCNACELwBSFXyq4qpAw4IARUAAIhCGAFwAcABBg==&rs=AOn4CLCl467OUBnhmBXYt2dS6MCCkyMLPQ
318,BLa3vMHp9C0,뿜뿜 빠지는 고양이털! 사람 신장에 위험한거 아니에요? 키우기 무서워요!,Cat hair falls out like crazy! Isn't it dangerous for human kidneys? I'm scared to raise one!,https://www.youtube.com/watch?v=BLa3vMHp9C0,https://www.youtube.com/watch?v=BLa3vMHp9C0,videos,videos,video,595.0,9.92,False,,건강/진료;관계/윤리;품종/지식,https://i.ytimg.com/vi/BLa3vMHp9C0/hqdefault.jpg?sqp=-oaymwEcCNACELwBSFXyq4qpAw4IARUAAIhCGAFwAcABBg==&rs=AOn4CLDXF_2iFEnxav4bprBk37TrSyZxRA
319,dMI7QW1dA8o,옆 집 고양이는 어디에서 데려왔을까? 흥미진진한 남의집 고양이들의 사정 2022년 고양이 어워드 완결편! 🐈🐈‍⬛,옆 집 고양이는 어디에서 데려왔을까? 흥미진진한 남의집 고양이들의 사정 2022년 고양이 어워드 완결편! 🐈🐈‍⬛,https://www.youtube.com/watch?v=dMI7QW1dA8o,https://www.youtube.com/watch?v=dMI7QW1dA8o,videos,videos,video,504.0,8.4,False,,기타/엔터테인먼트,https://i.ytimg.com/vi/dMI7QW1dA8o/hqdefault.jpg?sqp=-oaymwEcCNACELwBSFXyq4qpAw4IARUAAIhCGAFwAcABBg==&rs=AOn4CLA9HhW29QMJjxFzSYfgAC7dY8nUmA
320,cqHfTJWUF0w,가장 많은 고양이 이름 2위는 레오! 과연 대망의 1위는? 2022년 고양이 빅데이터 완벽 정리 | 미야옹서베이,가장 많은 고양이 이름 2위는 레오! 과연 대망의 1위는? 2022년 고양이 빅데이터 완벽 정리 | 미야옹서베이,https://www.youtube.com/watch?v=cqHfTJWUF0w,https://www.youtube.com/watch?v=cqHfTJWUF0w,videos,videos,video,390.0,6.5,False,,서사/상담,https://i.ytimg.com/vi/cqHfTJWUF0w/hqdefault.jpg?sqp=-oaymwEcCNACELwBSFXyq4qpAw4IARUAAIhCGAFwAcABBg==&rs=AOn4CLD1KxRBlVb-QC1JOndRx3nHV4cj1A
321,-k9bd9xCXdQ,수의사 선생님! 개와 고양이는 영원한 원수지간 인가요?! 😭,수의사 선생님! 개와 고양이는 영원한 원수지간 인가요?! 😭,https://www.youtube.com/watch?v=-k9bd9xCXdQ,https://www.youtube.com/watch?v=-k9bd9xCXdQ,videos,videos,video,727.0,12.12,False,,건강/진료,https://i.ytimg.com/vi/-k9bd9xCXdQ/hqdefault.jpg?sqp=-oaymwEcCNACELwBSFXyq4qpAw4IARUAAIhCGAFwAcABBg==&rs=AOn4CLAZki604DNHk3LM69ZJBt_gzf_S6A
322,vW0DyBraVxs,sub) 고양이가 집사를 사랑한다고 말하는 애정표현 9가지💕,9 Ways Cats Show They Love you💕,https://www.youtube.com/watch?v=vW0DyBraVxs,https://www.youtube.com/watch?v=vW0DyBraVxs,videos,videos,video,660.0,11.0,False,,관계/윤리,https://i.ytimg.com/vi/vW0DyBraVxs/hqdefault.jpg?sqp=-oaymwEcCNACELwBSFXyq4qpAw4IARUAAIhCGAFwAcABBg==&rs=AOn4CLB_xP_G2o2J7npKphphMf93Vu7iFQ
323,TYTS6iNoSqo,혼나면 구석에 박혀서 벽만 긁는 고양이...너무 소심해요,혼나면 구석에 박혀서 벽만 긁는 고양이...너무 소심해요,https://www.youtube.com/watch?v=TYTS6iNoSqo,https://www.youtube.com/watch?v=TYTS6iNoSqo,videos,videos,video,743.0,12.38,False,,기타/엔터테인먼트,https://i.ytimg.com/vi/TYTS6iNoSqo/hqdefault.jpg?sqp=-oaymwEcCNACELwBSFXyq4qpAw4IARUAAIhCGAFwAcABBg==&rs=AOn4CLB-lVPzeq4PPfatFnaFV81OpJKUFA
324,pq8TNlKHb8A,이 눈물이 악어의 눈물?🐊 고양이는 왜 눈물을 흘릴까?,이 눈물이 악어의 눈물?🐊 고양이는 왜 눈물을 흘릴까?,https://www.youtube.com/watch?v=pq8TNlKHb8A,https://www.youtube.com/watch?v=pq8TNlKHb8A,videos,videos,video,572.0,9.53,False,,행동/감정,https://i.ytimg.com/vi/pq8TNlKHb8A/hqdefault.jpg?sqp=-oaymwEcCNACELwBSFXyq4qpAw4IARUAAIhCGAFwAcABBg==&rs=AOn4CLBpaoRVXYV_vq-utAVKa6LO_UTX7g
325,2lUSNmlISQg,sub) 태어나서 처음 강아지를 본 수의사네 고양이들의 반응은? 🐶vs🐱,sub) How do a vet's cats react when they see a puppy for the first time in their lives? (🐶vs🐱),https://www.youtube.com/watch?v=2lUSNmlISQg,https://www.youtube.com/watch?v=2lUSNmlISQg,videos,videos,video,483.0,8.05,False,,건강/진료,https://i.ytimg.com/vi/2lUSNmlISQg/hqdefault.jpg?sqp=-oaymwEcCNACELwBSFXyq4qpAw4IARUAAIhCGAFwAcABBg==&rs=AOn4CLBHclUn99F2XnxVTwJa8po5ORgLiQ
326,H-_mj6o3YFk,[고양이 v-log] 포근포근💭털뚠뚠이들의 겨울(순 고양이 위주 영상),[고양이 v-log] 포근포근💭털뚠뚠이들의 겨울(순 고양이 위주 영상),https://www.youtube.com/watch?v=H-_mj6o3YFk,https://www.youtube.com/watch?v=H-_mj6o3YFk,videos,videos,video,645.0,10.75,False,,품종/지식,https://i.ytimg.com/vi/H-_mj6o3YFk/hqdefault.jpg?sqp=-oaymwEcCNACELwBSFXyq4qpAw4IARUAAIhCGAFwAcABBg==&rs=AOn4CLD-10sXfQQ2KD2TCNZ7JXpNoBRpcA
327,nn1-BR1feEg,개미는 오늘도(뚠뚠) 출근한다네~(이벤트있음😎),The ants are going to work today (thud thud)~(There's an event😎),https://www.youtube.com/watch?v=nn1-BR1feEg,https://www.youtube.com/watch?v=nn1-BR1feEg,videos,videos,video,508.0,8.47,False,,생활/돌봄,https://i.ytimg.com/vi/nn1-BR1feEg/hqdefault.jpg?sqp=-oaymwEcCNACELwBSFXyq4qpAw4IARUAAIhCGAFwAcABBg==&rs=AOn4CLBbaCrIhKjslVXNHTbOkOszdj9FDw
328,Xhu1ZZ2hYHk,고양이에게 꾹꾹이 받는 가장 쉬운 방법 (feat. 수의사),The Easiest Way to Get a Knock on Your Cat (feat. A Vet),https://www.youtube.com/watch?v=Xhu1ZZ2hYHk,https://www.youtube.com/watch?v=Xhu1ZZ2hYHk,videos,videos,video,698.0,11.63,False,,건강/진료;행동/감정,https://i.ytimg.com/vi/Xhu1ZZ2hYHk/hqdefault.jpg?sqp=-oaymwEcCNACELwBSFXyq4qpAw4IARUAAIhCGAFwAcABBg==&rs=AOn4CLAZgYm5KLqpP2zMV2RFxqTnX0HYUA
329,2kBaA4jDQ8s,충격! 두 발로 걷는 고양이! 이게 맞나요?,충격! 두 발로 걷는 고양이! 이게 맞나요?,https://www.youtube.com/watch?v=2kBaA4jDQ8s,https://www.youtube.com/watch?v=2kBaA4jDQ8s,videos,videos,video,740.0,12.33,False,,기타/엔터테인먼트,https://i.ytimg.com/vi/2kBaA4jDQ8s/hqdefault.jpg?sqp=-oaymwEcCNACELwBSFXyq4qpAw4IARUAAIhCGAFwAcABBg==&rs=AOn4CLB9dRxovPZaxHImj4pFgtVmlW2igw
330,2xh_R7RjzfU,사실 여러분 고양이도 화장실 가기를 힘들어하고 있을지 몰라요!,"In fact, your cat may be having a hard time going to the bathroom too!",https://www.youtube.com/watch?v=2xh_R7RjzfU,https://www.youtube.com/watch?v=2xh_R7RjzfU,videos,videos,video,771.0,12.85,False,,생활/돌봄,https://i.ytimg.com/vi/2xh_R7RjzfU/hqdefault.jpg?sqp=-oaymwEcCNACELwBSFXyq4qpAw4IARUAAIhCGAFwAcABBg==&rs=AOn4CLD0BQegdSDBbtDEXp2KXtlbpqKgxg
331,uu7pT4yChEE,아기고양이가 이렇게 “위협적”으로 하악질하는 이유😨,Why do kittens hiss so “threateningly”?😨,https://www.youtube.com/watch?v=uu7pT4yChEE,https://www.youtube.com/watch?v=uu7pT4yChEE,videos,videos,video,651.0,10.85,False,,행동/감정;관계/윤리,https://i.ytimg.com/vi/uu7pT4yChEE/hqdefault.jpg?sqp=-oaymwEcCNACELwBSFXyq4qpAw4IARUAAIhCGAFwAcABBg==&rs=AOn4CLCGzlU9YKG2v1K6jd8IDj17diDvrg
332,5YJWRcM0FFQ,"sub) 고양이 얼굴만 봐도 성별 구분 완전 가능!! 암컷 수컷 놀라운 차이점(수명,성격, 질병 등)",Distinguish sex just by looking at the face!! Amazing difference between male and female cats,https://www.youtube.com/watch?v=5YJWRcM0FFQ,https://www.youtube.com/watch?v=5YJWRcM0FFQ,videos,videos,video,696.0,11.6,False,,행동/감정,https://i.ytimg.com/vi/5YJWRcM0FFQ/hqdefault.jpg?sqp=-oaymwEcCNACELwBSFXyq4qpAw4IARUAAIhCGAFwAcABBg==&rs=AOn4CLCOV24xsdcCahdMjDVfkT1vljxjOw
333,7t7AWUtscDE,그때 이것만 있었더라면…고양이랑 이사하기 진짜_최종_final.mp4,그때 이것만 있었더라면…고양이랑 이사하기 진짜_최종_final.mp4,https://www.youtube.com/watch?v=7t7AWUtscDE,https://www.youtube.com/watch?v=7t7AWUtscDE,videos,videos,video,546.0,9.1,False,,기타/엔터테인먼트,https://i.ytimg.com/vi/7t7AWUtscDE/hqdefault.jpg?sqp=-oaymwEcCNACELwBSFXyq4qpAw4IARUAAIhCGAFwAcABBg==&rs=AOn4CLDOUXA82n9Qze_kwFOqTMGya7giwA
334,-LCPTxJj--8,고양이는 자기가 귀여운걸 알까? Feat.수의사,Do Cats Know They're Cute? Feat. Veterinarian,https://www.youtube.com/watch?v=-LCPTxJj--8,https://www.youtube.com/watch?v=-LCPTxJj--8,videos,videos,video,419.0,6.98,False,,건강/진료;행동/감정,https://i.ytimg.com/vi/-LCPTxJj--8/hqdefault.jpg?sqp=-oaymwEcCNACELwBSFXyq4qpAw4IARUAAIhCGAFwAcABBg==&rs=AOn4CLDL3Q1S0dHsmYiaEt5gud2TH3fyfw
335,8JxE9lZG3og,재즈가 뭐라고 생각하세요?,What do you think jazz is?,https://www.youtube.com/watch?v=8JxE9lZG3og,https://www.youtube.com/watch?v=8JxE9lZG3og,videos,videos,video,204.0,3.4,False,,기타/엔터테인먼트,https://i.ytimg.com/vi/8JxE9lZG3og/hqdefault.jpg?sqp=-oaymwEcCNACELwBSFXyq4qpAw4IARUAAIhCGAFwAcABBg==&rs=AOn4CLAHIEAFI7BKTllIAMW2A1umPfUnvA
336,Abse5M4ws-4,sub) 수의사가 경배하는 천사 고양이 3대장,Three Angelic Cats revered by Veterinarians,https://www.youtube.com/watch?v=Abse5M4ws-4,https://www.youtube.com/watch?v=Abse5M4ws-4,videos,videos,video,711.0,11.85,False,,건강/진료,https://i.ytimg.com/vi/Abse5M4ws-4/hqdefault.jpg?sqp=-oaymwEcCNACELwBSFXyq4qpAw4IARUAAIhCGAFwAcABBg==&rs=AOn4CLB7UFaRumb00DlE4NY9ReVZcn9Jeg
337,E9pDidAfj4k,약에 취해 싸우는 우리 고양이들 어떡하죠?,약에 취해 싸우는 우리 고양이들 어떡하죠?,https://www.youtube.com/watch?v=E9pDidAfj4k,https://www.youtube.com/watch?v=E9pDidAfj4k,videos,videos,video,890.0,14.83,False,,기타/엔터테인먼트,https://i.ytimg.com/vi/E9pDidAfj4k/hqdefault.jpg?sqp=-oaymwEcCNACELwBSFXyq4qpAw4IARUAAIhCGAFwAcABBg==&rs=AOn4CLBI4eSy829GKO0qUq9rpmot-8nMtQ
338,9cg0nONseWU,네 발톱을 훔쳐가요(훔쳐가요)(훔쳐가요)…고양이 발톱 쉽게 깎는 꿀팁대방출,네 발톱을 훔쳐가요(훔쳐가요)(훔쳐가요)…고양이 발톱 쉽게 깎는 꿀팁대방출,https://www.youtube.com/watch?v=9cg0nONseWU,https://www.youtube.com/watch?v=9cg0nONseWU,videos,videos,video,279.0,4.65,False,,건강/진료,https://i.ytimg.com/vi/9cg0nONseWU/hqdefault.jpg?sqp=-oaymwEcCNACELwBSFXyq4qpAw4IARUAAIhCGAFwAcABBg==&rs=AOn4CLDgq-jGZPRzDneak3DTqf_trrUKig
339,H1RK9KAkioc,고양이들은 달라집니다 야생고양이 순화의 완전판! 배은망덕고양이들 채널통역,고양이들은 달라집니다 야생고양이 순화의 완전판! 배은망덕고양이들 채널통역,https://www.youtube.com/watch?v=H1RK9KAkioc,https://www.youtube.com/watch?v=H1RK9KAkioc,videos,videos,video,815.0,13.58,False,,기타/엔터테인먼트,https://i.ytimg.com/vi/H1RK9KAkioc/hqdefault.jpg?sqp=-oaymwEcCNACELwBSFXyq4qpAw4IARUAAIhCGAFwAcABBg==&rs=AOn4CLCsbZBbEIvXlqC-IMSi-Y7FWTnJrQ
340,p2jy1tSEc-E,"고양이가 '이 행동'을 하지않는다면 당신, 반가운 존재는 아니군요😮‍💨","고양이가 '이 행동'을 하지않는다면 당신, 반가운 존재는 아니군요😮‍💨",https://www.youtube.com/watch?v=p2jy1tSEc-E,https://www.youtube.com/watch?v=p2jy1tSEc-E,videos,videos,video,680.0,11.33,False,,행동/감정,https://i.ytimg.com/vi/p2jy1tSEc-E/hqdefault.jpg?sqp=-oaymwEcCNACELwBSFXyq4qpAw4IARUAAIhCGAFwAcABBg==&rs=AOn4CLCGOXfFJMwcLsf_UZe_grhvif5kaA
341,dOoKRBkvpWw,[v-log] 이 세상 고양이 잔뜩 만나고 온 힐링여행🐈,[v-log] A healing trip where I met a lot of cats in this world🐈,https://www.youtube.com/watch?v=dOoKRBkvpWw,https://www.youtube.com/watch?v=dOoKRBkvpWw,videos,videos,video,373.0,6.22,False,,기타/엔터테인먼트,https://i.ytimg.com/vi/dOoKRBkvpWw/hqdefault.jpg?sqp=-oaymwEcCNACELwBSFXyq4qpAw4IARUAAIhCGAFwAcABBg==&rs=AOn4CLB6tLj-Q51LfQBaDJQJVoWwyMCdKw
342,TR5gaQj0D1Y,sub) 15년차 수의사 미야옹철이 만난 최고의 보호자 best5! 인류애 풀충전💯💓,"Best 5 Owners Chul, in his 15th year as vet has met! Love Of Humanity Fully Charged💯💓",https://www.youtube.com/watch?v=TR5gaQj0D1Y,https://www.youtube.com/watch?v=TR5gaQj0D1Y,videos,videos,video,789.0,13.15,False,,건강/진료;관계/윤리,https://i.ytimg.com/vi/TR5gaQj0D1Y/hqdefault.jpg?sqp=-oaymwEcCNACELwBSFXyq4qpAw4IARUAAIhCGAFwAcABBg==&rs=AOn4CLDy5dc2z-NSUQHIflWEA2XdFu_vow
343,6AQPXl4iQGg,고양이들이 각양각색으로 위협적입니다. 아주 무서워 죽겠습니다.,The cats are all different and menacing. I'm so scared I could die.,https://www.youtube.com/watch?v=6AQPXl4iQGg,https://www.youtube.com/watch?v=6AQPXl4iQGg,videos,videos,video,678.0,11.3,False,,기타/엔터테인먼트,https://i.ytimg.com/vi/6AQPXl4iQGg/hqdefault.jpg?sqp=-oaymwEcCNACELwBSFXyq4qpAw4IARUAAIhCGAFwAcABBg==&rs=AOn4CLBca2SDspRVlCoYZ10F2lGHp-8x-A
344,Er3imlMA1JY,내 어깨를 봐 아무도 없잖아😿고양이 만나 인생역전한 이야기를 본 수의사의 반응?,"Look at my shoulder, there's no one there😿 What was the vet's reaction to seeing the story of a m...",https://www.youtube.com/watch?v=Er3imlMA1JY,https://www.youtube.com/watch?v=Er3imlMA1JY,videos,videos,video,630.0,10.5,False,,건강/진료,https://i.ytimg.com/vi/Er3imlMA1JY/hqdefault.jpg?sqp=-oaymwEcCNACELwBSFXyq4qpAw4IARUAAIhCGAFwAcABBg==&rs=AOn4CLA-Bm1zMv24VNIOTF0zY8EUIqUq4Q
345,JAeqboRuM7c,착한 고양이 성격을 사납게도 만들수 있나요?😾,Can you make a good cat's personality fierce?😾,https://www.youtube.com/watch?v=JAeqboRuM7c,https://www.youtube.com/watch?v=JAeqboRuM7c,videos,videos,video,718.0,11.97,False,,행동/감정,https://i.ytimg.com/vi/JAeqboRuM7c/hqdefault.jpg?sqp=-oaymwEcCNACELwBSFXyq4qpAw4IARUAAIhCGAFwAcABBg==&rs=AOn4CLA6_hWKctvE4aBFs-GRDO0NRuJcIw
346,RrvRkuWWksw,안 쓰는 고양이 기구 사용하게 하는 가장 쉬운 방법 (feat. 수의사),안 쓰는 고양이 기구 사용하게 하는 가장 쉬운 방법 (feat. 수의사),https://www.youtube.com/watch?v=RrvRkuWWksw,https://www.youtube.com/watch?v=RrvRkuWWksw,videos,videos,video,872.0,14.53,False,,건강/진료,https://i.ytimg.com/vi/RrvRkuWWksw/hqdefault.jpg?sqp=-oaymwEcCNACELwBSFXyq4qpAw4IARUAAIhCGAFwAcABBg==&rs=AOn4CLBuFTq6VR18rVHupfMb0a_jB32kCQ
347,fw87QS_0Fls,호섭처남! 이번 여름 어떻게 지냈어?,호섭처남! 이번 여름 어떻게 지냈어?,https://www.youtube.com/watch?v=fw87QS_0Fls,https://www.youtube.com/watch?v=fw87QS_0Fls,videos,videos,video,382.0,6.37,False,,기타/엔터테인먼트,https://i.ytimg.com/vi/fw87QS_0Fls/hqdefault.jpg?sqp=-oaymwEcCNACELwBSFXyq4qpAw4IARUAAIhCGAFwAcABBg==&rs=AOn4CLBnVXRpplPdws4Eq-Wv1N84kWTyfg
348,ElD2AlWSIgA,행복한 추석🌝을 위한 고양이 명절백서📖,Cat Holiday Guide for a Happy Chuseok🌝📖,https://www.youtube.com/watch?v=ElD2AlWSIgA,https://www.youtube.com/watch?v=ElD2AlWSIgA,videos,videos,video,635.0,10.58,False,,기타/엔터테인먼트,https://i.ytimg.com/vi/ElD2AlWSIgA/hqdefault.jpg?sqp=-oaymwEcCNACELwBSFXyq4qpAw4IARUAAIhCGAFwAcABBg==&rs=AOn4CLCUTTWMdijs0e3jIhas3-1LdzrafA
349,mTDL_QQqN4o,sub) 이건 그린라이트일까요?🥦🍀🍏🥝스트릿출신 오들이와 친해지길 바라! 김메주와 고양이들 채널통역!,Is this a green light?🥦🍀🍏🥝Hope you get close to Audrey! Kim Meh-joo and cats channel translate!,https://www.youtube.com/watch?v=mTDL_QQqN4o,https://www.youtube.com/watch?v=mTDL_QQqN4o,videos,videos,video,735.0,12.25,False,,기타/엔터테인먼트,https://i.ytimg.com/vi/mTDL_QQqN4o/hqdefault.jpg?sqp=-oaymwEcCNACELwBSFXyq4qpAw4IARUAAIhCGAFwAcABBg==&rs=AOn4CLCftq7Hnc6OiHdLcxal06MIeIw6AA
350,BfK0Ov7H1HI,고양이에게 물렸을 때 하면 절대 안되는 행동들!,Things you should never do when bitten by a cat!,https://www.youtube.com/watch?v=BfK0Ov7H1HI,https://www.youtube.com/watch?v=BfK0Ov7H1HI,videos,videos,video,557.0,9.28,False,,행동/감정,https://i.ytimg.com/vi/BfK0Ov7H1HI/hqdefault.jpg?sqp=-oaymwEcCNACELwBSFXyq4qpAw4IARUAAIhCGAFwAcABBg==&rs=AOn4CLDVbg8jW8et5Oc8zKYa0KcJ1plT9g
351,DC2b1bh5fC4,[미공개영상] 사모님의 앙증맞은 아깽이 모습! 외동딸이었던 과거 대공개!,[미공개영상] 사모님의 앙증맞은 아깽이 모습! 외동딸이었던 과거 대공개!,https://www.youtube.com/watch?v=DC2b1bh5fC4,https://www.youtube.com/watch?v=DC2b1bh5fC4,videos,videos,video,370.0,6.17,False,,기타/엔터테인먼트,https://i.ytimg.com/vi/DC2b1bh5fC4/hqdefault.jpg?sqp=-oaymwEcCNACELwBSFXyq4qpAw4IARUAAIhCGAFwAcABBg==&rs=AOn4CLA47yLKXVK1fVuoHuc3jLxF2VHQIQ
352,VwZuyKJ6jx4,흠…이 채널은 말이죠…편집자가 말하는 미야옹철의 문제점!!!(🥕🥕),흠…이 채널은 말이죠…편집자가 말하는 미야옹철의 문제점!!!(🥕🥕),https://www.youtube.com/watch?v=VwZuyKJ6jx4,https://www.youtube.com/watch?v=VwZuyKJ6jx4,videos,videos,video,481.0,8.02,False,,기타/엔터테인먼트,https://i.ytimg.com/vi/VwZuyKJ6jx4/hqdefault.jpg?sqp=-oaymwEcCNACELwBSFXyq4qpAw4IARUAAIhCGAFwAcABBg==&rs=AOn4CLCTtQ1tmndmLV5JPzurXnsCpOrRcw
353,FC7D8FGdgIA,물고 빨고 핥고💋냅다 키스 갈기는 고양이! 집사입술 괜찮아? 우리 질투는 괜찮고?,"A cat that bites, sucks, licks, and kisses! Are your lips okay? Are our jealousy okay?",https://www.youtube.com/watch?v=FC7D8FGdgIA,https://www.youtube.com/watch?v=FC7D8FGdgIA,videos,videos,video,607.0,10.12,False,,관계/윤리,https://i.ytimg.com/vi/FC7D8FGdgIA/hqdefault.jpg?sqp=-oaymwEcCNACELwBSFXyq4qpAw4IARUAAIhCGAFwAcABBg==&rs=AOn4CLBjiT0Uae3TqHj0HwI7nEMTqLvBqg
354,E-3007I-9Yc,고양이가 “이 행동”을 한다면 싫다는 뜻입니다. (feat. 수의사),"If your cat does “this”, it means they don’t like it. (feat. veterinarian)",https://www.youtube.com/watch?v=E-3007I-9Yc,https://www.youtube.com/watch?v=E-3007I-9Yc,videos,videos,video,483.0,8.05,False,,건강/진료;행동/감정,https://i.ytimg.com/vi/E-3007I-9Yc/hqdefault.jpg?sqp=-oaymwEcCNACELwBSFXyq4qpAw4IARUAAIhCGAFwAcABBg==&rs=AOn4CLBfqVqerRUmVKMDWhHuDVioqjPSTA
355,JkKeLDCmIKc,고양이와 이상한 변호사 우영우의 행동이 닮았다? 이들의 공통점 5가지🤚,Do cats and the eccentric lawyer Woo Young-woo behave similarly? 5 things they have in common🤚,https://www.youtube.com/watch?v=JkKeLDCmIKc,https://www.youtube.com/watch?v=JkKeLDCmIKc,videos,videos,video,496.0,8.27,False,,행동/감정,https://i.ytimg.com/vi/JkKeLDCmIKc/hqdefault.jpg?sqp=-oaymwEcCNACELwBSFXyq4qpAw4IARUAAIhCGAFwAcABBg==&rs=AOn4CLCrXO7UP2LS-I4wkrzdQalP4Jdddg
356,ODVMlz_tvXw,[미공개영상] 길고양이 출신 애기씨의 귀여워도 너~무 귀여운 어린시절 풉니다,[미공개영상] 길고양이 출신 애기씨의 귀여워도 너~무 귀여운 어린시절 풉니다,https://www.youtube.com/watch?v=ODVMlz_tvXw,https://www.youtube.com/watch?v=ODVMlz_tvXw,videos,videos,video,244.0,4.07,False,,관계/윤리;행동/감정,https://i.ytimg.com/vi/ODVMlz_tvXw/hqdefault.jpg?sqp=-oaymwEcCNACELwBSFXyq4qpAw4IARUAAIhCGAFwAcABBg==&rs=AOn4CLA-yanJzOHQuKMfQI8j5OHMgyvOIA
357,D99l3famO4g,그래서 수의사네 고양이는 무슨 사료를 먹고 있을까?,그래서 수의사네 고양이는 무슨 사료를 먹고 있을까?,https://www.youtube.com/watch?v=D99l3famO4g,https://www.youtube.com/watch?v=D99l3famO4g,videos,videos,video,785.0,13.08,False,,건강/진료;생활/돌봄,https://i.ytimg.com/vi/D99l3famO4g/hqdefault.jpg?sqp=-oaymwEcCNACELwBSFXyq4qpAw4IARUAAIhCGAFwAcABBg==&rs=AOn4CLBh5RmCuTnIHhxDBgIFDZuBzLvvOQ
358,cKYpHjXrPEY,😼고양이 관상분석!,😼고양이 관상분석!,https://www.youtube.com/watch?v=cKYpHjXrPEY,https://www.youtube.com/watch?v=cKYpHjXrPEY,videos,videos,video,718.0,11.97,False,,기타/엔터테인먼트,https://i.ytimg.com/vi/cKYpHjXrPEY/hqdefault.jpg?sqp=-oaymwEcCNACELwBSFXyq4qpAw4IARUAAIhCGAFwAcABBg==&rs=AOn4CLCRZv6v6WCoy2PMR93R-dAAqlzRSQ
359,qCQcCDOzq5c,아깽이들의 꼬리 3연펑💥💥💥하찮은 민들레 홀씨들에게 대체 무슨 일이?,The three tails of the babies💥💥💥What on earth happened to those insignificant dandelion seeds?,https://www.youtube.com/watch?v=qCQcCDOzq5c,https://www.youtube.com/watch?v=qCQcCDOzq5c,videos,videos,video,683.0,11.38,False,,행동/감정,https://i.ytimg.com/vi/qCQcCDOzq5c/hqdefault.jpg?sqp=-oaymwEcCNACELwBSFXyq4qpAw4IARUAAIhCGAFwAcABBg==&rs=AOn4CLAVHsNuOBz6hFr1HE5wWcUSmAawjA
360,QaxxKRlGvmU,"sub) 부모님이 교사여도 사고치는 애, 그게 우리집이에요😫고양이 건강검진 다녀온 날🏥","Children who get into trouble even when their parents are teachers, that's what happens in our",https://www.youtube.com/watch?v=QaxxKRlGvmU,https://www.youtube.com/watch?v=QaxxKRlGvmU,videos,videos,video,710.0,11.83,False,,기타/엔터테인먼트,https://i.ytimg.com/vi/QaxxKRlGvmU/hqdefault.jpg?sqp=-oaymwEcCNACELwBSFXyq4qpAw4IARUAAIhCGAFwAcABBg==&rs=AOn4CLBeeXGq4T_PPB9gEOgLGpvvLuKhRw
361,R0hh1Dtkg94,sub) 김명철 수의사가 겪은 충격과 공포의 고양이 진료 썰!😱다시는 고양이에게 까불지 않겠습니다,A shocking and scary cat treatment stories by vet Kim Myeong Cheol!😱,https://www.youtube.com/watch?v=R0hh1Dtkg94,https://www.youtube.com/watch?v=R0hh1Dtkg94,videos,videos,video,726.0,12.1,False,,건강/진료,https://i.ytimg.com/vi/R0hh1Dtkg94/hqdefault.jpg?sqp=-oaymwEcCNACELwBSFXyq4qpAw4IARUAAIhCGAFwAcABBg==&rs=AOn4CLBFAplxh3IHO5qWqUxCLTP5HW0I9A
362,c-yTx9J_F7M,묘생이 괴롭다? 고양이가 고통받는 5가지 이유!,Are you having a hard time with your cat? 5 Reasons Your Cat Is Suffering!,https://www.youtube.com/watch?v=c-yTx9J_F7M,https://www.youtube.com/watch?v=c-yTx9J_F7M,videos,videos,video,596.0,9.93,False,,기타/엔터테인먼트,https://i.ytimg.com/vi/c-yTx9J_F7M/hqdefault.jpg?sqp=-oaymwEcCNACELwBSFXyq4qpAw4IARUAAIhCGAFwAcABBg==&rs=AOn4CLCTIEmmSs0Pq5WMK4wAHFjo3oPH5w
363,TBzx70DMfZk,"다 찍어놓고 방송불가된 썰, 전 스태프 식겁한 고양이등 고부해 비하인드! 이제는 말할 수 있다","The story behind the scenes of the filming that was filmed but never aired, the cat that scared a...",https://www.youtube.com/watch?v=TBzx70DMfZk,https://www.youtube.com/watch?v=TBzx70DMfZk,videos,videos,video,669.0,11.15,False,,기타/엔터테인먼트,https://i.ytimg.com/vi/TBzx70DMfZk/hqdefault.jpg?sqp=-oaymwEcCNACELwBSFXyq4qpAw4IARUAAIhCGAFwAcABBg==&rs=AOn4CLBQknWahUffCrZ5k4QZa8jHPCTtrw
364,J3_Evbl9GQo,"sub) 서로 채우며 살아가는 곳, 한국의 고양이섬 쑥섬에 다녀왔어요!🌴","I went to Ssukseom Island, a cat island in Korea, where we fill each other's presence.",https://www.youtube.com/watch?v=J3_Evbl9GQo,https://www.youtube.com/watch?v=J3_Evbl9GQo,videos,videos,video,548.0,9.13,False,,기타/엔터테인먼트,https://i.ytimg.com/vi/J3_Evbl9GQo/hqdefault.jpg?sqp=-oaymwEcCNACELwBSFXyq4qpAw4IARUAAIhCGAFwAcABBg==&rs=AOn4CLBa3N4fU_kJ9Rl6yFbxfUMzcAE8Og
365,P9JJlUBHmiw,계속 울어대는 고양이 때문에 너무 힘듭니다😿 목청은 또 왜이렇게 큰가요?,계속 울어대는 고양이 때문에 너무 힘듭니다😿 목청은 또 왜이렇게 큰가요?,https://www.youtube.com/watch?v=P9JJlUBHmiw,https://www.youtube.com/watch?v=P9JJlUBHmiw,videos,videos,video,729.0,12.15,False,,기타/엔터테인먼트,https://i.ytimg.com/vi/P9JJlUBHmiw/hqdefault.jpg?sqp=-oaymwEcCNACELwBSFXyq4qpAw4IARUAAIhCGAFwAcABBg==&rs=AOn4CLBptwkIxgBjb35avA0eVQyrse8zpA
366,mu9SRvbyWeg,고양이도 비가 오면 감성이 촉촉해질까? 창가를 보는 뒷모습이 쓸쓸해☔️,Do cats also feel emotional when it rains? The sight of them staring out the window is so lonely. ☔️,https://www.youtube.com/watch?v=mu9SRvbyWeg,https://www.youtube.com/watch?v=mu9SRvbyWeg,videos,videos,video,668.0,11.13,False,,기타/엔터테인먼트,https://i.ytimg.com/vi/mu9SRvbyWeg/hqdefault.jpg?sqp=-oaymwEcCNACELwBSFXyq4qpAw4IARUAAIhCGAFwAcABBg==&rs=AOn4CLBgSp9YuVpeyyLo2vUcdUXrHJL3EQ
367,iHmFeioS9mU,여태까지 고양이 빗질 잘못했다고? 수의사가 알려주는 고양이 빗질의 정석! 🎀,Have you been brushing your cat wrong? A vet shares the basics of brushing your cat! 🎀,https://www.youtube.com/watch?v=iHmFeioS9mU,https://www.youtube.com/watch?v=iHmFeioS9mU,videos,videos,video,492.0,8.2,False,,건강/진료;생활/돌봄,https://i.ytimg.com/vi/iHmFeioS9mU/hqdefault.jpg?sqp=-oaymwEcCNACELwBSFXyq4qpAw4IARUAAIhCGAFwAcABBg==&rs=AOn4CLDosIKqfs9GSv0JKCIsQY9JhGzYuQ
368,WtsJAkm6oos,"짝의 ‘남자 5호’였던 수의사, 아내와 함께 과거 연애프로그램 출연분 다시보기!",The veterinarian who was the 'man number 5' of the couple rewatches his past appearances on a dat...,https://www.youtube.com/watch?v=WtsJAkm6oos,https://www.youtube.com/watch?v=WtsJAkm6oos,videos,videos,video,498.0,8.3,False,,건강/진료,https://i.ytimg.com/vi/WtsJAkm6oos/hqdefault.jpg?sqp=-oaymwEcCNACELwBSFXyq4qpAw4IARUAAIhCGAFwAcABBg==&rs=AOn4CLD-LgsWgwyi7H30QrtUKZMbikhQZg
369,1ycVL6XY5vY,행복한 뚱냥이는 없다! 고양이를 비만으로 만드는 확실한 방법 5가지 🐽,행복한 뚱냥이는 없다! 고양이를 비만으로 만드는 확실한 방법 5가지 🐽,https://www.youtube.com/watch?v=1ycVL6XY5vY,https://www.youtube.com/watch?v=1ycVL6XY5vY,videos,videos,video,550.0,9.17,False,,건강/진료,https://i.ytimg.com/vi/1ycVL6XY5vY/hqdefault.jpg?sqp=-oaymwEcCNACELwBSFXyq4qpAw4IARUAAIhCGAFwAcABBg==&rs=AOn4CLDebXB5iYzye31FVR8b3D1bnMt8Mw
370,YvGW8RjsTeI,고양이 4마리가 사는 10평대 집🏠호화궁궐로 만들어줄 캣테리어의 마법💫,고양이 4마리가 사는 10평대 집🏠호화궁궐로 만들어줄 캣테리어의 마법💫,https://www.youtube.com/watch?v=YvGW8RjsTeI,https://www.youtube.com/watch?v=YvGW8RjsTeI,videos,videos,video,725.0,12.08,False,,기타/엔터테인먼트,https://i.ytimg.com/vi/YvGW8RjsTeI/hqdefault.jpg?sqp=-oaymwEcCNACELwBSFXyq4qpAw4IARUAAIhCGAFwAcABBg==&rs=AOn4CLCazCpIrDAE_b2X-_Xhkl-tck3cSQ
371,4yjFxKSe1RE,"우리집 고양이, 병원에 쉽게 데려가는 법! 👨‍⚕️수의사가 알려드립니다.","우리집 고양이, 병원에 쉽게 데려가는 법! 👨‍⚕️수의사가 알려드립니다.",https://www.youtube.com/watch?v=4yjFxKSe1RE,https://www.youtube.com/watch?v=4yjFxKSe1RE,videos,videos,video,701.0,11.68,False,,건강/진료,https://i.ytimg.com/vi/4yjFxKSe1RE/hqdefault.jpg?sqp=-oaymwEcCNACELwBSFXyq4qpAw4IARUAAIhCGAFwAcABBg==&rs=AOn4CLCMqlEIhjiBhuVXAMdPbT8PUH8V8A
372,Uik_gVjeRtY,"사람 아이와 고양이, 함께 살면 안된다고? 🤔","사람 아이와 고양이, 함께 살면 안된다고? 🤔",https://www.youtube.com/watch?v=Uik_gVjeRtY,https://www.youtube.com/watch?v=Uik_gVjeRtY,videos,videos,video,487.0,8.12,False,,기타/엔터테인먼트,https://i.ytimg.com/vi/Uik_gVjeRtY/hqdefault.jpg?sqp=-oaymwEcCNACELwBSFXyq4qpAw4IARUAAIhCGAFwAcABBg==&rs=AOn4CLAZR0bQpnS5VXNeDmsIqlvam5O08g
373,lC09opL-ps8,팬아트를 받았는데요...미야옹철 팬....맞죠?,팬아트를 받았는데요...미야옹철 팬....맞죠?,https://www.youtube.com/watch?v=lC09opL-ps8,https://www.youtube.com/watch?v=lC09opL-ps8,videos,videos,video,553.0,9.22,False,,기타/엔터테인먼트,https://i.ytimg.com/vi/lC09opL-ps8/hqdefault.jpg?sqp=-oaymwEcCNACELwBSFXyq4qpAw4IARUAAIhCGAFwAcABBg==&rs=AOn4CLD7BqaDGrb03EqpxHOUGuZzDdT72w
374,UYyff0zxNwY,sub) 한편의 휴먼&의학 드라마였어…😿 윤그린님의 길고양이 모네 구조일지 통역!,This was like a human & medical drama…😿 Interpreting Yoon GREEN's rescue of Monet the street cat!,https://www.youtube.com/watch?v=UYyff0zxNwY,https://www.youtube.com/watch?v=UYyff0zxNwY,videos,videos,video,787.0,13.12,False,,관계/윤리,https://i.ytimg.com/vi/UYyff0zxNwY/hqdefault.jpg?sqp=-oaymwEcCNACELwBSFXyq4qpAw4IARUAAIhCGAFwAcABBg==&rs=AOn4CLBHrIZay8g8uHQgZ2VFOF8ovh0nTQ
375,m0Oel8uFMHs,고양이만 두고 여행가는 집사가 꼭 지켜야할 것🧳,고양이만 두고 여행가는 집사가 꼭 지켜야할 것🧳,https://www.youtube.com/watch?v=m0Oel8uFMHs,https://www.youtube.com/watch?v=m0Oel8uFMHs,videos,videos,video,501.0,8.35,False,,관계/윤리,https://i.ytimg.com/vi/m0Oel8uFMHs/hqdefault.jpg?sqp=-oaymwEcCNACELwBSFXyq4qpAw4IARUAAIhCGAFwAcABBg==&rs=AOn4CLDHririiRghNJ8qV2_u_vy0_mmnqg
376,9r3oLBAbf8o,미안하지만 거절한다!! 고양이 집사에게 주고도 욕먹는 선물 List🎁,미안하지만 거절한다!! 고양이 집사에게 주고도 욕먹는 선물 List🎁,https://www.youtube.com/watch?v=9r3oLBAbf8o,https://www.youtube.com/watch?v=9r3oLBAbf8o,videos,videos,video,484.0,8.07,False,,관계/윤리,https://i.ytimg.com/vi/9r3oLBAbf8o/hqdefault.jpg?sqp=-oaymwEcCNACELwBSFXyq4qpAw4IARUAAIhCGAFwAcABBg==&rs=AOn4CLAQMqlSva4eTAgmAK7bP8k3_1w8GA
377,6RkUUUfq0rs,30만 구독자 눈에 건배🍷 Q&A 미야옹철 고양이설 해명합니다,"Cheers to 300,000 subscribers🍷 Q&A: Meow Cheol explains the cat theory",https://www.youtube.com/watch?v=6RkUUUfq0rs,https://www.youtube.com/watch?v=6RkUUUfq0rs,videos,videos,video,372.0,6.2,False,,서사/상담;행동/감정,https://i.ytimg.com/vi/6RkUUUfq0rs/hqdefault.jpg?sqp=-oaymwEcCNACELwBSFXyq4qpAw4IARUAAIhCGAFwAcABBg==&rs=AOn4CLDDUz1ahR1IlgRcOAxFWl_JeNli5g
378,aeJLVKkgE7c,"언젠가 한 번은 먹일날이온다!💊가루약, 알약, 캡슐약 난이도별 고양이 약먹이기 완전판!","One day, the day will come when you will have to feed your cat medicine! 💊 Complete guide to feed...",https://www.youtube.com/watch?v=aeJLVKkgE7c,https://www.youtube.com/watch?v=aeJLVKkgE7c,videos,videos,video,394.0,6.57,False,,기타/엔터테인먼트,https://i.ytimg.com/vi/aeJLVKkgE7c/hqdefault.jpg?sqp=-oaymwEcCNACELwBSFXyq4qpAw4IARUAAIhCGAFwAcABBg==&rs=AOn4CLA_gJgs-dCghGERFDPH0_bh9U80BQ
379,nK7Uj8IiJzk,이거 정말 고양이가 내는 소리 맞나요...?,Is this really the sound a cat makes...?,https://www.youtube.com/watch?v=nK7Uj8IiJzk,https://www.youtube.com/watch?v=nK7Uj8IiJzk,videos,videos,video,736.0,12.27,False,,기타/엔터테인먼트,https://i.ytimg.com/vi/nK7Uj8IiJzk/hqdefault.jpg?sqp=-oaymwEcCNACELwBSFXyq4qpAw4IARUAAIhCGAFwAcABBg==&rs=AOn4CLD8ehm4xTOeQZrBxNA5lKlfrCUrKA
380,i4ixAFjnAF0,토끼야? 강아쥐야??...괜찮겠어? 난 안귀여운 법을 모르는 고양인데,토끼야? 강아쥐야??...괜찮겠어? 난 안귀여운 법을 모르는 고양인데,https://www.youtube.com/watch?v=i4ixAFjnAF0,https://www.youtube.com/watch?v=i4ixAFjnAF0,videos,videos,video,658.0,10.97,False,,행동/감정;건강/진료,https://i.ytimg.com/vi/i4ixAFjnAF0/hqdefault.jpg?sqp=-oaymwEcCNACELwBSFXyq4qpAw4IARUAAIhCGAFwAcABBg==&rs=AOn4CLA7qWAPQsEssK1-srxihYkHSGrQ9w
381,nYcwmTvXGYA,세상에서 가장 오래 산 고양이는 몇 살?! 고양이 기네스북 미야옹철이 털어봅니다,세상에서 가장 오래 산 고양이는 몇 살?! 고양이 기네스북 미야옹철이 털어봅니다,https://www.youtube.com/watch?v=nYcwmTvXGYA,https://www.youtube.com/watch?v=nYcwmTvXGYA,videos,videos,video,540.0,9.0,False,,품종/지식,https://i.ytimg.com/vi/nYcwmTvXGYA/hqdefault.jpg?sqp=-oaymwEcCNACELwBSFXyq4qpAw4IARUAAIhCGAFwAcABBg==&rs=AOn4CLC-bp2V7VYMXoVvNaWMWj1OoTrm-Q
382,WvEgI4uFfh0,핥더니 갑자기 앙 물어버리는 고양이의 속마음,핥더니 갑자기 앙 물어버리는 고양이의 속마음,https://www.youtube.com/watch?v=WvEgI4uFfh0,https://www.youtube.com/watch?v=WvEgI4uFfh0,videos,videos,video,599.0,9.98,False,,기타/엔터테인먼트,https://i.ytimg.com/vi/WvEgI4uFfh0/hqdefault.jpg?sqp=-oaymwEcCNACELwBSFXyq4qpAw4IARUAAIhCGAFwAcABBg==&rs=AOn4CLBXYLpeFCkc-2dQWC1l_YejNOy66w
383,mtALv4-M6gQ,고양이 집사들 성격 도대체 왜이래?🤷‍♀️,고양이 집사들 성격 도대체 왜이래?🤷‍♀️,https://www.youtube.com/watch?v=mtALv4-M6gQ,https://www.youtube.com/watch?v=mtALv4-M6gQ,videos,videos,video,483.0,8.05,False,,행동/감정;관계/윤리,https://i.ytimg.com/vi/mtALv4-M6gQ/hqdefault.jpg?sqp=-oaymwEcCNACELwBSFXyq4qpAw4IARUAAIhCGAFwAcABBg==&rs=AOn4CLAF4bg8fLf3Kdt1a7VsCBaeWiUfRg
384,5fpuEnkNHWE,새우 중의 새우🦐 킹블랙타이거 먹고 고양이가 난리났어요!,새우 중의 새우🦐 킹블랙타이거 먹고 고양이가 난리났어요!,https://www.youtube.com/watch?v=5fpuEnkNHWE,https://www.youtube.com/watch?v=5fpuEnkNHWE,videos,videos,video,511.0,8.52,False,,기타/엔터테인먼트,https://i.ytimg.com/vi/5fpuEnkNHWE/hqdefault.jpg?sqp=-oaymwEcCNACELwBSFXyq4qpAw4IARUAAIhCGAFwAcABBg==&rs=AOn4CLCGuzwVRj_Xma_fkwB_-tBMpxUJkA
385,4lgr3fu0_SU,sub) 고양이 이름 절대 이렇게 짓지 마세요!! 😱,No-No Cat Names 😱,https://www.youtube.com/watch?v=4lgr3fu0_SU,https://www.youtube.com/watch?v=4lgr3fu0_SU,videos,videos,video,428.0,7.13,False,,서사/상담,https://i.ytimg.com/vi/4lgr3fu0_SU/hqdefault.jpg?sqp=-oaymwEcCNACELwBSFXyq4qpAw4IARUAAIhCGAFwAcABBg==&rs=AOn4CLBfnFIxTVqzdJ_RtzD02PNqaanjlg
386,Hdc44_ew4Lo,기분좋은거...맞지??? 이해하기 힘든 고양이의 신기한 표정 5가지!,It feels good...right??? 5 curious cat expressions that are hard to understand!,https://www.youtube.com/watch?v=Hdc44_ew4Lo,https://www.youtube.com/watch?v=Hdc44_ew4Lo,videos,videos,video,534.0,8.9,False,,기타/엔터테인먼트,https://i.ytimg.com/vi/Hdc44_ew4Lo/hqdefault.jpg?sqp=-oaymwEcCNACELwBSFXyq4qpAw4IARUAAIhCGAFwAcABBg==&rs=AOn4CLAsWYyfe1QkR2UzmIkr2F9dLiGi9A
387,wim476J1X2s,동대문 원룸에 유기된 고양이들 근황! 큰고양이랑 봉사활동 다녀왔어요!,The current status of abandoned cats in a one-room apartment in Dongdaemun! I went volunteering w...,https://www.youtube.com/watch?v=wim476J1X2s,https://www.youtube.com/watch?v=wim476J1X2s,videos,videos,video,649.0,10.82,False,,관계/윤리,https://i.ytimg.com/vi/wim476J1X2s/hqdefault.jpg?sqp=-oaymwEcCNACELwBSFXyq4qpAw4IARUAAIhCGAFwAcABBg==&rs=AOn4CLCyfFrw7Aoe7GfsWDcmhFp-CaFVXA
388,bX-bI0DqxxU,충격! 🤯 이 고양이는 엉덩이와 혀가 연결되어있습니다,Shocking! 🤯 This cat's butt and tongue are connected.,https://www.youtube.com/watch?v=bX-bI0DqxxU,https://www.youtube.com/watch?v=bX-bI0DqxxU,videos,videos,video,689.0,11.48,False,,기타/엔터테인먼트,https://i.ytimg.com/vi/bX-bI0DqxxU/hqdefault.jpg?sqp=-oaymwEcCNACELwBSFXyq4qpAw4IARUAAIhCGAFwAcABBg==&rs=AOn4CLASHvhRb8EZ5ZQltI_QSDeL0FTPuA
389,0_O3IOzNnqk,비둘기랑 맞짱뜬 썰 푼다,비둘기랑 맞짱뜬 썰 푼다,https://www.youtube.com/watch?v=0_O3IOzNnqk,https://www.youtube.com/watch?v=0_O3IOzNnqk,videos,videos,video,183.0,3.05,False,,기타/엔터테인먼트,https://i.ytimg.com/vi/0_O3IOzNnqk/hqdefault.jpg?sqp=-oaymwEcCNACELwBSFXyq4qpAw4IARUAAIhCGAFwAcABBg==&rs=AOn4CLB8TEULDLcHusoTRYa9vSA42sp0bA
390,MXimRcIh0CA,수의사가 절대 안 사는 고양이 제품들 5가지! 믿고 거르세요✋,수의사가 절대 안 사는 고양이 제품들 5가지! 믿고 거르세요✋,https://www.youtube.com/watch?v=MXimRcIh0CA,https://www.youtube.com/watch?v=MXimRcIh0CA,videos,videos,video,649.0,10.82,False,,건강/진료,https://i.ytimg.com/vi/MXimRcIh0CA/hqdefault.jpg?sqp=-oaymwEcCNACELwBSFXyq4qpAw4IARUAAIhCGAFwAcABBg==&rs=AOn4CLAC-_984MDRBS8qNf9IouSuss6nkA
391,DOhoWe2rnzY,"갑자기 목덜미를 물어버리는 고양이, 쌍방과실 몇 %일까? 고양이 블랙박스판결 김명철 TV",A cat suddenly bites the back of the neck. How much negligence is there on both sides? Kim Myeong...,https://www.youtube.com/watch?v=DOhoWe2rnzY,https://www.youtube.com/watch?v=DOhoWe2rnzY,videos,videos,video,841.0,14.02,False,,기타/엔터테인먼트,https://i.ytimg.com/vi/DOhoWe2rnzY/hqdefault.jpg?sqp=-oaymwEcCNACELwBSFXyq4qpAw4IARUAAIhCGAFwAcABBg==&rs=AOn4CLBTnvsWD4nNF8e0CLUQmq_y-p-UKw
392,hvF2MFzx0Vw,"🔥두 수의사가 붙었다! 영원한 난제, 강아지냐 고양이냐🐶🐱","🔥두 수의사가 붙었다! 영원한 난제, 강아지냐 고양이냐🐶🐱",https://www.youtube.com/watch?v=hvF2MFzx0Vw,https://www.youtube.com/watch?v=hvF2MFzx0Vw,videos,videos,video,448.0,7.47,False,,건강/진료,https://i.ytimg.com/vi/hvF2MFzx0Vw/hqdefault.jpg?sqp=-oaymwEcCNACELwBSFXyq4qpAw4IARUAAIhCGAFwAcABBg==&rs=AOn4CLD_GSUQ056KEHppDHFKF8BKuHEqPw
393,BaV2YBeu9BE,다른집은 고양이 키우는데 한달에 얼마나 쓸까?💰통계로 보는 고양이 육아법 | 미야옹서베이,다른집은 고양이 키우는데 한달에 얼마나 쓸까?💰통계로 보는 고양이 육아법 | 미야옹서베이,https://www.youtube.com/watch?v=BaV2YBeu9BE,https://www.youtube.com/watch?v=BaV2YBeu9BE,videos,videos,video,695.0,11.58,False,,기타/엔터테인먼트,https://i.ytimg.com/vi/BaV2YBeu9BE/hqdefault.jpg?sqp=-oaymwEcCNACELwBSFXyq4qpAw4IARUAAIhCGAFwAcABBg==&rs=AOn4CLCXDM8ZnZ3HmqMOc5wW8c78AWpV9Q
394,HXVUT4iHRwI,코로나 걸리면 원룸에 혼자있는 고양이는 누가 챙기지?,"If I get coronavirus, who will take care of my cat who is left alone in a studio apartment?",https://www.youtube.com/watch?v=HXVUT4iHRwI,https://www.youtube.com/watch?v=HXVUT4iHRwI,videos,videos,video,724.0,12.07,False,,기타/엔터테인먼트,https://i.ytimg.com/vi/HXVUT4iHRwI/hqdefault.jpg?sqp=-oaymwEcCNACELwBSFXyq4qpAw4IARUAAIhCGAFwAcABBg==&rs=AOn4CLB25rV6lfT7OiRHHCgbErp89FPmHg
395,8BDy_5RSuHM,이거 안 보고 동물병원 가면 후회합니다! 병원가기 전 준비할 것,You'll regret going to the vet without seeing this! Things to prepare before going to the vet.,https://www.youtube.com/watch?v=8BDy_5RSuHM,https://www.youtube.com/watch?v=8BDy_5RSuHM,videos,videos,video,577.0,9.62,False,,건강/진료,https://i.ytimg.com/vi/8BDy_5RSuHM/hqdefault.jpg?sqp=-oaymwEcCNACELwBSFXyq4qpAw4IARUAAIhCGAFwAcABBg==&rs=AOn4CLCHQv-ivy1LQVAoObvroQXf-tepLw
396,W0rAZmGKXGw,수의사 미야옹철네 고양이 사모님 애기씨 큐앤에이라옹~! tmi 대방출 한다냥😻,수의사 미야옹철네 고양이 사모님 애기씨 큐앤에이라옹~! tmi 대방출 한다냥😻,https://www.youtube.com/watch?v=W0rAZmGKXGw,https://www.youtube.com/watch?v=W0rAZmGKXGw,videos,videos,video,536.0,8.93,False,,건강/진료;서사/상담,https://i.ytimg.com/vi/W0rAZmGKXGw/hqdefault.jpg?sqp=-oaymwEcCNACELwBSFXyq4qpAw4IARUAAIhCGAFwAcABBg==&rs=AOn4CLDS2SJiShDDcbI0DIZ_uzUwBSCj2Q
397,jzPqM6GBy70,sub) 의도치 않은 또 한번의 v-log 이번엔 자가격리를 곁들인…,"Another unintended v-log, This time with self-isolation...",https://www.youtube.com/watch?v=jzPqM6GBy70,https://www.youtube.com/watch?v=jzPqM6GBy70,videos,videos,video,403.0,6.72,False,,기타/엔터테인먼트,https://i.ytimg.com/vi/jzPqM6GBy70/hqdefault.jpg?sqp=-oaymwEcCNACELwBSFXyq4qpAw4IARUAAIhCGAFwAcABBg==&rs=AOn4CLBfnwtAoyAMOYIrhWwSridFqB1bKg
398,E2TnU97ouP8,[v-log] 휴일이 더 바쁜거 같은 수의사 집사의 하루🌧,[v-log] 휴일이 더 바쁜거 같은 수의사 집사의 하루🌧,https://www.youtube.com/watch?v=E2TnU97ouP8,https://www.youtube.com/watch?v=E2TnU97ouP8,videos,videos,video,1254.0,20.9,False,,건강/진료;관계/윤리,https://i.ytimg.com/vi/E2TnU97ouP8/hqdefault.jpg?sqp=-oaymwEcCNACELwBSFXyq4qpAw4IARUAAIhCGAFwAcABBg==&rs=AOn4CLB5qOF14KLpKiZBH40aIx9joMCG-w
399,2Vsx7vYWkV4,sub) 누군가 고양이서열에 대해 묻는다면 고갤들어 똥괭이네를 보라,"If someone asks about the cat sequence, raise your head and look at the Ddonggwengs.",https://www.youtube.com/watch?v=2Vsx7vYWkV4,https://www.youtube.com/watch?v=2Vsx7vYWkV4,videos,videos,video,685.0,11.42,False,,기타/엔터테인먼트,https://i.ytimg.com/vi/2Vsx7vYWkV4/hqdefault.jpg?sqp=-oaymwEcCNACELwBSFXyq4qpAw4IARUAAIhCGAFwAcABBg==&rs=AOn4CLD5v9f_3K-naFdg_lp1Idf6pKyxbQ
400,m21i5k0xDFw,흐물흐물 주르륵 고양이가 늘어나는 이유! 고양이 액체설💦,Why cats are slurping and gurgling! Cat liquid theory💦,https://www.youtube.com/watch?v=m21i5k0xDFw,https://www.youtube.com/watch?v=m21i5k0xDFw,videos,videos,video,398.0,6.63,False,,기타/엔터테인먼트,https://i.ytimg.com/vi/m21i5k0xDFw/hqdefault.jpg?sqp=-oaymwEcCNACELwBSFXyq4qpAw4IARUAAIhCGAFwAcABBg==&rs=AOn4CLDYJRIaYG4dJWSyMCLGnO_Gjb30Nw
401,8QCqYER9tXQ,잠시 집을 떠나야하는데...그동안 고양이는 저를 잊겠죠?,I have to leave the house for a while... Will the cat forget about me while I'm away?,https://www.youtube.com/watch?v=8QCqYER9tXQ,https://www.youtube.com/watch?v=8QCqYER9tXQ,videos,videos,video,625.0,10.42,False,,기타/엔터테인먼트,https://i.ytimg.com/vi/8QCqYER9tXQ/hqdefault.jpg?sqp=-oaymwEcCNACELwBSFXyq4qpAw4IARUAAIhCGAFwAcABBg==&rs=AOn4CLAquMakvXxdmAsgIObFOnpadeZM8g
402,BkliyCkvp3k,"나가려고 하면 문앞을 막는 고양이, 날 너무 사랑하나봐🤔","나가려고 하면 문앞을 막는 고양이, 날 너무 사랑하나봐🤔",https://www.youtube.com/watch?v=BkliyCkvp3k,https://www.youtube.com/watch?v=BkliyCkvp3k,videos,videos,video,818.0,13.63,False,,기타/엔터테인먼트,https://i.ytimg.com/vi/BkliyCkvp3k/hqdefault.jpg?sqp=-oaymwEcCNACELwBSFXyq4qpAw4IARUAAIhCGAFwAcABBg==&rs=AOn4CLAPxdSw_rYopgAT7E8tC351Fqix6Q
403,bh4Szf4c-kc,입양을 고민하는 초보집사가 반드시 알아야 할 고양이 십계명,Ten Cat Commandments Every New Cat Owner Considering Adoption Must Know,https://www.youtube.com/watch?v=bh4Szf4c-kc,https://www.youtube.com/watch?v=bh4Szf4c-kc,videos,videos,video,652.0,10.87,False,,관계/윤리;서사/상담,https://i.ytimg.com/vi/bh4Szf4c-kc/hqdefault.jpg?sqp=-oaymwEcCNACELwBSFXyq4qpAw4IARUAAIhCGAFwAcABBg==&rs=AOn4CLDCzAl8idgH-Zc60Q1O6NFROtffvg
404,NoYSS_HOTVQ,sub) 애니를 의학 다큐로 받는 수의사가 있다? 톰과 제리 리뷰!,There is a veterinarian who takes cartoon seriously? Reviewing 'Tom and Jerry'!,https://www.youtube.com/watch?v=NoYSS_HOTVQ,https://www.youtube.com/watch?v=NoYSS_HOTVQ,videos,videos,video,603.0,10.05,False,,건강/진료,https://i.ytimg.com/vi/NoYSS_HOTVQ/hqdefault.jpg?sqp=-oaymwEcCNACELwBSFXyq4qpAw4IARUAAIhCGAFwAcABBg==&rs=AOn4CLAS84IXrtdjb78f12vELD1lsDrzoQ
405,RcYk5wQAQ7w,지금껏 몰랐던 고양이가 상자를 좋아하는 과학적 이유 4가지📦,4 Scientific Reasons Why Cats Love Boxes You Never Knew📦,https://www.youtube.com/watch?v=RcYk5wQAQ7w,https://www.youtube.com/watch?v=RcYk5wQAQ7w,videos,videos,video,375.0,6.25,False,,기타/엔터테인먼트,https://i.ytimg.com/vi/RcYk5wQAQ7w/hqdefault.jpg?sqp=-oaymwEcCNACELwBSFXyq4qpAw4IARUAAIhCGAFwAcABBg==&rs=AOn4CLDjlxUdxWyGeY5cOZYiAm6HMzK9XA
406,ZXigM6KAYN0,sub) 장인어른 돈으로 대신 쇼핑해봤습니다 FLEX~💸,I shopped with my father-in-law's money. FLEX~💸,https://www.youtube.com/watch?v=ZXigM6KAYN0,https://www.youtube.com/watch?v=ZXigM6KAYN0,videos,videos,video,409.0,6.82,False,,기타/엔터테인먼트,https://i.ytimg.com/vi/ZXigM6KAYN0/hqdefault.jpg?sqp=-oaymwEcCNACELwBSFXyq4qpAw4IARUAAIhCGAFwAcABBg==&rs=AOn4CLBmR-bV6iDTBtbiVkb7F4uFI2Uklg
407,T0put3S0D8w,고양이 수제간식으로 파인다이닝 차리기,고양이 수제간식으로 파인다이닝 차리기,https://www.youtube.com/watch?v=T0put3S0D8w,https://www.youtube.com/watch?v=T0put3S0D8w,videos,videos,video,732.0,12.2,False,,생활/돌봄,https://i.ytimg.com/vi/T0put3S0D8w/hqdefault.jpg?sqp=-oaymwEcCNACELwBSFXyq4qpAw4IARUAAIhCGAFwAcABBg==&rs=AOn4CLCLsZ-D4dHyFLgns3F4f1xXJFE3tg
408,Y-6dvs7e71M,문열어달라고 울어대서 열어주면 쌩까요 고양이가 절 놀리는 건가요?,문열어달라고 울어대서 열어주면 쌩까요 고양이가 절 놀리는 건가요?,https://www.youtube.com/watch?v=Y-6dvs7e71M,https://www.youtube.com/watch?v=Y-6dvs7e71M,videos,videos,video,772.0,12.87,False,,기타/엔터테인먼트,https://i.ytimg.com/vi/Y-6dvs7e71M/hqdefault.jpg?sqp=-oaymwEcCNACELwBSFXyq4qpAw4IARUAAIhCGAFwAcABBg==&rs=AOn4CLBaqN3VKuy9-i62lIMlJgB4drY1rg
409,Vx42cs-7clg,큰일났어요! 고양이가 이상한 나라로 떨어져요! 착시매트 실험🙀,큰일났어요! 고양이가 이상한 나라로 떨어져요! 착시매트 실험🙀,https://www.youtube.com/watch?v=Vx42cs-7clg,https://www.youtube.com/watch?v=Vx42cs-7clg,videos,videos,video,235.0,3.92,False,,기타/엔터테인먼트,https://i.ytimg.com/vi/Vx42cs-7clg/hqdefault.jpg?sqp=-oaymwEcCNACELwBSFXyq4qpAw4IARUAAIhCGAFwAcABBg==&rs=AOn4CLD0UvDETKHYERYB4J1mqgxqwuYAlQ
410,tARGtlcSMFg,"고양이 엉덩이 닦아주는 삶, 이대로 괜찮은가?",Is this life of wiping cat butts okay?,https://www.youtube.com/watch?v=tARGtlcSMFg,https://www.youtube.com/watch?v=tARGtlcSMFg,videos,videos,video,643.0,10.72,False,,기타/엔터테인먼트,https://i.ytimg.com/vi/tARGtlcSMFg/hqdefault.jpg?sqp=-oaymwEcCNACELwBSFXyq4qpAw4IARUAAIhCGAFwAcABBg==&rs=AOn4CLD7aKc-D4RXSFtj9POWjwAWUWEB-A
411,bCeAq9a5TDg,sub) 고양이가 집사를 핥는 이유 4가지! 🤪👅,4 reasons for cats licking their butlers! 🤪👅,https://www.youtube.com/watch?v=bCeAq9a5TDg,https://www.youtube.com/watch?v=bCeAq9a5TDg,videos,videos,video,509.0,8.48,False,,관계/윤리,https://i.ytimg.com/vi/bCeAq9a5TDg/hqdefault.jpg?sqp=-oaymwEcCNACELwBSFXyq4qpAw4IARUAAIhCGAFwAcABBg==&rs=AOn4CLAm2WpnSsCAZ1ahoDfneRaNUVroGQ
412,jGgprxJT42A,sub) 고양이가 집사에게 사랑받지 못한다고 느끼는 5가지 순간들,5 moments when cats feel they are not loved by their owners,https://www.youtube.com/watch?v=jGgprxJT42A,https://www.youtube.com/watch?v=jGgprxJT42A,videos,videos,video,606.0,10.1,False,,관계/윤리,https://i.ytimg.com/vi/jGgprxJT42A/hqdefault.jpg?sqp=-oaymwEcCNACELwBSFXyq4qpAw4IARUAAIhCGAFwAcABBg==&rs=AOn4CLAPV2HFvhwTi1-6pE6OjTVz-9b5cQ
413,otW6JTpo5l4,sub) 고양이는 진짜 보은을 하나요? 행동전문가 미야옹철의 고양이 애니리뷰(결말포함),Do cats really return the favor? Behavior expert MeowngChul's cat anime review (including ending),https://www.youtube.com/watch?v=otW6JTpo5l4,https://www.youtube.com/watch?v=otW6JTpo5l4,videos,videos,video,537.0,8.95,False,,행동/감정,https://i.ytimg.com/vi/otW6JTpo5l4/hqdefault.jpg?sqp=-oaymwEcCNACELwBSFXyq4qpAw4IARUAAIhCGAFwAcABBg==&rs=AOn4CLDEXOUp_GXVfDWPP6NzFfD4WF8TGA
414,vaNes3RBdNc,v-log) 북촌에서 김치찜 먹고 고양이 전시회 다녀왔어요|북촌도담🥘|블루보틀☕️|고양이투어🐱,v-log) 북촌에서 김치찜 먹고 고양이 전시회 다녀왔어요|북촌도담🥘|블루보틀☕️|고양이투어🐱,https://www.youtube.com/watch?v=vaNes3RBdNc,https://www.youtube.com/watch?v=vaNes3RBdNc,videos,videos,video,425.0,7.08,False,,기타/엔터테인먼트,https://i.ytimg.com/vi/vaNes3RBdNc/hqdefault.jpg?sqp=-oaymwEcCNACELwBSFXyq4qpAw4IARUAAIhCGAFwAcABBg==&rs=AOn4CLApsjleMH2ZmycDacepjxoxZtBaFQ
415,tQRyjZr550g,나이가 몇갠데 아직 엄마젖을 빠는 고양이가 있다? 세상에 이런일이,How old is this cat that still sucks its mother's milk? What the world can do?,https://www.youtube.com/watch?v=tQRyjZr550g,https://www.youtube.com/watch?v=tQRyjZr550g,videos,videos,video,706.0,11.77,False,,서사/상담,https://i.ytimg.com/vi/tQRyjZr550g/hqdefault.jpg?sqp=-oaymwEcCNACELwBSFXyq4qpAw4IARUAAIhCGAFwAcABBg==&rs=AOn4CLAHNvKr36kK7f2Dq0_PRh8L1symPA
416,nH2cx8wtl8s,sub) 영원히 '22마리'일 똥괭이네 할배에게서 온 편지📭,"Letter to Grandpa of the forever ""22-cat house"" 📭",https://www.youtube.com/watch?v=nH2cx8wtl8s,https://www.youtube.com/watch?v=nH2cx8wtl8s,videos,videos,video,848.0,14.13,False,,기타/엔터테인먼트,https://i.ytimg.com/vi/nH2cx8wtl8s/hqdefault.jpg?sqp=-oaymwEcCNACELwBSFXyq4qpAw4IARUAAIhCGAFwAcABBg==&rs=AOn4CLDTWTG43i4LAkAVhESjMAd0zWctqQ
417,SeVUpv9Tg9g,"150마리 고양이 “진짜” 골골송 모음🎧 (고양이를 위한 진정, 힐링, 수면 음악)",REAL Music for Cats |  Soothing Music for Cats | Cat Purring Sounds | Sleepy Cat Song,https://www.youtube.com/watch?v=SeVUpv9Tg9g,https://www.youtube.com/watch?v=SeVUpv9Tg9g,videos,videos,video,1730.0,28.83,False,,행동/감정,https://i.ytimg.com/vi/SeVUpv9Tg9g/hqdefault.jpg?sqp=-oaymwEcCNACELwBSFXyq4qpAw4IARUAAIhCGAFwAcABBg==&rs=AOn4CLDAxC1YB9bSwRfvhSu0GgvqPA9ZYw
418,6xcZnQErHAE,sub) 잠 자는 자세를 보면 우리집 고양이의 기분과 상태를 알수있다?😴💤,"Cats' Sleeping Positions and the Meanings,  Find Out How They Feel 😴💤",https://www.youtube.com/watch?v=6xcZnQErHAE,https://www.youtube.com/watch?v=6xcZnQErHAE,videos,videos,video,580.0,9.67,False,,기타/엔터테인먼트,https://i.ytimg.com/vi/6xcZnQErHAE/hqdefault.jpg?sqp=-oaymwEcCNACELwBSFXyq4qpAw4IARUAAIhCGAFwAcABBg==&rs=AOn4CLByZjbMhFBkFCl6_S8kcjwoXqc2Bw
419,5dlpnki9PNA,단돈 0원 먹이퍼즐 DIY🧸 김명철 선생님의 만들어볼까요?,DIY 0 won food puzzle🧸 Want to try making it with teacher Kim Myeong-cheol?,https://www.youtube.com/watch?v=5dlpnki9PNA,https://www.youtube.com/watch?v=5dlpnki9PNA,videos,videos,video,579.0,9.65,False,,기타/엔터테인먼트,https://i.ytimg.com/vi/5dlpnki9PNA/hqdefault.jpg?sqp=-oaymwEcCNACELwBSFXyq4qpAw4IARUAAIhCGAFwAcABBg==&rs=AOn4CLDtvVxdnh9WVYT2NMPnUYP1R7FaYw
420,VQ-oLZ_viwE,양볼에 도토리 15개쯤 넣은거 같은 우리 고양이 정상인가요?,양볼에 도토리 15개쯤 넣은거 같은 우리 고양이 정상인가요?,https://www.youtube.com/watch?v=VQ-oLZ_viwE,https://www.youtube.com/watch?v=VQ-oLZ_viwE,videos,videos,video,705.0,11.75,False,,건강/진료,https://i.ytimg.com/vi/VQ-oLZ_viwE/hqdefault.jpg?sqp=-oaymwEcCNACELwBSFXyq4qpAw4IARUAAIhCGAFwAcABBg==&rs=AOn4CLD9Hw0fo3Mh_D56dBdkbIMb3sMkLQ
421,C1dsnD5nMto,고양이 털색과 성격은 정말 상관있는걸까? | 미야옹서베이,Are cat's fur color and characteristics correlated? Myeongcheol's big data open!,https://www.youtube.com/watch?v=C1dsnD5nMto,https://www.youtube.com/watch?v=C1dsnD5nMto,videos,videos,video,724.0,12.07,False,,행동/감정;품종/지식,https://i.ytimg.com/vi/C1dsnD5nMto/hqdefault.jpg?sqp=-oaymwEcCNACELwBSFXyq4qpAw4IARUAAIhCGAFwAcABBg==&rs=AOn4CLBNxFWcS0ZCGTTgi3WJdYaXbmuAzQ
422,0WMxEla5NBs,이런 제가 감히 고양님을 키워도 될까요...?🥺 고없파의 순수한 질문! 집사의 자격은 뭘까?,Can someone like me dare to raise a cat...?🥺 A pure question from Go-eup-pa! What are the qualifi...,https://www.youtube.com/watch?v=0WMxEla5NBs,https://www.youtube.com/watch?v=0WMxEla5NBs,videos,videos,video,678.0,11.3,False,,관계/윤리,https://i.ytimg.com/vi/0WMxEla5NBs/hqdefault.jpg?sqp=-oaymwEcCNACELwBSFXyq4qpAw4IARUAAIhCGAFwAcABBg==&rs=AOn4CLB0md7NhidZLxiaJPtRH-I0IuVeOA
423,lKycfeLhVSs,그렇게 됐다. 고양이가 핥아서 탈모 되기로.,That's what happened. The cat licked my hair and it started to fall out.,https://www.youtube.com/watch?v=lKycfeLhVSs,https://www.youtube.com/watch?v=lKycfeLhVSs,videos,videos,video,677.0,11.28,False,,기타/엔터테인먼트,https://i.ytimg.com/vi/lKycfeLhVSs/hqdefault.jpg?sqp=-oaymwEcCNACELwBSFXyq4qpAw4IARUAAIhCGAFwAcABBg==&rs=AOn4CLBuRT0JLGplsk_UpVmCvWuj1m1d1Q
424,TAeQmjV4zYg,sub) 사랑이 참 지독하다.....고양이 입냄새의 원인 6가지!,Love is really foul.....6 causes for cat's bad breath!,https://www.youtube.com/watch?v=TAeQmjV4zYg,https://www.youtube.com/watch?v=TAeQmjV4zYg,videos,videos,video,497.0,8.28,False,,기타/엔터테인먼트,https://i.ytimg.com/vi/TAeQmjV4zYg/hqdefault.jpg?sqp=-oaymwEcCNACELwBSFXyq4qpAw4IARUAAIhCGAFwAcABBg==&rs=AOn4CLDXDVGXmAOUcDFSxN5Z85snwQLrug
425,iNVTu-d0d3w,하루를 만드는 습관🌤️갓생사는 고양이의 모닝루틴😼,Habits that make your day🌤️The morning routine of a newborn cat😼,https://www.youtube.com/watch?v=iNVTu-d0d3w,https://www.youtube.com/watch?v=iNVTu-d0d3w,videos,videos,video,462.0,7.7,False,,기타/엔터테인먼트,https://i.ytimg.com/vi/iNVTu-d0d3w/hqdefault.jpg?sqp=-oaymwEcCNACELwBSFXyq4qpAw4IARUAAIhCGAFwAcABBg==&rs=AOn4CLCnHmuh9qqz2ZOp86fFR82JGo3TIg
426,t4itUbShqY8,내탓이오 내가 만들었소...고양이 분리불안 만드는 집사의 5가지 습관,내탓이오 내가 만들었소...고양이 분리불안 만드는 집사의 5가지 습관,https://www.youtube.com/watch?v=t4itUbShqY8,https://www.youtube.com/watch?v=t4itUbShqY8,videos,videos,video,658.0,10.97,False,,행동/감정;관계/윤리,https://i.ytimg.com/vi/t4itUbShqY8/hqdefault.jpg?sqp=-oaymwEcCNACELwBSFXyq4qpAw4IARUAAIhCGAFwAcABBg==&rs=AOn4CLDLCM7tInyF_nrEjKc77r2OOWL-ng
427,TWgfpH6u5u4,보일러면 될 줄 알았는데 🥶 고양이와 건강한 겨울나기 꿀팁 5 가지!,보일러면 될 줄 알았는데 🥶 고양이와 건강한 겨울나기 꿀팁 5 가지!,https://www.youtube.com/watch?v=TWgfpH6u5u4,https://www.youtube.com/watch?v=TWgfpH6u5u4,videos,videos,video,632.0,10.53,False,,기타/엔터테인먼트,https://i.ytimg.com/vi/TWgfpH6u5u4/hqdefault.jpg?sqp=-oaymwEcCNACELwBSFXyq4qpAw4IARUAAIhCGAFwAcABBg==&rs=AOn4CLBAm_rBcI4JEguYZi-U-KXkwj-3-Q
428,yEySNnjekHc,sub) 😼이리오너라~고양이와 함께 사는 수의사네 집 룸투어,😼Hello there~ Room tour of Vet's house with the cats,https://www.youtube.com/watch?v=yEySNnjekHc,https://www.youtube.com/watch?v=yEySNnjekHc,videos,videos,video,675.0,11.25,False,,건강/진료,https://i.ytimg.com/vi/yEySNnjekHc/hqdefault.jpg?sqp=-oaymwEcCNACELwBSFXyq4qpAw4IARUAAIhCGAFwAcABBg==&rs=AOn4CLBzyW8_9KhoV6UwiHFZTDQHouEkow
429,ySt-m5UdtE0,고없파 대표로 고양이집 찾아가봤습니다,고없파 대표로 고양이집 찾아가봤습니다,https://www.youtube.com/watch?v=ySt-m5UdtE0,https://www.youtube.com/watch?v=ySt-m5UdtE0,videos,videos,video,443.0,7.38,False,,기타/엔터테인먼트,https://i.ytimg.com/vi/ySt-m5UdtE0/hqdefault.jpg?sqp=-oaymwEcCNACELwBSFXyq4qpAw4IARUAAIhCGAFwAcABBg==&rs=AOn4CLCs_30mxPkpUbd9vgLwdqrjnCzn9g
430,scycspFJw58,역시…곤란한가요? 고양이에게 『삐약』소리를 들으면?,Is it… difficult? What if you hear a cat making a “peek” sound?,https://www.youtube.com/watch?v=scycspFJw58,https://www.youtube.com/watch?v=scycspFJw58,videos,videos,video,813.0,13.55,False,,기타/엔터테인먼트,https://i.ytimg.com/vi/scycspFJw58/hqdefault.jpg?sqp=-oaymwEcCNACELwBSFXyq4qpAw4IARUAAIhCGAFwAcABBg==&rs=AOn4CLCv6ltF5QLM23oNXtF0wV1_Ldiaog
431,m0yFhVdNXsE,sub) [v-log] 수의사네 고양이랑 이사하는 날😼🚛,[v-log] The moving-out day with the cats of a vet😼🚛,https://www.youtube.com/watch?v=m0yFhVdNXsE,https://www.youtube.com/watch?v=m0yFhVdNXsE,videos,videos,video,529.0,8.82,False,,건강/진료,https://i.ytimg.com/vi/m0yFhVdNXsE/hqdefault.jpg?sqp=-oaymwEcCNACELwBSFXyq4qpAw4IARUAAIhCGAFwAcABBg==&rs=AOn4CLD53VMWvAiTuxlC69_DLl4rLKih8Q
432,XYw3n0Q7YDU,고양이와 함께하는 이사의 모든것! 미야옹철 이삿짐센터는 편-안하다🚚,Everything you need to know about moving with your cat! Meowchul Moving Center is comfortable🚚,https://www.youtube.com/watch?v=XYw3n0Q7YDU,https://www.youtube.com/watch?v=XYw3n0Q7YDU,videos,videos,video,408.0,6.8,False,,기타/엔터테인먼트,https://i.ytimg.com/vi/XYw3n0Q7YDU/hqdefault.jpg?sqp=-oaymwEcCNACELwBSFXyq4qpAw4IARUAAIhCGAFwAcABBg==&rs=AOn4CLBj4MHQ8oMqSU-lIG2YU210ik9d1Q
433,1xB0UStptSc,이 영역은 누가 차지할지…게임에 참여하시겠습니까?,이 영역은 누가 차지할지…게임에 참여하시겠습니까?,https://www.youtube.com/watch?v=1xB0UStptSc,https://www.youtube.com/watch?v=1xB0UStptSc,videos,videos,video,199.0,3.32,False,,기타/엔터테인먼트,https://i.ytimg.com/vi/1xB0UStptSc/hqdefault.jpg?sqp=-oaymwEcCNACELwBSFXyq4qpAw4IARUAAIhCGAFwAcABBg==&rs=AOn4CLBuW9DReu6cAzOXITBHBMlrGO1mGg
434,-HlO9W1X0yM,생존의 달인 명철그릴스와 고양이 비상가방 싸기🎒,Survival Master Myungcheol Grills and Cat Emergency Kit Packing🎒,https://www.youtube.com/watch?v=-HlO9W1X0yM,https://www.youtube.com/watch?v=-HlO9W1X0yM,videos,videos,video,453.0,7.55,False,,기타/엔터테인먼트,https://i.ytimg.com/vi/-HlO9W1X0yM/hqdefault.jpg?sqp=-oaymwEcCNACELwBSFXyq4qpAw4IARUAAIhCGAFwAcABBg==&rs=AOn4CLCnQ6lyWeM5uPdWh-oOXd2EHfSxjA
435,s9TsWdJdJyM,sub) 배고픔? 오히려 좋아! 내밥은 내가 찾는 먹보 쫀떡이의 언어통역!,"Hungry? Rather, good! Language interpretation of big eater Jjonddeok who looks for food.",https://www.youtube.com/watch?v=s9TsWdJdJyM,https://www.youtube.com/watch?v=s9TsWdJdJyM,videos,videos,video,778.0,12.97,False,,생활/돌봄,https://i.ytimg.com/vi/s9TsWdJdJyM/hqdefault.jpg?sqp=-oaymwEcCNACELwBSFXyq4qpAw4IARUAAIhCGAFwAcABBg==&rs=AOn4CLCp5pYCbuWKsxuSQiEL26lbFgZsfA
436,CwBJUFAblGg,원치 않았는데 이 힘을…나는 왜이렇게 강해진거야? 그건 면역력💪,I didn't want this power... Why did I become so strong? It's immunity💪,https://www.youtube.com/watch?v=CwBJUFAblGg,https://www.youtube.com/watch?v=CwBJUFAblGg,videos,videos,video,612.0,10.2,False,,기타/엔터테인먼트,https://i.ytimg.com/vi/CwBJUFAblGg/hqdefault.jpg?sqp=-oaymwEcCNACELwBSFXyq4qpAw4IARUAAIhCGAFwAcABBg==&rs=AOn4CLBf4nxk1UAUFMnFjL6oFsqB-mDU-g
437,eajYxZ1mmIY,"이 시국 나와 꼭 붙어있어야 했던 고양이의 솔찍헌 심정 고백,,,","이 시국 나와 꼭 붙어있어야 했던 고양이의 솔찍헌 심정 고백,,,",https://www.youtube.com/watch?v=eajYxZ1mmIY,https://www.youtube.com/watch?v=eajYxZ1mmIY,videos,videos,video,544.0,9.07,False,,기타/엔터테인먼트,https://i.ytimg.com/vi/eajYxZ1mmIY/hqdefault.jpg?sqp=-oaymwEcCNACELwBSFXyq4qpAw4IARUAAIhCGAFwAcABBg==&rs=AOn4CLBY7jD6n2OrjBLJjiMIQobg90uvEA
438,bnO8QEkgoa8,"늦게 들어온 날만 이불에 똥싸는 고양이, 절 맥이는걸까요?","늦게 들어온 날만 이불에 똥싸는 고양이, 절 맥이는걸까요?",https://www.youtube.com/watch?v=bnO8QEkgoa8,https://www.youtube.com/watch?v=bnO8QEkgoa8,videos,videos,video,660.0,11.0,False,,기타/엔터테인먼트,https://i.ytimg.com/vi/bnO8QEkgoa8/hqdefault.jpg?sqp=-oaymwEcCNACELwBSFXyq4qpAw4IARUAAIhCGAFwAcABBg==&rs=AOn4CLCJii7pU5Yyw0-i9ZcxzWva8yhmsg
439,O_1_lE2H2dc,고양이끼리 영상통화를 시켜봤다 그 반응은?,고양이끼리 영상통화를 시켜봤다 그 반응은?,https://www.youtube.com/watch?v=O_1_lE2H2dc,https://www.youtube.com/watch?v=O_1_lE2H2dc,videos,videos,video,298.0,4.97,False,,기타/엔터테인먼트,https://i.ytimg.com/vi/O_1_lE2H2dc/hqdefault.jpg?sqp=-oaymwEcCNACELwBSFXyq4qpAw4IARUAAIhCGAFwAcABBg==&rs=AOn4CLCUzrNoLYJPvo-8uJAMGqLVQohZFg
440,6DKW7moijOg,바람맞는걸 즐기는 고양이가 있다?,바람맞는걸 즐기는 고양이가 있다?,https://www.youtube.com/watch?v=6DKW7moijOg,https://www.youtube.com/watch?v=6DKW7moijOg,videos,videos,video,811.0,13.52,False,,기타/엔터테인먼트,https://i.ytimg.com/vi/6DKW7moijOg/hqdefault.jpg?sqp=-oaymwEcCNACELwBSFXyq4qpAw4IARUAAIhCGAFwAcABBg==&rs=AOn4CLBW07IXHdkGJuUVPlWmeDP-XksLKA
441,uJtli1Zb-D0,병원 가야하는 고양이 응급상황 8가지🚨우리집 고양이 이런모습 보이면 바로 병원으로 들고 튀세요!!,"8 Cat Emergencies That Require a Visit to the Hospital🚨If your cat looks like this, take them to ...",https://www.youtube.com/watch?v=uJtli1Zb-D0,https://www.youtube.com/watch?v=uJtli1Zb-D0,videos,videos,video,540.0,9.0,False,,건강/진료,https://i.ytimg.com/vi/uJtli1Zb-D0/hqdefault.jpg?sqp=-oaymwEcCNACELwBSFXyq4qpAw4IARUAAIhCGAFwAcABBg==&rs=AOn4CLDBtaEwcJWUsor08mEv4S8R2WcAXw
442,kQjX0ozll4o,sub) 고양이의 하트를 노려라🏹💕고양이가 좋아하는 것 12가지💘,Go for cat's heart🏹💕12 things cats like💘,https://www.youtube.com/watch?v=kQjX0ozll4o,https://www.youtube.com/watch?v=kQjX0ozll4o,videos,videos,video,839.0,13.98,False,,기타/엔터테인먼트,https://i.ytimg.com/vi/kQjX0ozll4o/hqdefault.jpg?sqp=-oaymwEcCNACELwBSFXyq4qpAw4IARUAAIhCGAFwAcABBg==&rs=AOn4CLC-1odnyLap1b5CGg0xdBjxZgFprw
443,N3yxrBCLiLo,sub) 김명철 수의사가 본 가장 무서운 '고양이 품종별 고양이 유전병' 5가지,The 5 scariest 'cat hereditary disease' seen by vet Kim Myung-chul,https://www.youtube.com/watch?v=N3yxrBCLiLo,https://www.youtube.com/watch?v=N3yxrBCLiLo,videos,videos,video,872.0,14.53,False,,건강/진료;품종/지식,https://i.ytimg.com/vi/N3yxrBCLiLo/hqdefault.jpg?sqp=-oaymwEcCNACELwBSFXyq4qpAw4IARUAAIhCGAFwAcABBg==&rs=AOn4CLC1uSrhsIVKfnGnrtMM_qJ2xj7ZuA
444,1dcW6VFX4L8,택배도 마음대로 못 시키나요…고양이들이 고나리를 합니다,Can't even order a package in peace… my cats are micromanaging me,https://www.youtube.com/watch?v=1dcW6VFX4L8,https://www.youtube.com/watch?v=1dcW6VFX4L8,videos,videos,video,298.0,4.97,False,,기타/엔터테인먼트,https://i.ytimg.com/vi/1dcW6VFX4L8/hqdefault.jpg?sqp=-oaymwEcCNACELwBSFXyq4qpAw4IARUAAIhCGAFwAcABBg==&rs=AOn4CLCBfKEaJ7XbcUbbStZFpq1Tq8PENA
445,LC91Q111XPo,눈썹문신 하고 고양이가 절 못 알아보는 거 같아요ㅠㅠㅠㅠㅠ,눈썹문신 하고 고양이가 절 못 알아보는 거 같아요ㅠㅠㅠㅠㅠ,https://www.youtube.com/watch?v=LC91Q111XPo,https://www.youtube.com/watch?v=LC91Q111XPo,videos,videos,video,809.0,13.48,False,,행동/감정,https://i.ytimg.com/vi/LC91Q111XPo/hqdefault.jpg?sqp=-oaymwEcCNACELwBSFXyq4qpAw4IARUAAIhCGAFwAcABBg==&rs=AOn4CLA1nfxJI8ABWeBnfjxo9xsAfY_lUg
446,a9yWOm2uOio,sub) [v-log] 동물병원에서 벌어지는 일! 수의사의 하루는 어떻게 흘러갈까?,[v-log] What happens at an animal hospital! How's a day of a vet?,https://www.youtube.com/watch?v=a9yWOm2uOio,https://www.youtube.com/watch?v=a9yWOm2uOio,videos,videos,video,449.0,7.48,False,,건강/진료,https://i.ytimg.com/vi/a9yWOm2uOio/hqdefault.jpg?sqp=-oaymwEcCNACELwBSFXyq4qpAw4IARUAAIhCGAFwAcABBg==&rs=AOn4CLDJSglZWX5EfyC-KguoawNQ8_8VpA
447,064U3vi0fh0,고양이가 이 냄새를 너무 좋아합니다 잡으러 갈 파티원 구함(1/n),고양이가 이 냄새를 너무 좋아합니다 잡으러 갈 파티원 구함(1/n),https://www.youtube.com/watch?v=064U3vi0fh0,https://www.youtube.com/watch?v=064U3vi0fh0,videos,videos,video,705.0,11.75,False,,기타/엔터테인먼트,https://i.ytimg.com/vi/064U3vi0fh0/hqdefault.jpg?sqp=-oaymwEcCNACELwBSFXyq4qpAw4IARUAAIhCGAFwAcABBg==&rs=AOn4CLB4uABoKQCMrmyRV9IY13n53sFQOQ
448,1krSKLmtSQk,sub) 이것 때문에 동물병원에 왔다고? 김명철 수의사가 찐으로 당황했던 진료 Top 5,Came to the veterinary clinic for this? Top 5 animal patients that startled doctor Kim.,https://www.youtube.com/watch?v=1krSKLmtSQk,https://www.youtube.com/watch?v=1krSKLmtSQk,videos,videos,video,672.0,11.2,False,,건강/진료,https://i.ytimg.com/vi/1krSKLmtSQk/hqdefault.jpg?sqp=-oaymwEcCNACELwBSFXyq4qpAw4IARUAAIhCGAFwAcABBg==&rs=AOn4CLAzCj-6sY27qFMtnhE3I-D8DzDx5w
449,yqLla5LbpH8,sub) 사랑인가? 증오인가? 애정과 비명이 난무하는 아리랑은고양이 채널 통역!,Is this love? Is this hate? Translating Arirang channel full of love and screaming!,https://www.youtube.com/watch?v=yqLla5LbpH8,https://www.youtube.com/watch?v=yqLla5LbpH8,videos,videos,video,744.0,12.4,False,,기타/엔터테인먼트,https://i.ytimg.com/vi/yqLla5LbpH8/hqdefault.jpg?sqp=-oaymwEcCNACELwBSFXyq4qpAw4IARUAAIhCGAFwAcABBg==&rs=AOn4CLDm3L-1qGyyBrj3uMbvH-tXVgjK1A
450,A0fggYnKlDU,호섭처남은 혼자 있고 싶지 않았다,호섭처남은 혼자 있고 싶지 않았다,https://www.youtube.com/watch?v=A0fggYnKlDU,https://www.youtube.com/watch?v=A0fggYnKlDU,videos,videos,video,217.0,3.62,False,,기타/엔터테인먼트,https://i.ytimg.com/vi/A0fggYnKlDU/hqdefault.jpg?sqp=-oaymwEcCNACELwBSFXyq4qpAw4IARUAAIhCGAFwAcABBg==&rs=AOn4CLBYIACTPqow5zFtX5s_WiYniyQDcw
451,HYfbB2xdU4w,고양이의 시간은 4배 더 빨리간다...노령묘의 모든 것,Time flies four times faster for cats... Everything you need to know about senior cats,https://www.youtube.com/watch?v=HYfbB2xdU4w,https://www.youtube.com/watch?v=HYfbB2xdU4w,videos,videos,video,853.0,14.22,False,,기타/엔터테인먼트,https://i.ytimg.com/vi/HYfbB2xdU4w/hqdefault.jpg?sqp=-oaymwEcCNACELwBSFXyq4qpAw4IARUAAIhCGAFwAcABBg==&rs=AOn4CLDM6sJIAw-X8h6FJLwYA6Axo9dO3Q
452,3RTGXya0-hk,"그많은 고양이 티셔츠, 어디서 샀을까? 미야옹철 수의사 '고양이 룩북'","그많은 고양이 티셔츠, 어디서 샀을까? 미야옹철 수의사 '고양이 룩북'",https://www.youtube.com/watch?v=3RTGXya0-hk,https://www.youtube.com/watch?v=3RTGXya0-hk,videos,videos,video,494.0,8.23,False,,건강/진료,https://i.ytimg.com/vi/3RTGXya0-hk/hqdefault.jpg?sqp=-oaymwEcCNACELwBSFXyq4qpAw4IARUAAIhCGAFwAcABBg==&rs=AOn4CLA_5QY8aTU-zIlYExAvcyP1gEbQbw
453,swslJsdATSs,고양이도 꿈을 꿀까?🌛,고양이도 꿈을 꿀까?🌛,https://www.youtube.com/watch?v=swslJsdATSs,https://www.youtube.com/watch?v=swslJsdATSs,videos,videos,video,711.0,11.85,False,,기타/엔터테인먼트,https://i.ytimg.com/vi/swslJsdATSs/hqdefault.jpg?sqp=-oaymwEcCNACELwBSFXyq4qpAw4IARUAAIhCGAFwAcABBg==&rs=AOn4CLACH_NkzH6r64Bl4rEbTiwQv7CF2g
454,rbonA-Qiab8,그것은 바로 고양이 헤어볼🧶,그것은 바로 고양이 헤어볼🧶,https://www.youtube.com/watch?v=rbonA-Qiab8,https://www.youtube.com/watch?v=rbonA-Qiab8,videos,videos,video,521.0,8.68,False,,기타/엔터테인먼트,https://i.ytimg.com/vi/rbonA-Qiab8/hqdefault.jpg?sqp=-oaymwEcCNACELwBSFXyq4qpAw4IARUAAIhCGAFwAcABBg==&rs=AOn4CLDO2sn6-WnIiQAsenRsADy_Qs86hw
455,HftCZ-QvdNU,수의사집 간식 다 털렸죠? 라이브 도중 급습한 왕도둑 애기씨,"Did you steal all the vet's snacks? That thief, Aegis, raided the live stream.",https://www.youtube.com/watch?v=HftCZ-QvdNU,https://www.youtube.com/watch?v=HftCZ-QvdNU,videos,videos,video,809.0,13.48,False,,건강/진료;생활/돌봄;품종/지식,https://i.ytimg.com/vi/HftCZ-QvdNU/hqdefault.jpg?sqp=-oaymwEcCNACELwBSFXyq4qpAw4IARUAAIhCGAFwAcABBg==&rs=AOn4CLBgYX7Rz-2Zch8kvVg6EzrbWico9Q
456,95jF6EgewBo,☠️고양이조심❗️고부해 '100세 할머니의 수호천사 지웅이' 비하인드,☠️고양이조심❗️고부해 '100세 할머니의 수호천사 지웅이' 비하인드,https://www.youtube.com/watch?v=95jF6EgewBo,https://www.youtube.com/watch?v=95jF6EgewBo,videos,videos,video,313.0,5.22,False,,기타/엔터테인먼트,https://i.ytimg.com/vi/95jF6EgewBo/hqdefault.jpg?sqp=-oaymwEcCNACELwBSFXyq4qpAw4IARUAAIhCGAFwAcABBg==&rs=AOn4CLAq5gu4N1ZULi73LFYXUXDZRhv6tQ
457,H2KLIta6LMY,슉슉슈슉.슉.슉. 고양이 스트레스 없애기 슉.슈슉,Swish swish swish. Swish. Swish. Cat stress relief swish swish,https://www.youtube.com/watch?v=H2KLIta6LMY,https://www.youtube.com/watch?v=H2KLIta6LMY,videos,videos,video,613.0,10.22,False,,행동/감정,https://i.ytimg.com/vi/H2KLIta6LMY/hqdefault.jpg?sqp=-oaymwEcCNACELwBSFXyq4qpAw4IARUAAIhCGAFwAcABBg==&rs=AOn4CLBmXD6_y2WfdrDCF8vbcZ8uTt8MEQ
458,3-ubCq3q_B0,sub)너네 대체 왜그래? 고양이가 싸우는 이유 6가지!,What's wrong with you? 6 reasons why cats fight,https://www.youtube.com/watch?v=3-ubCq3q_B0,https://www.youtube.com/watch?v=3-ubCq3q_B0,videos,videos,video,625.0,10.42,False,,기타/엔터테인먼트,https://i.ytimg.com/vi/3-ubCq3q_B0/hqdefault.jpg?sqp=-oaymwEcCNACELwBSFXyq4qpAw4IARUAAIhCGAFwAcABBg==&rs=AOn4CLAqDAcY8J8TTuojZYaqRq4WlCVaYQ
459,alrJvCGEyzU,sub) 내 고양이가 행복하다는 증거 7가지,7 proofs that your cat is happy,https://www.youtube.com/watch?v=alrJvCGEyzU,https://www.youtube.com/watch?v=alrJvCGEyzU,videos,videos,video,482.0,8.03,False,,기타/엔터테인먼트,https://i.ytimg.com/vi/alrJvCGEyzU/hqdefault.jpg?sqp=-oaymwEcCNACELwBSFXyq4qpAw4IARUAAIhCGAFwAcABBg==&rs=AOn4CLDjtlP5ZTOSkYI_SBi3ZkAh60U0OA
460,1s3q2lIJxo0,sub) 새끼고양이 쪼꾸미의 절박한 구조신호😿 매탈남 채널 통역 2탄,Desperate SOS from kitten CHOCOME😿 2nd interpretation of MATALNAM Channel,https://www.youtube.com/watch?v=1s3q2lIJxo0,https://www.youtube.com/watch?v=1s3q2lIJxo0,videos,videos,video,854.0,14.23,False,,관계/윤리,https://i.ytimg.com/vi/1s3q2lIJxo0/hqdefault.jpg?sqp=-oaymwEcCNACELwBSFXyq4qpAw4IARUAAIhCGAFwAcABBg==&rs=AOn4CLD4QF-kzHoTQ0Y2bfRBC-qSnrpFDw
461,B-_hdHkPRbE,강 스파이크 날리는 고양이🔥,강 스파이크 날리는 고양이🔥,https://www.youtube.com/watch?v=B-_hdHkPRbE,https://www.youtube.com/watch?v=B-_hdHkPRbE,videos,videos,video,97.0,1.62,False,,기타/엔터테인먼트,https://i.ytimg.com/vi/B-_hdHkPRbE/hqdefault.jpg?sqp=-oaymwEcCNACELwBSFXyq4qpAw4IARUAAIhCGAFwAcABBg==&rs=AOn4CLD-IQFA97DoZbO_0HFf3tVSYcqxBg
462,785X6h96NJ4,"[Q&A] 돌아온 미야옹철수의사 큐앤에이! 휴모님과 러브스토리, 애기씨 수술일정 등 TMI대방출🎬","[Q&A] Dr. Meow Cheol-su is back! He reveals his love story with Humo, his baby's surgery schedule...",https://www.youtube.com/watch?v=785X6h96NJ4,https://www.youtube.com/watch?v=785X6h96NJ4,videos,videos,video,749.0,12.48,False,,서사/상담;건강/진료,https://i.ytimg.com/vi/785X6h96NJ4/hqdefault.jpg?sqp=-oaymwEcCNACELwBSFXyq4qpAw4IARUAAIhCGAFwAcABBg==&rs=AOn4CLCA6YzQ4jqB4Ki0pemU67uoDRfHzw
463,SCy6EsfT_qE,sub) 고양이 혼자 두고 집사는 몇박 며칠까지 외박 가능할까?🏡,sub) How many days can a cat owner leave the house?🏡,https://www.youtube.com/watch?v=SCy6EsfT_qE,https://www.youtube.com/watch?v=SCy6EsfT_qE,videos,videos,video,454.0,7.57,False,,관계/윤리,https://i.ytimg.com/vi/SCy6EsfT_qE/hqdefault.jpg?sqp=-oaymwEcCNACELwBSFXyq4qpAw4IARUAAIhCGAFwAcABBg==&rs=AOn4CLCwb-pkOYbbnwpZqdcSLCxcoYGgDw
464,PTiER8kF8UU,고양이 안약 넣기 이걸로 종결합니다,This concludes the cat eye drop application process.,https://www.youtube.com/watch?v=PTiER8kF8UU,https://www.youtube.com/watch?v=PTiER8kF8UU,videos,videos,video,418.0,6.97,False,,기타/엔터테인먼트,https://i.ytimg.com/vi/PTiER8kF8UU/hqdefault.jpg?sqp=-oaymwEcCNACELwBSFXyq4qpAw4IARUAAIhCGAFwAcABBg==&rs=AOn4CLBdSfppKVobbd-c-d3qazCQNLV5kA
465,YQhrieKaF8Y,3일만에 엄마 만난 고양이의 반응❤️ (귀여움 주의),A cat's reaction to meeting its mother after 3 days❤️ (Warning: so cute!),https://www.youtube.com/watch?v=YQhrieKaF8Y,https://www.youtube.com/watch?v=YQhrieKaF8Y,videos,videos,video,295.0,4.92,False,,행동/감정;서사/상담,https://i.ytimg.com/vi/YQhrieKaF8Y/hqdefault.jpg?sqp=-oaymwEcCNACELwBSFXyq4qpAw4IARUAAIhCGAFwAcABBg==&rs=AOn4CLDRj9TLBtJPPQyMh2tlvE5Q6S1_dw
466,y_6zwTxnbag,"화장실 모래, 고양이가 먹으면...😨","화장실 모래, 고양이가 먹으면...😨",https://www.youtube.com/watch?v=y_6zwTxnbag,https://www.youtube.com/watch?v=y_6zwTxnbag,videos,videos,video,621.0,10.35,False,,생활/돌봄,https://i.ytimg.com/vi/y_6zwTxnbag/hqdefault.jpg?sqp=-oaymwEcCNACELwBSFXyq4qpAw4IARUAAIhCGAFwAcABBg==&rs=AOn4CLDhh9jbTkIh7ktzaTZV7nbcjbd_pQ
467,g1OigtJvQ1Y,화장실까지 따라와서 말 거는 수다쟁이 고양이의 진실,The truth about the chatty cat that follows you to the bathroom and talks to you,https://www.youtube.com/watch?v=g1OigtJvQ1Y,https://www.youtube.com/watch?v=g1OigtJvQ1Y,videos,videos,video,562.0,9.37,False,,생활/돌봄,https://i.ytimg.com/vi/g1OigtJvQ1Y/hqdefault.jpg?sqp=-oaymwEcCNACELwBSFXyq4qpAw4IARUAAIhCGAFwAcABBg==&rs=AOn4CLBBAeXz81jdXZjrutj8DlJoPrJKxw
468,N91OFTj3Lbs,단돈 0원으로 사냥놀이 효과 100배 높여주는 냥꿀템 5가지🎣,5 cat-friendly items that will increase the effectiveness of your hunting game by 100 times for j...,https://www.youtube.com/watch?v=N91OFTj3Lbs,https://www.youtube.com/watch?v=N91OFTj3Lbs,videos,videos,video,443.0,7.38,False,,행동/감정,https://i.ytimg.com/vi/N91OFTj3Lbs/hqdefault.jpg?sqp=-oaymwEcCNACELwBSFXyq4qpAw4IARUAAIhCGAFwAcABBg==&rs=AOn4CLCXDBn9xAKrFFYd0G-nBesT-GWXKA
469,SO-SHL6PlRM,"물고 울고 꾹꾹이...고양이 애착인형, 그냥 둬도 되나요?","물고 울고 꾹꾹이...고양이 애착인형, 그냥 둬도 되나요?",https://www.youtube.com/watch?v=SO-SHL6PlRM,https://www.youtube.com/watch?v=SO-SHL6PlRM,videos,videos,video,619.0,10.32,False,,행동/감정,https://i.ytimg.com/vi/SO-SHL6PlRM/hqdefault.jpg?sqp=-oaymwEcCNACELwBSFXyq4qpAw4IARUAAIhCGAFwAcABBg==&rs=AOn4CLBNszgBvb23Wt8hoNzFIw6YxvKRdg
470,rt1rCmdWPHc,sub)모험을 떠난 연님이로부터 온 연락! 하하하 채널 통역 3탄,Call from Yeonnim who went on the adventure!! Hahaha channel translation Part 3,https://www.youtube.com/watch?v=rt1rCmdWPHc,https://www.youtube.com/watch?v=rt1rCmdWPHc,videos,videos,video,871.0,14.52,False,,기타/엔터테인먼트,https://i.ytimg.com/vi/rt1rCmdWPHc/hqdefault.jpg?sqp=-oaymwEcCNACELwBSFXyq4qpAw4IARUAAIhCGAFwAcABBg==&rs=AOn4CLChYdFB2z3Xy0YxhNk8QZJtD_iPRw
471,HP83BDtj1rc,"젤리 꼬순내, 그런데 암내를 곁들인...고양이 젤리의 모든 것!","젤리 꼬순내, 그런데 암내를 곁들인...고양이 젤리의 모든 것!",https://www.youtube.com/watch?v=HP83BDtj1rc,https://www.youtube.com/watch?v=HP83BDtj1rc,videos,videos,video,483.0,8.05,False,,기타/엔터테인먼트,https://i.ytimg.com/vi/HP83BDtj1rc/hqdefault.jpg?sqp=-oaymwEcCNACELwBSFXyq4qpAw4IARUAAIhCGAFwAcABBg==&rs=AOn4CLDtRiKHMhOHfRs4-TNbf8S44Xg4WQ
472,k8ndEXTKHTk,sub) 고양이가 좋아하는 스킨십과 싫어하는 스킨십 3가지🤟,sub) Three ways to touch and not to touch a cat🤟,https://www.youtube.com/watch?v=k8ndEXTKHTk,https://www.youtube.com/watch?v=k8ndEXTKHTk,videos,videos,video,577.0,9.62,False,,기타/엔터테인먼트,https://i.ytimg.com/vi/k8ndEXTKHTk/hqdefault.jpg?sqp=-oaymwEcCNACELwBSFXyq4qpAw4IARUAAIhCGAFwAcABBg==&rs=AOn4CLCBUVhaZcgzTkbRkBCnAaBm54dwGQ
473,VUbIyW8aPY8,💩싸는거 구경하면 고양이는 부끄러울까?,💩싸는거 구경하면 고양이는 부끄러울까?,https://www.youtube.com/watch?v=VUbIyW8aPY8,https://www.youtube.com/watch?v=VUbIyW8aPY8,videos,videos,video,553.0,9.22,False,,기타/엔터테인먼트,https://i.ytimg.com/vi/VUbIyW8aPY8/hqdefault.jpg?sqp=-oaymwEcCNACELwBSFXyq4qpAw4IARUAAIhCGAFwAcABBg==&rs=AOn4CLATqJhuig8P7xypRcX9tWFdbP-x2A
474,LS1hRavbnmY,벽짚기 챌린지🤜 고양이 지능 테스트라는데...진짤까?,The Wall Climb Challenge🤜 They say it's a cat intelligence test...is it real?,https://www.youtube.com/watch?v=LS1hRavbnmY,https://www.youtube.com/watch?v=LS1hRavbnmY,videos,videos,video,483.0,8.05,False,,기타/엔터테인먼트,https://i.ytimg.com/vi/LS1hRavbnmY/hqdefault.jpg?sqp=-oaymwEcCNACELwBSFXyq4qpAw4IARUAAIhCGAFwAcABBg==&rs=AOn4CLC_8gEH10x1Pj_Osry6TpKm1Cgidw
475,YW3D6AXWi68,호섭처남은 혼자 있고 싶다,호섭처남은 혼자 있고 싶다,https://www.youtube.com/watch?v=YW3D6AXWi68,https://www.youtube.com/watch?v=YW3D6AXWi68,videos,videos,video,254.0,4.23,False,,기타/엔터테인먼트,https://i.ytimg.com/vi/YW3D6AXWi68/hqdefault.jpg?sqp=-oaymwEcCNACELwBSFXyq4qpAw4IARUAAIhCGAFwAcABBg==&rs=AOn4CLAId6MlgleZUEtYuhZQRlmn9IiuDw
476,Rt9M2kBuXa0,사모님 애기씨 뒤를 잇는 구조냥 묘생역전 이야기가 있다?,Is there a story about a rescue cat that follows in the footsteps of its owner?,https://www.youtube.com/watch?v=Rt9M2kBuXa0,https://www.youtube.com/watch?v=Rt9M2kBuXa0,videos,videos,video,432.0,7.2,False,,관계/윤리,https://i.ytimg.com/vi/Rt9M2kBuXa0/hqdefault.jpg?sqp=-oaymwEcCNACELwBSFXyq4qpAw4IARUAAIhCGAFwAcABBg==&rs=AOn4CLAfFNOkRmkhQavDIGbOwvza5IRhqQ
477,JPPhY1HGcsk,"매일 치고박고 싸우는 고양이들, 그래서 너네 대체 무슨 사인데","매일 치고박고 싸우는 고양이들, 그래서 너네 대체 무슨 사인데",https://www.youtube.com/watch?v=JPPhY1HGcsk,https://www.youtube.com/watch?v=JPPhY1HGcsk,videos,videos,video,490.0,8.17,False,,기타/엔터테인먼트,https://i.ytimg.com/vi/JPPhY1HGcsk/hqdefault.jpg?sqp=-oaymwEcCNACELwBSFXyq4qpAw4IARUAAIhCGAFwAcABBg==&rs=AOn4CLCWdapCvLqWZq5mPopMSDAQVnJB7Q
478,nxxH3pfr0W0,sub) 나예요 전설의 파이프 구조 고양이….'매탈남' 채널 누리 이야기!,Rescuing kittens from a waste pipe... The legendary story of Nuri from 'Metal Man' channel,https://www.youtube.com/watch?v=nxxH3pfr0W0,https://www.youtube.com/watch?v=nxxH3pfr0W0,videos,videos,video,741.0,12.35,False,,관계/윤리,https://i.ytimg.com/vi/nxxH3pfr0W0/hqdefault.jpg?sqp=-oaymwEcCNACELwBSFXyq4qpAw4IARUAAIhCGAFwAcABBg==&rs=AOn4CLCXy5DwUL4b0jXvsImhSLD41nwq7g
479,fH9PK0QOW2A,고양이에게 정말 위험한 가전 4가지⚡️,고양이에게 정말 위험한 가전 4가지⚡️,https://www.youtube.com/watch?v=fH9PK0QOW2A,https://www.youtube.com/watch?v=fH9PK0QOW2A,videos,videos,video,499.0,8.32,False,,관계/윤리,https://i.ytimg.com/vi/fH9PK0QOW2A/hqdefault.jpg?sqp=-oaymwEcCNACELwBSFXyq4qpAw4IARUAAIhCGAFwAcABBg==&rs=AOn4CLBmYIaE-Yfa2PDIfhvYPX8vQZPi8A
480,pdGmfEErm1I,"완치도 어려운데, 너무나 흔한 고양이 특발성 방광염! 늦기 전에 보세요!","Feline idiopathic cystitis is so common, it's difficult to cure! Watch out before it's too late!",https://www.youtube.com/watch?v=pdGmfEErm1I,https://www.youtube.com/watch?v=pdGmfEErm1I,videos,videos,video,562.0,9.37,False,,건강/진료,https://i.ytimg.com/vi/pdGmfEErm1I/hqdefault.jpg?sqp=-oaymwEcCNACELwBSFXyq4qpAw4IARUAAIhCGAFwAcABBg==&rs=AOn4CLDk4akU1j8YDbyhxEngNBB1Nr7CBQ
481,kBVhaTlRBF4,매일 츄르랑 간식먹는데 걱정이에요 나트륨에 대한 진실!,"I eat churu and snacks every day, but I'm worried. The truth about sodium!",https://www.youtube.com/watch?v=kBVhaTlRBF4,https://www.youtube.com/watch?v=kBVhaTlRBF4,videos,videos,video,546.0,9.1,False,,생활/돌봄,https://i.ytimg.com/vi/kBVhaTlRBF4/hqdefault.jpg?sqp=-oaymwEcCNACELwBSFXyq4qpAw4IARUAAIhCGAFwAcABBg==&rs=AOn4CLAyw8TMMG_fwtBzTBs_rY0KaCTtGA
482,Oye476ChS-Y,sub) 이번엔 뚱땅이에게 전화가 왔다! haha ha채널 고양이 언어해석 2탄,Interpreting Cats : PART 2 - Ttungttang's call,https://www.youtube.com/watch?v=Oye476ChS-Y,https://www.youtube.com/watch?v=Oye476ChS-Y,videos,videos,video,779.0,12.98,False,,기타/엔터테인먼트,https://i.ytimg.com/vi/Oye476ChS-Y/hqdefault.jpg?sqp=-oaymwEcCNACELwBSFXyq4qpAw4IARUAAIhCGAFwAcABBg==&rs=AOn4CLBwJ43XrJLGI7BRrY6zCV15IZHC9A
483,77KsQyTdLB0,sub) 고양이가 사람을 밟고 다니는 4가지 이유🦶,sub) 4 reasons why cats step on people🦶,https://www.youtube.com/watch?v=77KsQyTdLB0,https://www.youtube.com/watch?v=77KsQyTdLB0,videos,videos,video,456.0,7.6,False,,기타/엔터테인먼트,https://i.ytimg.com/vi/77KsQyTdLB0/hqdefault.jpg?sqp=-oaymwEcCNACELwBSFXyq4qpAw4IARUAAIhCGAFwAcABBg==&rs=AOn4CLDBTthNasuHS5OwXHG4Y3Y6nJBjXw
484,p2sNwNR3aJw,고양이들에게 ASMR을 해달라고 했습니다,고양이들에게 ASMR을 해달라고 했습니다,https://www.youtube.com/watch?v=p2sNwNR3aJw,https://www.youtube.com/watch?v=p2sNwNR3aJw,videos,videos,video,232.0,3.87,False,,기타/엔터테인먼트,https://i.ytimg.com/vi/p2sNwNR3aJw/hqdefault.jpg?sqp=-oaymwEcCNACELwBSFXyq4qpAw4IARUAAIhCGAFwAcABBg==&rs=AOn4CLBpXe1IfVpxVPEVvrZ9fKsU723Gbw
485,CbwkfLC4lK0,"고양이 앞니, 이 쪼매난거 역할이 뭘까?","Cat's front teeth, what is the purpose of these little things?",https://www.youtube.com/watch?v=CbwkfLC4lK0,https://www.youtube.com/watch?v=CbwkfLC4lK0,videos,videos,video,369.0,6.15,False,,기타/엔터테인먼트,https://i.ytimg.com/vi/CbwkfLC4lK0/hqdefault.jpg?sqp=-oaymwEcCNACELwBSFXyq4qpAw4IARUAAIhCGAFwAcABBg==&rs=AOn4CLD--2Mpx-Mn1lvWv4I7187svrLF4g
486,tCJ-hQriWbU,sub) 이얏호응! 의사양반 전화좀 받아보쇼! haha ha님네 야통이 울음소리 전격분석,Interpreting Cats : PART 1 - Yatong's call,https://www.youtube.com/watch?v=tCJ-hQriWbU,https://www.youtube.com/watch?v=tCJ-hQriWbU,videos,videos,video,545.0,9.08,False,,행동/감정,https://i.ytimg.com/vi/tCJ-hQriWbU/hqdefault.jpg?sqp=-oaymwEcCNACELwBSFXyq4qpAw4IARUAAIhCGAFwAcABBg==&rs=AOn4CLCo791zlEzqTQVWV2-ruDNvS1RSeA
487,WoeFqVDQ_dM,궁디팡팡이 방광염과 퇴행성관절염을 부른다? 티비 중독냥?? 제보영상 같이 봐요!,궁디팡팡이 방광염과 퇴행성관절염을 부른다? 티비 중독냥?? 제보영상 같이 봐요!,https://www.youtube.com/watch?v=WoeFqVDQ_dM,https://www.youtube.com/watch?v=WoeFqVDQ_dM,videos,videos,video,601.0,10.02,False,,건강/진료,https://i.ytimg.com/vi/WoeFqVDQ_dM/hqdefault.jpg?sqp=-oaymwEcCNACELwBSFXyq4qpAw4IARUAAIhCGAFwAcABBg==&rs=AOn4CLB5Rq8kCd1_ds6-7DppVbaR4NEVNw
488,EtPuqTVF3RI,김명철 수의사가 태국 동물병원에서 만난 기상천외 특이동물들!,김명철 수의사가 태국 동물병원에서 만난 기상천외 특이동물들!,https://www.youtube.com/watch?v=EtPuqTVF3RI,https://www.youtube.com/watch?v=EtPuqTVF3RI,videos,videos,video,363.0,6.05,False,,건강/진료,https://i.ytimg.com/vi/EtPuqTVF3RI/hqdefault.jpg?sqp=-oaymwEcCNACELwBSFXyq4qpAw4IARUAAIhCGAFwAcABBg==&rs=AOn4CLDlX39xN96Wt8uN6K8QNkCO0mkaug
489,s8afzzcp0SM,고양이가 불행하다고 외치는 5가지 시그널🚨,5 Signs Your Cat Is Unhappy🚨,https://www.youtube.com/watch?v=s8afzzcp0SM,https://www.youtube.com/watch?v=s8afzzcp0SM,videos,videos,video,556.0,9.27,False,,기타/엔터테인먼트,https://i.ytimg.com/vi/s8afzzcp0SM/hqdefault.jpg?sqp=-oaymwEcCNACELwBSFXyq4qpAw4IARUAAIhCGAFwAcABBg==&rs=AOn4CLCHK4bsXa5TF1ZMLDp80Tynh5PM0g
490,t2SzurOdD8w,난생 처음 꽃게🦀를 본 고양이의 반응,A cat's reaction to seeing a crab for the first time in its life,https://www.youtube.com/watch?v=t2SzurOdD8w,https://www.youtube.com/watch?v=t2SzurOdD8w,videos,videos,video,413.0,6.88,False,,기타/엔터테인먼트,https://i.ytimg.com/vi/t2SzurOdD8w/hqdefault.jpg?sqp=-oaymwEcCNACELwBSFXyq4qpAw4IARUAAIhCGAFwAcABBg==&rs=AOn4CLDhmt9iYHEouHWVH5-mZwPfNOUkWQ
491,ITW4MJ6Md48,"sub) XX하는 우리 고양이, 아프다는 뜻? 고양이가 아플때 보이는 행동 8가지!","When your cat does XX, it means it's sick? 8 behaviors cats show when they are sick!",https://www.youtube.com/watch?v=ITW4MJ6Md48,https://www.youtube.com/watch?v=ITW4MJ6Md48,videos,videos,video,643.0,10.72,False,,행동/감정;건강/진료,https://i.ytimg.com/vi/ITW4MJ6Md48/hqdefault.jpg?sqp=-oaymwEcCNACELwBSFXyq4qpAw4IARUAAIhCGAFwAcABBg==&rs=AOn4CLA4w4R__CuMqB3H_pEuxW3P2z_VzQ
492,dhbCdbHZlkw,사람이나 고양이나 지긋지긋한 변비...유쾌 상쾌 통쾌 해결법!! 💩,사람이나 고양이나 지긋지긋한 변비...유쾌 상쾌 통쾌 해결법!! 💩,https://www.youtube.com/watch?v=dhbCdbHZlkw,https://www.youtube.com/watch?v=dhbCdbHZlkw,videos,videos,video,591.0,9.85,False,,건강/진료,https://i.ytimg.com/vi/dhbCdbHZlkw/hqdefault.jpg?sqp=-oaymwEcCNACELwBSFXyq4qpAw4IARUAAIhCGAFwAcABBg==&rs=AOn4CLAbA7wp3zt2U1U9lHRI1P9calO3LA
493,krDBApQoxqk,고양이랑 사는 치명적 단점 4가지☠️ 이래서 고양이 키우기 싫다니까요...?,4 Fatal Downsides of Living with a Cat☠️ This is why I don't want to raise a cat...?,https://www.youtube.com/watch?v=krDBApQoxqk,https://www.youtube.com/watch?v=krDBApQoxqk,videos,videos,video,332.0,5.53,False,,기타/엔터테인먼트,https://i.ytimg.com/vi/krDBApQoxqk/hqdefault.jpg?sqp=-oaymwEcCNACELwBSFXyq4qpAw4IARUAAIhCGAFwAcABBg==&rs=AOn4CLBtTXMgkiR-WBw2t_691o-1xIcTaw
494,l1lWBKz25qQ,나 대신 단톡방에 카톡 보내는 고양이 어떡하죠?,나 대신 단톡방에 카톡 보내는 고양이 어떡하죠?,https://www.youtube.com/watch?v=l1lWBKz25qQ,https://www.youtube.com/watch?v=l1lWBKz25qQ,videos,videos,video,369.0,6.15,False,,기타/엔터테인먼트,https://i.ytimg.com/vi/l1lWBKz25qQ/hqdefault.jpg?sqp=-oaymwEcCNACELwBSFXyq4qpAw4IARUAAIhCGAFwAcABBg==&rs=AOn4CLBEeS45hUNgW8zesY9oluO706Blrg
495,AAYWLc2JzsM,너무들 하시네요....난이도최상 미야옹철 밸런스게임,너무들 하시네요....난이도최상 미야옹철 밸런스게임,https://www.youtube.com/watch?v=AAYWLc2JzsM,https://www.youtube.com/watch?v=AAYWLc2JzsM,videos,videos,video,350.0,5.83,False,,기타/엔터테인먼트,https://i.ytimg.com/vi/AAYWLc2JzsM/hqdefault.jpg?sqp=-oaymwEcCNACELwBSFXyq4qpAw4IARUAAIhCGAFwAcABBg==&rs=AOn4CLAB3wWiWPGGR26gmGataBwZWGglKQ
496,N3vfrwVVdDo,"고양이 손녀는 처음인 할머니, 그 반응은?","고양이 손녀는 처음인 할머니, 그 반응은?",https://www.youtube.com/watch?v=N3vfrwVVdDo,https://www.youtube.com/watch?v=N3vfrwVVdDo,videos,videos,video,244.0,4.07,False,,기타/엔터테인먼트,https://i.ytimg.com/vi/N3vfrwVVdDo/hqdefault.jpg?sqp=-oaymwEcCNACELwBSFXyq4qpAw4IARUAAIhCGAFwAcABBg==&rs=AOn4CLDrqyChkYy4iD4y1VNdw6YvIDkiZQ
497,5xR_ukfaNgY,"김명철수의사네 고양이, 건강검진 다녀왔어요🏥 동물병원 v-log","김명철수의사네 고양이, 건강검진 다녀왔어요🏥 동물병원 v-log",https://www.youtube.com/watch?v=5xR_ukfaNgY,https://www.youtube.com/watch?v=5xR_ukfaNgY,videos,videos,video,766.0,12.77,False,,건강/진료,https://i.ytimg.com/vi/5xR_ukfaNgY/hqdefault.jpg?sqp=-oaymwEcCNACELwBSFXyq4qpAw4IARUAAIhCGAFwAcABBg==&rs=AOn4CLD6lHbhymN3FbSgSFnA6ePOhJFySA
498,Ew7-cC3HqQ4,수의사가 알려주는 고양이들이 먼저 다가오는 '고양이 양치' 비법,A vet shares the secret to brushing cats' teeth so they'll approach you first.,https://www.youtube.com/watch?v=Ew7-cC3HqQ4,https://www.youtube.com/watch?v=Ew7-cC3HqQ4,videos,videos,video,314.0,5.23,False,,건강/진료,https://i.ytimg.com/vi/Ew7-cC3HqQ4/hqdefault.jpg?sqp=-oaymwEcCNACELwBSFXyq4qpAw4IARUAAIhCGAFwAcABBg==&rs=AOn4CLANm6ibiTmp-8BUUBpWARGe0ozasA
499,TC3QNY1YIBo,내 얼굴에 방구뀌는 고양이...저도 맞방구로 받아쳐야할까요?💨,내 얼굴에 방구뀌는 고양이...저도 맞방구로 받아쳐야할까요?💨,https://www.youtube.com/watch?v=TC3QNY1YIBo,https://www.youtube.com/watch?v=TC3QNY1YIBo,videos,videos,video,491.0,8.18,False,,기타/엔터테인먼트,https://i.ytimg.com/vi/TC3QNY1YIBo/hqdefault.jpg?sqp=-oaymwEcCNACELwBSFXyq4qpAw4IARUAAIhCGAFwAcABBg==&rs=AOn4CLCfSVBElBzPcbF8s66aEatl4FLaCQ
500,cLDSzug9qEQ,도와주세요 길고양이가 따라옵니다,도와주세요 길고양이가 따라옵니다,https://www.youtube.com/watch?v=cLDSzug9qEQ,https://www.youtube.com/watch?v=cLDSzug9qEQ,videos,videos,video,541.0,9.02,False,,관계/윤리,https://i.ytimg.com/vi/cLDSzug9qEQ/hqdefault.jpg?sqp=-oaymwEcCNACELwBSFXyq4qpAw4IARUAAIhCGAFwAcABBg==&rs=AOn4CLDYNK1OfdA0T6beJYnaQq4Xe-T-bg
501,_YxY-iyMEpo,구독자 57만 펫시터 고용했습니다,구독자 57만 펫시터 고용했습니다,https://www.youtube.com/watch?v=_YxY-iyMEpo,https://www.youtube.com/watch?v=_YxY-iyMEpo,videos,videos,video,463.0,7.72,False,,기타/엔터테인먼트,https://i.ytimg.com/vi/_YxY-iyMEpo/hqdefault.jpg?sqp=-oaymwEcCNACELwBSFXyq4qpAw4IARUAAIhCGAFwAcABBg==&rs=AOn4CLDdesAh_0civAMQ2BZU_pJ5oCrTOw
502,UmjAFNqr7oU,찐집사 김명철 수의사가 추천하는 내돈내산 고양이 꿀템 베스트3,Top 3 Domestically Purchased Cat Products Recommended by Veterinarian Kim Myeong-cheol,https://www.youtube.com/watch?v=UmjAFNqr7oU,https://www.youtube.com/watch?v=UmjAFNqr7oU,videos,videos,video,502.0,8.37,False,,건강/진료;관계/윤리,https://i.ytimg.com/vi/UmjAFNqr7oU/hqdefault.jpg?sqp=-oaymwEcCNACELwBSFXyq4qpAw4IARUAAIhCGAFwAcABBg==&rs=AOn4CLB-FynS2X9iiXrbNrBJJNqY8XUT_g
503,z467kOZhNKI,sub) 이러면 바로 손절각👋 고양이가 싫어하는 유형 3가지,Cut ties if you're like this👋 3 types of people cats hate,https://www.youtube.com/watch?v=z467kOZhNKI,https://www.youtube.com/watch?v=z467kOZhNKI,videos,videos,video,568.0,9.47,False,,기타/엔터테인먼트,https://i.ytimg.com/vi/z467kOZhNKI/hqdefault.jpg?sqp=-oaymwEcCNACELwBSFXyq4qpAw4IARUAAIhCGAFwAcABBg==&rs=AOn4CLAezUbaR1pZAcYzn0HJZqKrbBxgHw
504,Go_mCXoXv4M,don't go냄새 그거슨...👃🏻😨,don't go냄새 그거슨...👃🏻😨,https://www.youtube.com/watch?v=Go_mCXoXv4M,https://www.youtube.com/watch?v=Go_mCXoXv4M,videos,videos,video,16.0,0.27,True,,기타/엔터테인먼트,https://i.ytimg.com/vi/Go_mCXoXv4M/hqdefault.jpg?sqp=-oaymwE2CNACELwBSFXyq4qpAygIARUAAIhCGAFwAcABBvABAfgBzgWAApYDigIMCAAQARhjIGMoYzAP&rs=AOn4CLDEswMIAbwfC6hau_LiWj2o1J_pmw
505,j5laSmpto-k,김명철 수의사는 평소 가방에 뭘 넣고 다닐까?,What does veterinarian Kim Myeong-cheol usually carry in his bag?,https://www.youtube.com/watch?v=j5laSmpto-k,https://www.youtube.com/watch?v=j5laSmpto-k,videos,videos,video,401.0,6.68,False,,건강/진료,https://i.ytimg.com/vi/j5laSmpto-k/hqdefault.jpg?sqp=-oaymwEcCNACELwBSFXyq4qpAw4IARUAAIhCGAFwAcABBg==&rs=AOn4CLC8CqwPbq_-D9lCJ9PxY0Rh5ktXdw
506,hJBTKvEcA2o,고양이는 이 맛까지 느낀다구요....? 맛잘알 고양이 미각에 대한 모든 것!,Cats can even taste this...? Everything you need to know about the taste buds of cats!,https://www.youtube.com/watch?v=hJBTKvEcA2o,https://www.youtube.com/watch?v=hJBTKvEcA2o,videos,videos,video,447.0,7.45,False,,기타/엔터테인먼트,https://i.ytimg.com/vi/hJBTKvEcA2o/hqdefault.jpg?sqp=-oaymwEcCNACELwBSFXyq4qpAw4IARUAAIhCGAFwAcABBg==&rs=AOn4CLCeVI2susf2-YjoQpvXYMMRbeZzJg
507,t9pXaiUqUoM,[v-log] 수의사 집사는 고양이랑 집에서 하루종일 뭘 할까?🏡🐈,[v-log] What does a veterinarian do at home with her cat all day?🏡🐈,https://www.youtube.com/watch?v=t9pXaiUqUoM,https://www.youtube.com/watch?v=t9pXaiUqUoM,videos,videos,video,1014.0,16.9,False,,건강/진료;관계/윤리,https://i.ytimg.com/vi/t9pXaiUqUoM/hqdefault.jpg?sqp=-oaymwEcCNACELwBSFXyq4qpAw4IARUAAIhCGAFwAcABBg==&rs=AOn4CLCdE2JyvhwvductxI1qVu_1IO5ICw
508,mgMW7qloX5c,고양이는 집사를 뭐라고 생각할까? 엄마? 대장냥이? 설마...노예....?,고양이는 집사를 뭐라고 생각할까? 엄마? 대장냥이? 설마...노예....?,https://www.youtube.com/watch?v=mgMW7qloX5c,https://www.youtube.com/watch?v=mgMW7qloX5c,videos,videos,video,507.0,8.45,False,,관계/윤리;서사/상담,https://i.ytimg.com/vi/mgMW7qloX5c/hqdefault.jpg?sqp=-oaymwEcCNACELwBSFXyq4qpAw4IARUAAIhCGAFwAcABBg==&rs=AOn4CLAlreDm4qUWr39PCiJ1gNCnqjUJ2A
509,ROTDW72z1fI,고양이 13개월이면 13kg은 나가야되는거 아니냐구요....? 살찐고양이처남 호섭!🐱🐷🐽,Shouldn't a 13-month-old cat weigh 13 kg? Fat cat brother-in-law Hoseop! 🐱🐷🐽,https://www.youtube.com/watch?v=ROTDW72z1fI,https://www.youtube.com/watch?v=ROTDW72z1fI,videos,videos,video,421.0,7.02,False,,기타/엔터테인먼트,https://i.ytimg.com/vi/ROTDW72z1fI/hqdefault.jpg?sqp=-oaymwEcCNACELwBSFXyq4qpAw4IARUAAIhCGAFwAcABBg==&rs=AOn4CLAk8FjlIM2LaiDrIhFVFOHGoOcAQw
510,a_ZlkWKK6Qw,고양이는 임산부에게 안 좋다? 만연한 고양이에 관한 오해와 편견들! 비켜!,고양이는 임산부에게 안 좋다? 만연한 고양이에 관한 오해와 편견들! 비켜!,https://www.youtube.com/watch?v=a_ZlkWKK6Qw,https://www.youtube.com/watch?v=a_ZlkWKK6Qw,videos,videos,video,591.0,9.85,False,,기타/엔터테인먼트,https://i.ytimg.com/vi/a_ZlkWKK6Qw/hqdefault.jpg?sqp=-oaymwEcCNACELwBSFXyq4qpAw4IARUAAIhCGAFwAcABBg==&rs=AOn4CLDHeD5gtdPPVxxfVqf4kIm9nNMH_Q
511,m6cgLDvpeGI,"문 닫으면 우는 고양이, 코가 하얀데 빈혈일까? 쌀은 왜 먹는거야?? 고양이 궁금증 대백과🐱👨‍🎓",My cat cries when the door closes. Does her nose look white? Could she be anemic? Why does she ea...,https://www.youtube.com/watch?v=m6cgLDvpeGI,https://www.youtube.com/watch?v=m6cgLDvpeGI,videos,videos,video,512.0,8.53,False,,품종/지식,https://i.ytimg.com/vi/m6cgLDvpeGI/hqdefault.jpg?sqp=-oaymwEcCNACELwBSFXyq4qpAw4IARUAAIhCGAFwAcABBg==&rs=AOn4CLAcsOIM3wLDr5GJYvEDBYY_tPJJSg
512,-hMNSQYAsDo,고양이의 “이것” 보고 식겁해서 병원으로 달려오지 않으셔도 됩니다!,고양이의 “이것” 보고 식겁해서 병원으로 달려오지 않으셔도 됩니다!,https://www.youtube.com/watch?v=-hMNSQYAsDo,https://www.youtube.com/watch?v=-hMNSQYAsDo,videos,videos,video,483.0,8.05,False,,건강/진료,https://i.ytimg.com/vi/-hMNSQYAsDo/hqdefault.jpg?sqp=-oaymwEcCNACELwBSFXyq4qpAw4IARUAAIhCGAFwAcABBg==&rs=AOn4CLBSpHRwYEf58G-UX-XjPvAwNQU23Q
513,DgkhEajlEAs,sub)이것만 보면 당신도 고양이 울음소리 자격증 1급,"After watching this, you're certified for level 1 cat cry certificate",https://www.youtube.com/watch?v=DgkhEajlEAs,https://www.youtube.com/watch?v=DgkhEajlEAs,videos,videos,video,590.0,9.83,False,,행동/감정,https://i.ytimg.com/vi/DgkhEajlEAs/hqdefault.jpg?sqp=-oaymwEcCNACELwBSFXyq4qpAw4IARUAAIhCGAFwAcABBg==&rs=AOn4CLCCDC0vuARXDSyuGtsRCjWdeHFCTg
514,dxeju99-qas,고양이판 쀼의 세계!! 한날한시에 태어난 새끼고양이들..얘들아 사실 너희 아빠가.......🙀,고양이판 쀼의 세계!! 한날한시에 태어난 새끼고양이들..얘들아 사실 너희 아빠가.......🙀,https://www.youtube.com/watch?v=dxeju99-qas,https://www.youtube.com/watch?v=dxeju99-qas,videos,videos,video,337.0,5.62,False,,서사/상담,https://i.ytimg.com/vi/dxeju99-qas/hqdefault.jpg?sqp=-oaymwEcCNACELwBSFXyq4qpAw4IARUAAIhCGAFwAcABBg==&rs=AOn4CLB7hOSiejPmwjDO8PAntSDCMdnv-A
515,qVvVpm0JABU,고양이는 왜 이럴까❓[Q&A]...와 고양이 식탁교육,Why do cats do this? [Q&A]... and Cat Table Training,https://www.youtube.com/watch?v=qVvVpm0JABU,https://www.youtube.com/watch?v=qVvVpm0JABU,videos,videos,video,648.0,10.8,False,,서사/상담,https://i.ytimg.com/vi/qVvVpm0JABU/hqdefault.jpg?sqp=-oaymwEcCNACELwBSFXyq4qpAw4IARUAAIhCGAFwAcABBg==&rs=AOn4CLDeqLoJO_bIZvUVFNvAx7HXlfyzng
516,wQ7WRFijgeA,"낭만적이네요 이 수염, 자세, 꼬리...로 알아보는 고양이 기분","낭만적이네요 이 수염, 자세, 꼬리...로 알아보는 고양이 기분",https://www.youtube.com/watch?v=wQ7WRFijgeA,https://www.youtube.com/watch?v=wQ7WRFijgeA,videos,videos,video,565.0,9.42,False,,행동/감정,https://i.ytimg.com/vi/wQ7WRFijgeA/hqdefault.jpg?sqp=-oaymwEcCNACELwBSFXyq4qpAw4IARUAAIhCGAFwAcABBg==&rs=AOn4CLBP-sGDVwjdeqVrbhxNLK06TDGgcQ
517,mEbrthHb9Hc,우리집 고양이 노는걸까 싸우는걸까⁉️ 김명철 수의사가 싹 다 구분해드립니다,우리집 고양이 노는걸까 싸우는걸까⁉️ 김명철 수의사가 싹 다 구분해드립니다,https://www.youtube.com/watch?v=mEbrthHb9Hc,https://www.youtube.com/watch?v=mEbrthHb9Hc,videos,videos,video,586.0,9.77,False,,건강/진료,https://i.ytimg.com/vi/mEbrthHb9Hc/hqdefault.jpg?sqp=-oaymwEcCNACELwBSFXyq4qpAw4IARUAAIhCGAFwAcABBg==&rs=AOn4CLDBT3V-MuTl-YYRvro9lE_7KiT9bA
518,h2ARqBvv1Bk,본격 김명철 수의사가 고양이 집사들 성격 궁예하는 영상🧐,A video of veterinarian Kim Myeong-cheol analyzing the personalities of cat owners.,https://www.youtube.com/watch?v=h2ARqBvv1Bk,https://www.youtube.com/watch?v=h2ARqBvv1Bk,videos,videos,video,363.0,6.05,False,,건강/진료;행동/감정;관계/윤리,https://i.ytimg.com/vi/h2ARqBvv1Bk/hqdefault.jpg?sqp=-oaymwEcCNACELwBSFXyq4qpAw4IARUAAIhCGAFwAcABBg==&rs=AOn4CLAGlXrypY_xRXYWXenG9KaOOPUqpg
519,-G56q5KbWBw,당구 치는 천재 고양이가 있다고요?,당구 치는 천재 고양이가 있다고요?,https://www.youtube.com/watch?v=-G56q5KbWBw,https://www.youtube.com/watch?v=-G56q5KbWBw,videos,videos,video,361.0,6.02,False,,기타/엔터테인먼트,https://i.ytimg.com/vi/-G56q5KbWBw/hqdefault.jpg?sqp=-oaymwEcCNACELwBSFXyq4qpAw4IARUAAIhCGAFwAcABBg==&rs=AOn4CLB6Cu1KtqY7iHsxYVOJp7EA554VbA
520,864yk8pG9zw,우리집 고양이 왜 이럴까⁉️ [Q&A],Why is my cat like this?⁉️ [Q&A],https://www.youtube.com/watch?v=864yk8pG9zw,https://www.youtube.com/watch?v=864yk8pG9zw,videos,videos,video,494.0,8.23,False,,서사/상담,https://i.ytimg.com/vi/864yk8pG9zw/hqdefault.jpg?sqp=-oaymwEcCNACELwBSFXyq4qpAw4IARUAAIhCGAFwAcABBg==&rs=AOn4CLCiCbyl9EPh-UH7vPTqkH6LVLzBHQ
521,SZ9GPIGKL24,김명철 수의사 大분노🔥 '고양이 학대 오픈채팅방'사건,김명철 수의사 大분노🔥 '고양이 학대 오픈채팅방'사건,https://www.youtube.com/watch?v=SZ9GPIGKL24,https://www.youtube.com/watch?v=SZ9GPIGKL24,videos,videos,video,326.0,5.43,False,,건강/진료;관계/윤리,https://i.ytimg.com/vi/SZ9GPIGKL24/hqdefault.jpg?sqp=-oaymwEcCNACELwBSFXyq4qpAw4IARUAAIhCGAFwAcABBg==&rs=AOn4CLCrly9ivGyothNKogbQ5cpyMcfvZA
522,cAHoCX7g3aY,김명철 수의사와 아기고양이의 특급만남👓👶🏻🐱,A special meeting between veterinarian Kim Myeong-cheol and a kitten👓👶🏻🐱,https://www.youtube.com/watch?v=cAHoCX7g3aY,https://www.youtube.com/watch?v=cAHoCX7g3aY,videos,videos,video,392.0,6.53,False,,건강/진료;관계/윤리,https://i.ytimg.com/vi/cAHoCX7g3aY/hqdefault.jpg?sqp=-oaymwEcCNACELwBSFXyq4qpAw4IARUAAIhCGAFwAcABBg==&rs=AOn4CLB7toif99noYdmfRFMVTSMuxvVOIA
523,DJ9Kv_GrS58,당신이 고양이에게 물리는 이유 3가지🩸✋,3 Reasons Why Your Cat Bit You🩸✋,https://www.youtube.com/watch?v=DJ9Kv_GrS58,https://www.youtube.com/watch?v=DJ9Kv_GrS58,videos,videos,video,481.0,8.02,False,,기타/엔터테인먼트,https://i.ytimg.com/vi/DJ9Kv_GrS58/hqdefault.jpg?sqp=-oaymwEcCNACELwBSFXyq4qpAw4IARUAAIhCGAFwAcABBg==&rs=AOn4CLB25hBwxvjyyVvn7Ns91kxk2VTddQ
524,IzQjDEdM9yc,고양이한테 귤 줘도 되나요?🍊,고양이한테 귤 줘도 되나요?🍊,https://www.youtube.com/watch?v=IzQjDEdM9yc,https://www.youtube.com/watch?v=IzQjDEdM9yc,videos,videos,video,163.0,2.72,False,,기타/엔터테인먼트,https://i.ytimg.com/vi/IzQjDEdM9yc/hqdefault.jpg?sqp=-oaymwEcCNACELwBSFXyq4qpAw4IARUAAIhCGAFwAcABBg==&rs=AOn4CLCeYTtSNZjBTuc9RD9sQV4VBy-LxQ
525,bgAY_Wikbkg,고양이 하루에 몇 끼 먹는 게 좋을까?,How many meals a day should a cat eat?,https://www.youtube.com/watch?v=bgAY_Wikbkg,https://www.youtube.com/watch?v=bgAY_Wikbkg,videos,videos,video,435.0,7.25,False,,기타/엔터테인먼트,https://i.ytimg.com/vi/bgAY_Wikbkg/hqdefault.jpg?sqp=-oaymwEcCNACELwBSFXyq4qpAw4IARUAAIhCGAFwAcABBg==&rs=AOn4CLB4xNm1iCDE3OazHkw-vaXlF0-gHw
526,2TniX1Rk9SY,고양이 소변테러..나한테 복수하는 걸까?🤔,고양이 소변테러..나한테 복수하는 걸까?🤔,https://www.youtube.com/watch?v=2TniX1Rk9SY,https://www.youtube.com/watch?v=2TniX1Rk9SY,videos,videos,video,552.0,9.2,False,,기타/엔터테인먼트,https://i.ytimg.com/vi/2TniX1Rk9SY/hqdefault.jpg?sqp=-oaymwEcCNACELwBSFXyq4qpAw4IARUAAIhCGAFwAcABBg==&rs=AOn4CLC4dxeUmjEODDVes2psJ_BIlsPsWw
527,vBKE9DkKaag,고양이 구토에 대한 모든 것🐱🤮,All About Cat Vomiting🐱🤮,https://www.youtube.com/watch?v=vBKE9DkKaag,https://www.youtube.com/watch?v=vBKE9DkKaag,videos,videos,video,490.0,8.17,False,,건강/진료,https://i.ytimg.com/vi/vBKE9DkKaag/hqdefault.jpg?sqp=-oaymwEcCNACELwBSFXyq4qpAw4IARUAAIhCGAFwAcABBg==&rs=AOn4CLB4rO0OemjW7hKIxNaGY_LhCu_Arg
528,QatzWCdKydM,"고양이 집사들에게 특화된 무선 청소기, 김명철 수의사가 직접 써봤습니다!! (feat.LG전자)","고양이 집사들에게 특화된 무선 청소기, 김명철 수의사가 직접 써봤습니다!! (feat.LG전자)",https://www.youtube.com/watch?v=QatzWCdKydM,https://www.youtube.com/watch?v=QatzWCdKydM,videos,videos,video,378.0,6.3,False,,건강/진료;관계/윤리,https://i.ytimg.com/vi/QatzWCdKydM/hqdefault.jpg?sqp=-oaymwEcCNACELwBSFXyq4qpAw4IARUAAIhCGAFwAcABBg==&rs=AOn4CLAXbpaNfQV8ji9nCxxcWiztjED1lw
529,qZFvbe8g4x0,우리집 고양이 이런것도 먹는다?! 기상천외 요지경 고양이 이물 댓글 같이 털어보기👋🏻,우리집 고양이 이런것도 먹는다?! 기상천외 요지경 고양이 이물 댓글 같이 털어보기👋🏻,https://www.youtube.com/watch?v=qZFvbe8g4x0,https://www.youtube.com/watch?v=qZFvbe8g4x0,videos,videos,video,504.0,8.4,False,,품종/지식,https://i.ytimg.com/vi/qZFvbe8g4x0/hqdefault.jpg?sqp=-oaymwEcCNACELwBSFXyq4qpAw4IARUAAIhCGAFwAcABBg==&rs=AOn4CLAb-TXSF9_Mwf58R1t4a30XocxUzg
530,4b5bySLYxjU,sub) 수의사들이 두려워하는 '고양이 3대장',Three Toughest Cats chosen by veterinarians,https://www.youtube.com/watch?v=4b5bySLYxjU,https://www.youtube.com/watch?v=4b5bySLYxjU,videos,videos,video,603.0,10.05,False,,건강/진료,https://i.ytimg.com/vi/4b5bySLYxjU/hqdefault.jpg?sqp=-oaymwEcCNACELwBSFXyq4qpAw4IARUAAIhCGAFwAcABBg==&rs=AOn4CLBordjVFfbDL5mUMDfJdLIBzsU0gg
531,hONtiyPRKXc,고양이는 대체 왜 이럴까❓❗️,Why on earth do cats do this❓❗️,https://www.youtube.com/watch?v=hONtiyPRKXc,https://www.youtube.com/watch?v=hONtiyPRKXc,videos,videos,video,305.0,5.08,False,,기타/엔터테인먼트,https://i.ytimg.com/vi/hONtiyPRKXc/hqdefault.jpg?sqp=-oaymwEcCNACELwBSFXyq4qpAw4IARUAAIhCGAFwAcABBg==&rs=AOn4CLCfLQNab1OFXI8IRWai1UIiyQUArQ
532,uYAth6nzxtE,김명철수의사 이 시국에 고양이카페 오픈?!☕️,김명철수의사 이 시국에 고양이카페 오픈?!☕️,https://www.youtube.com/watch?v=uYAth6nzxtE,https://www.youtube.com/watch?v=uYAth6nzxtE,videos,videos,video,304.0,5.07,False,,건강/진료,https://i.ytimg.com/vi/uYAth6nzxtE/hqdefault.jpg?sqp=-oaymwEcCNACELwBSFXyq4qpAw4IARUAAIhCGAFwAcABBg==&rs=AOn4CLCRdO3P-UErXbWK8zku2oxxy37azA
533,7j57sz7DB2k,김명철 수의사가 당황한 고양이가 먹은 이물 5가지🥶 [고양이 이식증],김명철 수의사가 당황한 고양이가 먹은 이물 5가지🥶 [고양이 이식증],https://www.youtube.com/watch?v=7j57sz7DB2k,https://www.youtube.com/watch?v=7j57sz7DB2k,videos,videos,video,547.0,9.12,False,,건강/진료,https://i.ytimg.com/vi/7j57sz7DB2k/hqdefault.jpg?sqp=-oaymwEcCNACELwBSFXyq4qpAw4IARUAAIhCGAFwAcABBg==&rs=AOn4CLB6LGEVMJMz7LsP6yw645N4SMZlKw
534,UZtD7157Jxo,"신(新)호섭뎐, 호섭이 아깽이 시절 전부 털었습니다","신(新)호섭뎐, 호섭이 아깽이 시절 전부 털었습니다",https://www.youtube.com/watch?v=UZtD7157Jxo,https://www.youtube.com/watch?v=UZtD7157Jxo,videos,videos,video,176.0,2.93,False,,품종/지식,https://i.ytimg.com/vi/UZtD7157Jxo/hqdefault.jpg?sqp=-oaymwEcCNACELwBSFXyq4qpAw4IARUAAIhCGAFwAcABBg==&rs=AOn4CLDZ8QDaZJ_x7cnlDXWOHH1XsUODsA
535,C4UnYDZqyXg,판관 미야옹철이 고양이 '놀이 VS 싸움' 즉결심판 해드립니다,Judge Meow Cheol will give a quick judgment on the cat game vs. fight.,https://www.youtube.com/watch?v=C4UnYDZqyXg,https://www.youtube.com/watch?v=C4UnYDZqyXg,videos,videos,video,501.0,8.35,False,,행동/감정,https://i.ytimg.com/vi/C4UnYDZqyXg/hqdefault.jpg?sqp=-oaymwEcCNACELwBSFXyq4qpAw4IARUAAIhCGAFwAcABBg==&rs=AOn4CLC01Ln7-SXIvF1iykNJN0wY7b8OwQ
536,rLozzlt5yy4,다시 찾아주시길 기다렸습니다 아리랑네 큰고양이와 Live 비하인드!,We've been waiting for you to come back again. Live behind the scenes with Arirang's big cat!,https://www.youtube.com/watch?v=rLozzlt5yy4,https://www.youtube.com/watch?v=rLozzlt5yy4,videos,videos,video,323.0,5.38,False,,기타/엔터테인먼트,https://i.ytimg.com/vi/rLozzlt5yy4/hqdefault.jpg?sqp=-oaymwEcCNACELwBSFXyq4qpAw4IARUAAIhCGAFwAcABBg==&rs=AOn4CLBFFy_7nS95XtV_cmTCmBqKN0uuog
537,2P_2PwDzMG8,sub) 김명철 수의사가 절대로 사지 않는 고양이 제품 5가지,5 cat products that veterinarian Kim Myuncheol would never buy,https://www.youtube.com/watch?v=2P_2PwDzMG8,https://www.youtube.com/watch?v=2P_2PwDzMG8,videos,videos,video,484.0,8.07,False,,건강/진료,https://i.ytimg.com/vi/2P_2PwDzMG8/hqdefault.jpg?sqp=-oaymwEcCNACELwBSFXyq4qpAw4IARUAAIhCGAFwAcABBg==&rs=AOn4CLAVd3VAu2bq1le5uB7iYi09CnPSnw
538,8vF7JrIQdP0,고양이와 함께하는 아침 명상의 시간🧘🏻‍♂️🐈,고양이와 함께하는 아침 명상의 시간🧘🏻‍♂️🐈,https://www.youtube.com/watch?v=8vF7JrIQdP0,https://www.youtube.com/watch?v=8vF7JrIQdP0,videos,videos,video,249.0,4.15,False,,기타/엔터테인먼트,https://i.ytimg.com/vi/8vF7JrIQdP0/hqdefault.jpg?sqp=-oaymwEcCNACELwBSFXyq4qpAw4IARUAAIhCGAFwAcABBg==&rs=AOn4CLAkyq0pBVTI-bGdc1vsDtsD4J0ybg
539,fF4CqUt3X0c,마음이 지치셨나요? 그럴 때 찾아보는 고양이 노는 영상입니다 🐱🐱,마음이 지치셨나요? 그럴 때 찾아보는 고양이 노는 영상입니다 🐱🐱,https://www.youtube.com/watch?v=fF4CqUt3X0c,https://www.youtube.com/watch?v=fF4CqUt3X0c,videos,videos,video,247.0,4.12,False,,기타/엔터테인먼트,https://i.ytimg.com/vi/fF4CqUt3X0c/hqdefault.jpg?sqp=-oaymwEcCNACELwBSFXyq4qpAw4IARUAAIhCGAFwAcABBg==&rs=AOn4CLBASGXtfLjOrxK9k1Z_uYgfI-2q9w
540,Oghnszm0Yuc,이런 사람은 절대 수의사 하지 마세요!!,이런 사람은 절대 수의사 하지 마세요!!,https://www.youtube.com/watch?v=Oghnszm0Yuc,https://www.youtube.com/watch?v=Oghnszm0Yuc,videos,videos,video,225.0,3.75,False,,건강/진료,https://i.ytimg.com/vi/Oghnszm0Yuc/hqdefault.jpg?sqp=-oaymwEcCNACELwBSFXyq4qpAw4IARUAAIhCGAFwAcABBg==&rs=AOn4CLC8M7dATTGnfvS28VmsEQqoZ-_K5A
541,f67ip0tJGhI,"격기3반 고양이들, 이거 싸우는 걸까? 노는 걸까?🥊","The cats of Class 3 of the Fighting School, are they fighting or playing?🥊",https://www.youtube.com/watch?v=f67ip0tJGhI,https://www.youtube.com/watch?v=f67ip0tJGhI,videos,videos,video,510.0,8.5,False,,기타/엔터테인먼트,https://i.ytimg.com/vi/f67ip0tJGhI/hqdefault.jpg?sqp=-oaymwEcCNACELwBSFXyq4qpAw4IARUAAIhCGAFwAcABBg==&rs=AOn4CLCgR6ePd11813zsxCJ8CgMPdxAUAA
542,7sQMFZ2mEN8,고양이에게 메추리알을 주면 생기는 일(쿠키있음🍪),What happens when you give a cat a quail egg (with cookies🍪),https://www.youtube.com/watch?v=7sQMFZ2mEN8,https://www.youtube.com/watch?v=7sQMFZ2mEN8,videos,videos,video,293.0,4.88,False,,기타/엔터테인먼트,https://i.ytimg.com/vi/7sQMFZ2mEN8/hqdefault.jpg?sqp=-oaymwEcCNACELwBSFXyq4qpAw4IARUAAIhCGAFwAcABBg==&rs=AOn4CLDE-0B77p9NLgTfCUiHdBF-d9miRg
543,LZQcWM7GZmM,고양이 앞에 놓인 쥐가 되어보자 roleplay,고양이 앞에 놓인 쥐가 되어보자 roleplay,https://www.youtube.com/watch?v=LZQcWM7GZmM,https://www.youtube.com/watch?v=LZQcWM7GZmM,videos,videos,video,134.0,2.23,False,,기타/엔터테인먼트,https://i.ytimg.com/vi/LZQcWM7GZmM/hqdefault.jpg?sqp=-oaymwEcCNACELwBSFXyq4qpAw4IARUAAIhCGAFwAcABBg==&rs=AOn4CLCdrroIUmMPRNCLRiAn36H6wxbH1w
544,e7TJ2xxpkrE,sub) 미야옹철 수의사가 찐으로 겪은 최악의 고양이 보호자 Top 5,The worst 5 cat owners in history,https://www.youtube.com/watch?v=e7TJ2xxpkrE,https://www.youtube.com/watch?v=e7TJ2xxpkrE,videos,videos,video,621.0,10.35,False,,건강/진료;관계/윤리,https://i.ytimg.com/vi/e7TJ2xxpkrE/hqdefault.jpg?sqp=-oaymwEcCNACELwBSFXyq4qpAw4IARUAAIhCGAFwAcABBg==&rs=AOn4CLAjpAebtFkaDwGTsRu7fWaLq06Ang
545,gctD5ewSDHs,"생후 1년,,,어엿한 대학생이 된 고양이 호섭!","생후 1년,,,어엿한 대학생이 된 고양이 호섭!",https://www.youtube.com/watch?v=gctD5ewSDHs,https://www.youtube.com/watch?v=gctD5ewSDHs,videos,videos,video,380.0,6.33,False,,기타/엔터테인먼트,https://i.ytimg.com/vi/gctD5ewSDHs/hqdefault.jpg?sqp=-oaymwEcCNACELwBSFXyq4qpAw4IARUAAIhCGAFwAcABBg==&rs=AOn4CLCVwffBvLv8IyLTTgF4USCiQhHbfg
546,W6F5aLNOoHg,미야옹철과 함께 온라인 고양이 전시 보러가실 분🙋‍♀️,Anyone who wants to go see the online cat exhibition with Meow Meow🙋‍♀️,https://www.youtube.com/watch?v=W6F5aLNOoHg,https://www.youtube.com/watch?v=W6F5aLNOoHg,videos,videos,video,318.0,5.3,False,,기타/엔터테인먼트,https://i.ytimg.com/vi/W6F5aLNOoHg/hqdefault.jpg?sqp=-oaymwEcCNACELwBSFXyq4qpAw4IARUAAIhCGAFwAcABBg==&rs=AOn4CLDQmohU5RW-jklZGNXBAjnkLKkfiA
547,I3oRmu4iC98,sub) 이 세상 귀여움이 아닌 고양이 애기씨를 소개합니다,"[ENG] Meet Baby-c, the cutest cat in the world!",https://www.youtube.com/watch?v=I3oRmu4iC98,https://www.youtube.com/watch?v=I3oRmu4iC98,videos,videos,video,226.0,3.77,False,,행동/감정,https://i.ytimg.com/vi/I3oRmu4iC98/hqdefault.jpg?sqp=-oaymwEcCNACELwBSFXyq4qpAw4IARUAAIhCGAFwAcABBg==&rs=AOn4CLCQy3KwQLkFKngaR4GuIqk6qpLaVA
548,O93IyWGRPYY,화장실로 보는 우리집 고양이 건강 시그널,화장실로 보는 우리집 고양이 건강 시그널,https://www.youtube.com/watch?v=O93IyWGRPYY,https://www.youtube.com/watch?v=O93IyWGRPYY,videos,videos,video,557.0,9.28,False,,생활/돌봄,https://i.ytimg.com/vi/O93IyWGRPYY/hqdefault.jpg?sqp=-oaymwEcCNACELwBSFXyq4qpAw4IARUAAIhCGAFwAcABBg==&rs=AOn4CLAMJpTtuTaieVFtBZ4EXN7EWVo5tg
549,SipTSD25MqE,sub) 집사랑 대화하는 k-고양이,Let's talk to a chatty cat,https://www.youtube.com/watch?v=SipTSD25MqE,https://www.youtube.com/watch?v=SipTSD25MqE,videos,videos,video,61.0,1.02,False,,관계/윤리,https://i.ytimg.com/vi/SipTSD25MqE/hqdefault.jpg?sqp=-oaymwEcCNACELwBSFXyq4qpAw4IARUAAIhCGAFwAcABBg==&rs=AOn4CLAQbSWs0r25NagyGDJTUT9j49CFFg
550,9XCwRjkBU_Q,"코로나19, 사람과 고양이간에 감염 가능? 싹 정리해드립니다","코로나19, 사람과 고양이간에 감염 가능? 싹 정리해드립니다",https://www.youtube.com/watch?v=9XCwRjkBU_Q,https://www.youtube.com/watch?v=9XCwRjkBU_Q,videos,videos,video,374.0,6.23,False,,기타/엔터테인먼트,https://i.ytimg.com/vi/9XCwRjkBU_Q/hqdefault.jpg?sqp=-oaymwEcCNACELwBSFXyq4qpAw4IARUAAIhCGAFwAcABBg==&rs=AOn4CLCwUFXmT_9rRSs__4iK4li_RPjcpg
551,Jhtp2lURqpA,30년간 고양이만 그렸습니다. 자신 있습니다.,30년간 고양이만 그렸습니다. 자신 있습니다.,https://www.youtube.com/watch?v=Jhtp2lURqpA,https://www.youtube.com/watch?v=Jhtp2lURqpA,videos,videos,video,336.0,5.6,False,,기타/엔터테인먼트,https://i.ytimg.com/vi/Jhtp2lURqpA/hqdefault.jpg?sqp=-oaymwEcCNACELwBSFXyq4qpAw4IARUAAIhCGAFwAcABBg==&rs=AOn4CLDHP9USeM4iIbAFFynhmrmBulITrw
552,lY57gYLYN94,고양이 사모님을 소개합니다,고양이 사모님을 소개합니다,https://www.youtube.com/watch?v=lY57gYLYN94,https://www.youtube.com/watch?v=lY57gYLYN94,videos,videos,video,212.0,3.53,False,,기타/엔터테인먼트,https://i.ytimg.com/vi/lY57gYLYN94/hqdefault.jpg?sqp=-oaymwEcCNACELwBSFXyq4qpAw4IARUAAIhCGAFwAcABBg==&rs=AOn4CLDrkL5qYb57bjF371mXnLG_hP8i8g
553,GPWD5TV3o3Q,수의사가 세계관 '최강'일 수 밖에 없는 이유,수의사가 세계관 '최강'일 수 밖에 없는 이유,https://www.youtube.com/watch?v=GPWD5TV3o3Q,https://www.youtube.com/watch?v=GPWD5TV3o3Q,videos,videos,video,291.0,4.85,False,,건강/진료,https://i.ytimg.com/vi/GPWD5TV3o3Q/hqdefault.jpg?sqp=-oaymwEcCNACELwBSFXyq4qpAw4IARUAAIhCGAFwAcABBg==&rs=AOn4CLDgYS4WQHapk4md4XHhARkCKzfIPA
554,NUkFy4Kb9qY,우리집 고양이가 아프다는 신호,Signs Your Cat Is Sick,https://www.youtube.com/watch?v=NUkFy4Kb9qY,https://www.youtube.com/watch?v=NUkFy4Kb9qY,videos,videos,video,495.0,8.25,False,,건강/진료,https://i.ytimg.com/vi/NUkFy4Kb9qY/hqdefault.jpg?sqp=-oaymwEcCNACELwBSFXyq4qpAw4IARUAAIhCGAFwAcABBg==&rs=AOn4CLDp6cMbF-NQS4hDR8L8YJ_o6BpN-w
555,LX37Yx2JwaQ,장마사지 해주는 고양이,장마사지 해주는 고양이,https://www.youtube.com/watch?v=LX37Yx2JwaQ,https://www.youtube.com/watch?v=LX37Yx2JwaQ,videos,videos,video,88.0,1.47,False,,기타/엔터테인먼트,https://i.ytimg.com/vi/LX37Yx2JwaQ/hqdefault.jpg?sqp=-oaymwEcCNACELwBSFXyq4qpAw4IARUAAIhCGAFwAcABBg==&rs=AOn4CLAnPwH3ntEQOaNEQEZpOLDe5sv0Mw
556,6qfy8DfKNKU,냐옹신과 재첩먹방 때 일어난 일,냐옹신과 재첩먹방 때 일어난 일,https://www.youtube.com/watch?v=6qfy8DfKNKU,https://www.youtube.com/watch?v=6qfy8DfKNKU,videos,videos,video,258.0,4.3,False,,기타/엔터테인먼트,https://i.ytimg.com/vi/6qfy8DfKNKU/hqdefault.jpg?sqp=-oaymwEcCNACELwBSFXyq4qpAw4IARUAAIhCGAFwAcABBg==&rs=AOn4CLAFsqie1IvHr6DPcMAG4UQBxX4M8A
557,clsiz-hf34w,천하제일 고양이 푸드트리 대회,World's Best Cat Food Tree Contest,https://www.youtube.com/watch?v=clsiz-hf34w,https://www.youtube.com/watch?v=clsiz-hf34w,videos,videos,video,495.0,8.25,False,,기타/엔터테인먼트,https://i.ytimg.com/vi/clsiz-hf34w/hqdefault.jpg?sqp=-oaymwEcCNACELwBSFXyq4qpAw4IARUAAIhCGAFwAcABBg==&rs=AOn4CLB9w-xRMCrkZ0d17F5seZqrNbzzIA
558,bfoa6zJMXXk,[Q&A] SBS 짝은 어쩌다가 나가셨....? 질문 답변해드릴게요!,[Q&A] SBS 짝은 어쩌다가 나가셨....? 질문 답변해드릴게요!,https://www.youtube.com/watch?v=bfoa6zJMXXk,https://www.youtube.com/watch?v=bfoa6zJMXXk,videos,videos,video,496.0,8.27,False,,서사/상담,https://i.ytimg.com/vi/bfoa6zJMXXk/hqdefault.jpg?sqp=-oaymwEcCNACELwBSFXyq4qpAw4IARUAAIhCGAFwAcABBg==&rs=AOn4CLDGnIBQZv_ZSStKgJkXFGPOj0-ZJw
559,LkK1QDix-6I,[vlog] 카페에서 MBTI를 했는데요.. (feat. 휴모님과 mbti궁합),[vlog] 카페에서 MBTI를 했는데요.. (feat. 휴모님과 mbti궁합),https://www.youtube.com/watch?v=LkK1QDix-6I,https://www.youtube.com/watch?v=LkK1QDix-6I,videos,videos,video,496.0,8.27,False,,서사/상담,https://i.ytimg.com/vi/LkK1QDix-6I/hqdefault.jpg?sqp=-oaymwEcCNACELwBSFXyq4qpAw4IARUAAIhCGAFwAcABBg==&rs=AOn4CLCEwKgzfGnu0spFUfjKWi4Q7eK4Vg
560,ynYMFa9lDf4,애기씨 이거 왜먹어? 😭,애기씨 이거 왜먹어? 😭,https://www.youtube.com/watch?v=ynYMFa9lDf4,https://www.youtube.com/watch?v=ynYMFa9lDf4,videos,videos,video,298.0,4.97,False,,기타/엔터테인먼트,https://i.ytimg.com/vi/ynYMFa9lDf4/hqdefault.jpg?sqp=-oaymwEcCNACELwBSFXyq4qpAw4IARUAAIhCGAFwAcABBg==&rs=AOn4CLDSqNxOFeWSKmnISLaYzGkVmu204A
561,AnvGSHemvWg,"고양이, 사람의 '이것' 먹으면 죽는다?","고양이, 사람의 '이것' 먹으면 죽는다?",https://www.youtube.com/watch?v=AnvGSHemvWg,https://www.youtube.com/watch?v=AnvGSHemvWg,videos,videos,video,220.0,3.67,False,,기타/엔터테인먼트,https://i.ytimg.com/vi/AnvGSHemvWg/hqdefault.jpg?sqp=-oaymwEcCNACELwBSFXyq4qpAw4IARUAAIhCGAFwAcABBg==&rs=AOn4CLDdfd--CN-unCs05IpwUmg5_H5TBA
562,-cepgyt2Bsc,술취한 아빠 마중나오는 고양이,술취한 아빠 마중나오는 고양이,https://www.youtube.com/watch?v=-cepgyt2Bsc,https://www.youtube.com/watch?v=-cepgyt2Bsc,videos,videos,video,46.0,0.77,True,,서사/상담,https://i.ytimg.com/vi/-cepgyt2Bsc/hqdefault.jpg?sqp=-oaymwEcCNACELwBSFXyq4qpAw4IARUAAIhCGAFwAcABBg==&rs=AOn4CLALBEZZVawmstLuF325IWY5MBuPOg
563,fseIm1W8Rac,고양이 집사 되고 싶은 사람 손!🙋‍♂️,Raise your hand if you want to be a cat butler!🙋‍♂️,https://www.youtube.com/watch?v=fseIm1W8Rac,https://www.youtube.com/watch?v=fseIm1W8Rac,videos,videos,video,467.0,7.78,False,,관계/윤리,https://i.ytimg.com/vi/fseIm1W8Rac/hqdefault.jpg?sqp=-oaymwEcCNACELwBSFXyq4qpAw4IARUAAIhCGAFwAcABBg==&rs=AOn4CLCU59gvnXcFUyGWfTAbx3DnilSzVg
564,G9AcA7kTcwg,sub) 수의사랑 연애.. 이대로 괜찮을까요?,Date a Vet? ♡,https://www.youtube.com/watch?v=G9AcA7kTcwg,https://www.youtube.com/watch?v=G9AcA7kTcwg,videos,videos,video,123.0,2.05,False,,건강/진료,https://i.ytimg.com/vi/G9AcA7kTcwg/hqdefault.jpg?sqp=-oaymwEcCNACELwBSFXyq4qpAw4IARUAAIhCGAFwAcABBg==&rs=AOn4CLCLsFGfeSzO7s1CO2h8QThY1ATezg
565,42rRVpulAj0,전체 모래갈이 3개 15분 안에 끝내기,전체 모래갈이 3개 15분 안에 끝내기,https://www.youtube.com/watch?v=42rRVpulAj0,https://www.youtube.com/watch?v=42rRVpulAj0,videos,videos,video,396.0,6.6,False,,생활/돌봄,https://i.ytimg.com/vi/42rRVpulAj0/hqdefault.jpg?sqp=-oaymwEcCNACELwBSFXyq4qpAw4IARUAAIhCGAFwAcABBg==&rs=AOn4CLB87Jq-N0Tjn_eB6FVfQD6KpTh5mw
566,Rc4He4qDWYs,고양이에게 랍스터를 주면 생기는 일,What happens when you give a cat lobster,https://www.youtube.com/watch?v=Rc4He4qDWYs,https://www.youtube.com/watch?v=Rc4He4qDWYs,videos,videos,video,395.0,6.58,False,,기타/엔터테인먼트,https://i.ytimg.com/vi/Rc4He4qDWYs/hqdefault.jpg?sqp=-oaymwEcCNACELwBSFXyq4qpAw4IARUAAIhCGAFwAcABBg==&rs=AOn4CLCYGqhtIJcPPxbOI9HxRxto_7xD9w
567,EHTmiq-jHJc,고양이다이어트 최종편,고양이다이어트 최종편,https://www.youtube.com/watch?v=EHTmiq-jHJc,https://www.youtube.com/watch?v=EHTmiq-jHJc,videos,videos,video,458.0,7.63,False,,건강/진료,https://i.ytimg.com/vi/EHTmiq-jHJc/hqdefault.jpg?sqp=-oaymwEcCNACELwBSFXyq4qpAw4IARUAAIhCGAFwAcABBg==&rs=AOn4CLBvc99xrTfGQnujnMR6QY4gNyxW4Q
568,xm8t0_7VJmY,고양이와 여름나기,고양이와 여름나기,https://www.youtube.com/watch?v=xm8t0_7VJmY,https://www.youtube.com/watch?v=xm8t0_7VJmY,videos,videos,video,263.0,4.38,False,,기타/엔터테인먼트,https://i.ytimg.com/vi/xm8t0_7VJmY/hqdefault.jpg?sqp=-oaymwEcCNACELwBSFXyq4qpAw4IARUAAIhCGAFwAcABBg==&rs=AOn4CLApKTreB9vq52CXTs18TWryLyGG8Q
569,whh1HsxHLOI,고양이를 위한 공기청정기가 있다?! (feat.LG전자),고양이를 위한 공기청정기가 있다?! (feat.LG전자),https://www.youtube.com/watch?v=whh1HsxHLOI,https://www.youtube.com/watch?v=whh1HsxHLOI,videos,videos,video,340.0,5.67,False,,기타/엔터테인먼트,https://i.ytimg.com/vi/whh1HsxHLOI/hqdefault.jpg?sqp=-oaymwEcCNACELwBSFXyq4qpAw4IARUAAIhCGAFwAcABBg==&rs=AOn4CLBVMBMZhIIzzaDf0wRis-x6U_Asug
570,uVAca7g13Uw,미야옹철네에 옆집 큰 고양이가 놀러왔어요!,The big cat next door came to visit Meowchul's house!,https://www.youtube.com/watch?v=uVAca7g13Uw,https://www.youtube.com/watch?v=uVAca7g13Uw,videos,videos,video,259.0,4.32,False,,기타/엔터테인먼트,https://i.ytimg.com/vi/uVAca7g13Uw/hqdefault.jpg?sqp=-oaymwEcCNACELwBSFXyq4qpAw4IARUAAIhCGAFwAcABBg==&rs=AOn4CLCQbri7QspuNMxoNRq3a4DShVHhGQ
571,pSatvcTGZaw,좋은 동물병원 고르는 법,좋은 동물병원 고르는 법,https://www.youtube.com/watch?v=pSatvcTGZaw,https://www.youtube.com/watch?v=pSatvcTGZaw,videos,videos,video,270.0,4.5,False,,건강/진료,https://i.ytimg.com/vi/pSatvcTGZaw/hqdefault.jpg?sqp=-oaymwEcCNACELwBSFXyq4qpAw4IARUAAIhCGAFwAcABBg==&rs=AOn4CLAqLR8szui83O1S2EHLnQUFCEuQuQ
572,1PX7ZBdN95Q,sub) 고양이 집사 삶의 질 상승 5가지 꿀템,FIVE GREAT ITEMS for CAT BUETLERS,https://www.youtube.com/watch?v=1PX7ZBdN95Q,https://www.youtube.com/watch?v=1PX7ZBdN95Q,videos,videos,video,351.0,5.85,False,,관계/윤리,https://i.ytimg.com/vi/1PX7ZBdN95Q/hqdefault.jpg?sqp=-oaymwEcCNACELwBSFXyq4qpAw4IARUAAIhCGAFwAcABBg==&rs=AOn4CLB6cjq54fvsUNPYvnjXmLLCrePQOQ
573,_P-dya19h3w,sub) 네 고양이 약 먹은걸 고양이가 모르게 하라,Feeding cat pills in three seconds 👍,https://www.youtube.com/watch?v=_P-dya19h3w,https://www.youtube.com/watch?v=_P-dya19h3w,videos,videos,video,247.0,4.12,False,,기타/엔터테인먼트,https://i.ytimg.com/vi/_P-dya19h3w/hqdefault.jpg?sqp=-oaymwEcCNACELwBSFXyq4qpAw4IARUAAIhCGAFwAcABBg==&rs=AOn4CLB-tmvh7D-iODe8QHhcMIYv7MwbNQ
574,UTZwvSPXTLw,5일간 집을 비운 집사들을 고양이는 기억할까?,5일간 집을 비운 집사들을 고양이는 기억할까?,https://www.youtube.com/watch?v=UTZwvSPXTLw,https://www.youtube.com/watch?v=UTZwvSPXTLw,videos,videos,video,234.0,3.9,False,,관계/윤리,https://i.ytimg.com/vi/UTZwvSPXTLw/hqdefault.jpg?sqp=-oaymwEcCNACELwBSFXyq4qpAw4IARUAAIhCGAFwAcABBg==&rs=AOn4CLDa0dlBpXygs3JX4wrkwXXYMLQRfg
575,qm4_gGK96rU,sub) 해버렸습니다 호섭이 땅콩....아니 중성화….🥜✂️,My brother Hoserbi's.... neutered 🥜✂️,https://www.youtube.com/watch?v=qm4_gGK96rU,https://www.youtube.com/watch?v=qm4_gGK96rU,videos,videos,video,501.0,8.35,False,,건강/진료,https://i.ytimg.com/vi/qm4_gGK96rU/hqdefault.jpg?sqp=-oaymwEcCNACELwBSFXyq4qpAw4IARUAAIhCGAFwAcABBg==&rs=AOn4CLCX-rMJ066GEjWnt5qv4xQuZtexHQ
576,0UgV2h0_3dM,사모님과 애기씨는 다 계획이 있었구나!,사모님과 애기씨는 다 계획이 있었구나!,https://www.youtube.com/watch?v=0UgV2h0_3dM,https://www.youtube.com/watch?v=0UgV2h0_3dM,videos,videos,video,269.0,4.48,False,,기타/엔터테인먼트,https://i.ytimg.com/vi/0UgV2h0_3dM/hqdefault.jpg?sqp=-oaymwEcCNACELwBSFXyq4qpAw4IARUAAIhCGAFwAcABBg==&rs=AOn4CLDE8VOSHkfNSKnXDpQ8Uu8M7JUgXQ
577,qtAy1nkpdEA,중성화 수술이 고양이 장수의 비결?,중성화 수술이 고양이 장수의 비결?,https://www.youtube.com/watch?v=qtAy1nkpdEA,https://www.youtube.com/watch?v=qtAy1nkpdEA,videos,videos,video,462.0,7.7,False,,건강/진료,https://i.ytimg.com/vi/qtAy1nkpdEA/hqdefault.jpg?sqp=-oaymwEcCNACELwBSFXyq4qpAw4IARUAAIhCGAFwAcABBg==&rs=AOn4CLDar6QSWN8OM-RSMYBLeZ8RaYR5IA
578,2iZUTw9-eLk,국대 고양이 캣휠 선수 되는 법,국대 고양이 캣휠 선수 되는 법,https://www.youtube.com/watch?v=2iZUTw9-eLk,https://www.youtube.com/watch?v=2iZUTw9-eLk,videos,videos,video,219.0,3.65,False,,기타/엔터테인먼트,https://i.ytimg.com/vi/2iZUTw9-eLk/hqdefault.jpg?sqp=-oaymwEcCNACELwBSFXyq4qpAw4IARUAAIhCGAFwAcABBg==&rs=AOn4CLAb0iY4LM-Uxo77EIxZjfqLHcrWBw
579,k8a-ZIffXk0,[v-log] 산책하다 동네 고양이들 다 만났어요!,[v-log] 산책하다 동네 고양이들 다 만났어요!,https://www.youtube.com/watch?v=k8a-ZIffXk0,https://www.youtube.com/watch?v=k8a-ZIffXk0,videos,videos,video,340.0,5.67,False,,기타/엔터테인먼트,https://i.ytimg.com/vi/k8a-ZIffXk0/hqdefault.jpg?sqp=-oaymwEcCNACELwBSFXyq4qpAw4IARUAAIhCGAFwAcABBg==&rs=AOn4CLANpc5dVlYsy8cP3PqCAnSudO5hfg
580,pZ7HuohM4ec,삼시육끼 고양이편 (부제: 수의사네 고양이들은 뭘 먹을까?),삼시육끼 고양이편 (부제: 수의사네 고양이들은 뭘 먹을까?),https://www.youtube.com/watch?v=pZ7HuohM4ec,https://www.youtube.com/watch?v=pZ7HuohM4ec,videos,videos,video,380.0,6.33,False,,건강/진료,https://i.ytimg.com/vi/pZ7HuohM4ec/hqdefault.jpg?sqp=-oaymwEcCNACELwBSFXyq4qpAw4IARUAAIhCGAFwAcABBg==&rs=AOn4CLCPP7Q65yXrcRPeRbJyhJU9kV7W-Q
581,hB-31JMGCWM,sub) 예방접종도 루틴이 있어요! 고양이 예방접종의 모든 것,[ENG Sub] Cat Vaccinations - Everything You Should Know,https://www.youtube.com/watch?v=hB-31JMGCWM,https://www.youtube.com/watch?v=hB-31JMGCWM,videos,videos,video,352.0,5.87,False,,건강/진료,https://i.ytimg.com/vi/hB-31JMGCWM/hqdefault.jpg?sqp=-oaymwEcCNACELwBSFXyq4qpAw4IARUAAIhCGAFwAcABBg==&rs=AOn4CLAlrQQrs6_c8TjNjZY9xqk5cCTvfg
582,JlCUcS_6M7A,sub) 고양이에게 사춘기가 왔어요! 중학생이 된 호섭처남,[ENG sub] My brother cat hits puberty,https://www.youtube.com/watch?v=JlCUcS_6M7A,https://www.youtube.com/watch?v=JlCUcS_6M7A,videos,videos,video,534.0,8.9,False,,기타/엔터테인먼트,https://i.ytimg.com/vi/JlCUcS_6M7A/hqdefault.jpg?sqp=-oaymwEcCNACELwBSFXyq4qpAw4IARUAAIhCGAFwAcABBg==&rs=AOn4CLCQf7oECgqmeAkXjhsiDihhEjQleg
583,fnUtZvFS5dQ,sub) 내가 그동안 고양이를 잘못 안았다니? 수의사가 알려주는 고양이 안는 법,[ENG Sub] Do you hold your cat right? (Good & Bad Example),https://www.youtube.com/watch?v=fnUtZvFS5dQ,https://www.youtube.com/watch?v=fnUtZvFS5dQ,videos,videos,video,244.0,4.07,False,,건강/진료,https://i.ytimg.com/vi/fnUtZvFS5dQ/hqdefault.jpg?sqp=-oaymwEcCNACELwBSFXyq4qpAw4IARUAAIhCGAFwAcABBg==&rs=AOn4CLClsTVm246Me-nnRtR2X3mL-xnS5Q
584,3wY93i6JgSA,고양이 애기씨와 딸기의 한판대결!,고양이 애기씨와 딸기의 한판대결!,https://www.youtube.com/watch?v=3wY93i6JgSA,https://www.youtube.com/watch?v=3wY93i6JgSA,videos,videos,video,173.0,2.88,False,,기타/엔터테인먼트,https://i.ytimg.com/vi/3wY93i6JgSA/hqdefault.jpg?sqp=-oaymwEcCNACELwBSFXyq4qpAw4IARUAAIhCGAFwAcABBg==&rs=AOn4CLAsztp7Dyx4j7StkFyRhmgUfj5EnA
585,npVYbgyt_Wk,사모님 생일은 3월 5일! 생일파티🎂에 초대합니다🧡,Samonim's birthday party! 🎂 You're invited.🧡,https://www.youtube.com/watch?v=npVYbgyt_Wk,https://www.youtube.com/watch?v=npVYbgyt_Wk,videos,videos,video,404.0,6.73,False,,기타/엔터테인먼트,https://i.ytimg.com/vi/npVYbgyt_Wk/hqdefault.jpg?sqp=-oaymwEcCNACELwBSFXyq4qpAw4IARUAAIhCGAFwAcABBg==&rs=AOn4CLD6tiG3ShwsMgRATaw5fCXYs37Fvg
586,5KluaTgdNko,내가 사랑하는 고양이한테 입덕하게 된 이유 세가지!,내가 사랑하는 고양이한테 입덕하게 된 이유 세가지!,https://www.youtube.com/watch?v=5KluaTgdNko,https://www.youtube.com/watch?v=5KluaTgdNko,videos,videos,video,265.0,4.42,False,,기타/엔터테인먼트,https://i.ytimg.com/vi/5KluaTgdNko/hqdefault.jpg?sqp=-oaymwEcCNACELwBSFXyq4qpAw4IARUAAIhCGAFwAcABBg==&rs=AOn4CLAztTzU53e7y5VhLLQYfEL-t7mx2w
587,F2Yz2ue1zvk,sub) [v-log] 수의사 집사의 하루,[ENG Sub][Vlog] A cat butler veterinarian's day,https://www.youtube.com/watch?v=F2Yz2ue1zvk,https://www.youtube.com/watch?v=F2Yz2ue1zvk,videos,videos,video,1085.0,18.08,False,,건강/진료;관계/윤리,https://i.ytimg.com/vi/F2Yz2ue1zvk/hqdefault.jpg?sqp=-oaymwEcCNACELwBSFXyq4qpAw4IARUAAIhCGAFwAcABBg==&rs=AOn4CLDzR8Fn4eF79Zfl1lIikfuVOjbSEA
588,I2YmFbBQ6AY,너만 알레르기 있냐? 고양이도 알레르기 있다?,Are you the only one with allergies? Do cats have allergies too?,https://www.youtube.com/watch?v=I2YmFbBQ6AY,https://www.youtube.com/watch?v=I2YmFbBQ6AY,videos,videos,video,214.0,3.57,False,,기타/엔터테인먼트,https://i.ytimg.com/vi/I2YmFbBQ6AY/hqdefault.jpg?sqp=-oaymwEcCNACELwBSFXyq4qpAw4IARUAAIhCGAFwAcABBg==&rs=AOn4CLASChWw2HGj0g7jA96IaPyp2vyPOw
589,24BVb0ioL-8,미야옹철이 알려주는 고양이 다이어트법,미야옹철이 알려주는 고양이 다이어트법,https://www.youtube.com/watch?v=24BVb0ioL-8,https://www.youtube.com/watch?v=24BVb0ioL-8,videos,videos,video,499.0,8.32,False,,건강/진료,https://i.ytimg.com/vi/24BVb0ioL-8/hqdefault.jpg?sqp=-oaymwEcCNACELwBSFXyq4qpAw4IARUAAIhCGAFwAcABBg==&rs=AOn4CLCciWRbxDQB4MB6f4qxz-jvEoT4DQ
590,0WsJfyBpaCI,고양이도 유산균을 먹어야 할까? (유산균 고르는 기준은?),고양이도 유산균을 먹어야 할까? (유산균 고르는 기준은?),https://www.youtube.com/watch?v=0WsJfyBpaCI,https://www.youtube.com/watch?v=0WsJfyBpaCI,videos,videos,video,520.0,8.67,False,,기타/엔터테인먼트,https://i.ytimg.com/vi/0WsJfyBpaCI/hqdefault.jpg?sqp=-oaymwEcCNACELwBSFXyq4qpAw4IARUAAIhCGAFwAcABBg==&rs=AOn4CLArN5bn8m03KMQA_tZBdkuB9SOGZA
591,YRWWYveZ9eg,sub) 갑자기 처남이 생겼습니다...생후 두 달 됐고요...아깽이네요,[ENG Sub] Suddenly got a brother-in-law.... a two-month-old kitten!,https://www.youtube.com/watch?v=YRWWYveZ9eg,https://www.youtube.com/watch?v=YRWWYveZ9eg,videos,videos,video,541.0,9.02,False,,기타/엔터테인먼트,https://i.ytimg.com/vi/YRWWYveZ9eg/hqdefault.jpg?sqp=-oaymwEcCNACELwBSFXyq4qpAw4IARUAAIhCGAFwAcABBg==&rs=AOn4CLA63t5RicUWKsbYW_dFUa5ngc74Lg
592,qkWvuGW2Nlo,우리집 고양이 빨리 무지개다리 건너게 하는 방법 8가지!,8 Ways to Get Your Cat Crossing the Rainbow Bridge Faster!,https://www.youtube.com/watch?v=qkWvuGW2Nlo,https://www.youtube.com/watch?v=qkWvuGW2Nlo,videos,videos,video,375.0,6.25,False,,기타/엔터테인먼트,https://i.ytimg.com/vi/qkWvuGW2Nlo/hqdefault.jpg?sqp=-oaymwEcCNACELwBSFXyq4qpAw4IARUAAIhCGAFwAcABBg==&rs=AOn4CLDvV03fmupZ0BD9cXSWyz3kjaT4sA
593,2Kb5gfBLyDM,내가 갑자기 쓰러진다면 고양이가 날 구해줄까?,"If I suddenly collapse, will the cat save me?",https://www.youtube.com/watch?v=2Kb5gfBLyDM,https://www.youtube.com/watch?v=2Kb5gfBLyDM,videos,videos,video,220.0,3.67,False,,기타/엔터테인먼트,https://i.ytimg.com/vi/2Kb5gfBLyDM/hqdefault.jpg?sqp=-oaymwEcCNACELwBSFXyq4qpAw4IARUAAIhCGAFwAcABBg==&rs=AOn4CLCshU5pBUWbseWAb_QbiY-EfoMrjw
594,HBXecUZzRuM,내가 걸린 감기가 우리 고양이한테도 옮는다?!,내가 걸린 감기가 우리 고양이한테도 옮는다?!,https://www.youtube.com/watch?v=HBXecUZzRuM,https://www.youtube.com/watch?v=HBXecUZzRuM,videos,videos,video,209.0,3.48,False,,기타/엔터테인먼트,https://i.ytimg.com/vi/HBXecUZzRuM/hqdefault.jpg?sqp=-oaymwEcCNACELwBSFXyq4qpAw4IARUAAIhCGAFwAcABBg==&rs=AOn4CLCF_UbC3nci3-bgAMV1Ts2wVsqHIQ
595,r_yUs-JXP8o,죠리퐁인데 사료뺏어먹는줄 아는 고양이,죠리퐁인데 사료뺏어먹는줄 아는 고양이,https://www.youtube.com/watch?v=r_yUs-JXP8o,https://www.youtube.com/watch?v=r_yUs-JXP8o,videos,videos,video,56.0,0.93,True,,생활/돌봄,https://i.ytimg.com/vi/r_yUs-JXP8o/hqdefault.jpg?sqp=-oaymwEcCNACELwBSFXyq4qpAw4IARUAAIhCGAFwAcABBg==&rs=AOn4CLDmHfiD1rDvJObhLpvgFq9cVTu0qQ
596,A3lux5UqJxU,사모님과 애기씨의 성장 스토리 : 미야옹철의 육묘일기,사모님과 애기씨의 성장 스토리 : 미야옹철의 육묘일기,https://www.youtube.com/watch?v=A3lux5UqJxU,https://www.youtube.com/watch?v=A3lux5UqJxU,videos,videos,video,137.0,2.28,False,,건강/진료,https://i.ytimg.com/vi/A3lux5UqJxU/hqdefault.jpg?sqp=-oaymwEcCNACELwBSFXyq4qpAw4IARUAAIhCGAFwAcABBg==&rs=AOn4CLDvH5_fEf3C1Guft_Jf8TeekBdqvQ
597,F9ELagQ8cHA,던져도 던져도 자꾸 물고 오는 강아.. 아니 고양이,던져도 던져도 자꾸 물고 오는 강아.. 아니 고양이,https://www.youtube.com/watch?v=F9ELagQ8cHA,https://www.youtube.com/watch?v=F9ELagQ8cHA,videos,videos,video,450.0,7.5,False,,기타/엔터테인먼트,https://i.ytimg.com/vi/F9ELagQ8cHA/hqdefault.jpg?sqp=-oaymwEcCNACELwBSFXyq4qpAw4IARUAAIhCGAFwAcABBg==&rs=AOn4CLDCGENRc8S5cPENQeffqWr0jp7yrg
598,rAM3nepACvo,고양이 전문 수의사가 직접 구매하고 조립해 본 캣폴,고양이 전문 수의사가 직접 구매하고 조립해 본 캣폴,https://www.youtube.com/watch?v=rAM3nepACvo,https://www.youtube.com/watch?v=rAM3nepACvo,videos,videos,video,262.0,4.37,False,,건강/진료,https://i.ytimg.com/vi/rAM3nepACvo/hqdefault.jpg?sqp=-oaymwEcCNACELwBSFXyq4qpAw4IARUAAIhCGAFwAcABBg==&rs=AOn4CLA4vEl7Nm7VdZxLjL6xu-9QinzYuQ
599,UfYIAG7grX0,고양이에게 멜론을 줘봤습니다,FUNNY CAT Video 2019_cats like melon,https://www.youtube.com/watch?v=UfYIAG7grX0,https://www.youtube.com/watch?v=UfYIAG7grX0,videos,videos,video,431.0,7.18,False,,기타/엔터테인먼트,https://i.ytimg.com/vi/UfYIAG7grX0/hqdefault.jpg?sqp=-oaymwEcCNACELwBSFXyq4qpAw4IARUAAIhCGAFwAcABBg==&rs=AOn4CLAsw2UU3A6NgE4sorVn5EXV5nnp2g
600,lpbKy9NmBe8,"Ep.8 아깽이의 변신은 무죄, 당신들 심장은 유죄","Ep.8 아깽이의 변신은 무죄, 당신들 심장은 유죄",https://www.youtube.com/watch?v=lpbKy9NmBe8,https://www.youtube.com/watch?v=lpbKy9NmBe8,videos,videos,video,169.0,2.82,False,,기타/엔터테인먼트,https://i.ytimg.com/vi/lpbKy9NmBe8/hqdefault.jpg?sqp=-oaymwEcCNACELwBSFXyq4qpAw4IARUAAIhCGAFwAcABBg==&rs=AOn4CLDtXAg5GsK_7cWTx5yr1qwsLKpoRQ
601,9-2PeLX-_3E,고양이가 개처럼 헥헥 거리는 거 괜찮은거 맞죠?? 네?! 심장병이요??,고양이가 개처럼 헥헥 거리는 거 괜찮은거 맞죠?? 네?! 심장병이요??,https://www.youtube.com/watch?v=9-2PeLX-_3E,https://www.youtube.com/watch?v=9-2PeLX-_3E,videos,videos,video,314.0,5.23,False,,기타/엔터테인먼트,https://i.ytimg.com/vi/9-2PeLX-_3E/hqdefault.jpg?sqp=-oaymwEcCNACELwBSFXyq4qpAw4IARUAAIhCGAFwAcABBg==&rs=AOn4CLCBvGnBSr_H0L22ow31J-vn9AzFBg
602,t4ZNqZ-P3Co,합필소: 합사 전 필수템을 소개합니다,합필소: 합사 전 필수템을 소개합니다,https://www.youtube.com/watch?v=t4ZNqZ-P3Co,https://www.youtube.com/watch?v=t4ZNqZ-P3Co,videos,videos,video,302.0,5.03,False,,관계/윤리,https://i.ytimg.com/vi/t4ZNqZ-P3Co/hqdefault.jpg?sqp=-oaymwEcCNACELwBSFXyq4qpAw4IARUAAIhCGAFwAcABBg==&rs=AOn4CLBtyV75xpXtLfzzy_S0Dvg2L8E72A
603,eqWI5LW2WPM,[묘한 진료실] #8 고양이도 백혈병이 있다는 거 아시나요?,[묘한 진료실] #8 고양이도 백혈병이 있다는 거 아시나요?,https://www.youtube.com/watch?v=eqWI5LW2WPM,https://www.youtube.com/watch?v=eqWI5LW2WPM,videos,videos,video,458.0,7.63,False,,건강/진료,https://i.ytimg.com/vi/eqWI5LW2WPM/hqdefault.jpg?sqp=-oaymwEcCNACELwBSFXyq4qpAw4IARUAAIhCGAFwAcABBg==&rs=AOn4CLDGV-nDqINAmxIzYqgrjZ8w2Nn4pA
604,LmIzkLUgCGI,고양이 전문 수의사도 합사는 어려워 두 번째 이야기,고양이 전문 수의사도 합사는 어려워 두 번째 이야기,https://www.youtube.com/watch?v=LmIzkLUgCGI,https://www.youtube.com/watch?v=LmIzkLUgCGI,videos,videos,video,446.0,7.43,False,,건강/진료;관계/윤리,https://i.ytimg.com/vi/LmIzkLUgCGI/hqdefault.jpg?sqp=-oaymwEcCNACELwBSFXyq4qpAw4IARUAAIhCGAFwAcABBg==&rs=AOn4CLB8Eajb_XI4G2ca7_Va8Gqp70_B8A
605,2g4MgACRFmQ,잠깐 여행 다녀올 건데 고양이 혼자 2박3일 정도는 괜찮겠죠?,"I'm going on a short trip, so I think it would be okay for the cat to stay alone for 2 nights and...",https://www.youtube.com/watch?v=2g4MgACRFmQ,https://www.youtube.com/watch?v=2g4MgACRFmQ,videos,videos,video,202.0,3.37,False,,기타/엔터테인먼트,https://i.ytimg.com/vi/2g4MgACRFmQ/hqdefault.jpg?sqp=-oaymwEcCNACELwBSFXyq4qpAw4IARUAAIhCGAFwAcABBg==&rs=AOn4CLA2VZfVYf7E2z103TA1r5lpndPtAg
606,rkaxNfMwVKo,고양이 전문 수의사도 합사는 어려워(고양이/수의사/합사/사모님/애기씨),Even cat specialists have difficulty cohabitating (cat/veterinarian/cohabitation/wife/baby),https://www.youtube.com/watch?v=rkaxNfMwVKo,https://www.youtube.com/watch?v=rkaxNfMwVKo,videos,videos,video,532.0,8.87,False,,건강/진료;관계/윤리,https://i.ytimg.com/vi/rkaxNfMwVKo/hqdefault.jpg?sqp=-oaymwEcCNACELwBSFXyq4qpAw4IARUAAIhCGAFwAcABBg==&rs=AOn4CLDejR8mC5RwhahFYHz7hwZ6I35BUw
607,FPak71b2MZs,고양이가 모기약을 먹으면 생기는 일,고양이가 모기약을 먹으면 생기는 일,https://www.youtube.com/watch?v=FPak71b2MZs,https://www.youtube.com/watch?v=FPak71b2MZs,videos,videos,video,217.0,3.62,False,,기타/엔터테인먼트,https://i.ytimg.com/vi/FPak71b2MZs/hqdefault.jpg?sqp=-oaymwEcCNACELwBSFXyq4qpAw4IARUAAIhCGAFwAcABBg==&rs=AOn4CLCLWRs2TZHt1FEH2UlLLdETjY9_eg
608,ZW7AQ8XlP5Y,고양이 하나에서 고양이 둘이 됐을 때,고양이 하나에서 고양이 둘이 됐을 때,https://www.youtube.com/watch?v=ZW7AQ8XlP5Y,https://www.youtube.com/watch?v=ZW7AQ8XlP5Y,videos,videos,video,151.0,2.52,False,,기타/엔터테인먼트,https://i.ytimg.com/vi/ZW7AQ8XlP5Y/hqdefault.jpg?sqp=-oaymwEcCNACELwBSFXyq4qpAw4IARUAAIhCGAFwAcABBg==&rs=AOn4CLD_ecTplTxy5SCReUinNHPVceTXEw
609,LTx93q4n3Zg,[묘한 진료실] #7 고양이와 사람을 괴롭히는 피부병 (곰팡이성 피부병 (링웜) / 비만세포종),[묘한 진료실] #7 고양이와 사람을 괴롭히는 피부병 (곰팡이성 피부병 (링웜) / 비만세포종),https://www.youtube.com/watch?v=LTx93q4n3Zg,https://www.youtube.com/watch?v=LTx93q4n3Zg,videos,videos,video,663.0,11.05,False,,건강/진료,https://i.ytimg.com/vi/LTx93q4n3Zg/hqdefault.jpg?sqp=-oaymwEcCNACELwBSFXyq4qpAw4IARUAAIhCGAFwAcABBg==&rs=AOn4CLDOFUnUz9xiETC-OYv-b5fbjkzy0Q
610,8Te7rw44PQo,Ep.7 수의사계의 아이돌 등판!,Ep.7 수의사계의 아이돌 등판!,https://www.youtube.com/watch?v=8Te7rw44PQo,https://www.youtube.com/watch?v=8Te7rw44PQo,videos,videos,video,188.0,3.13,False,,건강/진료,https://i.ytimg.com/vi/8Te7rw44PQo/hqdefault.jpg?sqp=-oaymwEcCNACELwBSFXyq4qpAw4IARUAAIhCGAFwAcABBg==&rs=AOn4CLBLt1qYV3iH_GHGmH6kJj3YyjXTrQ
611,aULGwhWnG7A,[냥fun공작소] 종을 쳐서 집사를 부르는 고양이,[Funny cat] A cat hitting a bell(with give me a snack),https://www.youtube.com/watch?v=aULGwhWnG7A,https://www.youtube.com/watch?v=aULGwhWnG7A,videos,videos,video,614.0,10.23,False,,관계/윤리,https://i.ytimg.com/vi/aULGwhWnG7A/hqdefault.jpg?sqp=-oaymwEcCNACELwBSFXyq4qpAw4IARUAAIhCGAFwAcABBg==&rs=AOn4CLADWfWafo68GKgsAbAQcrT9SmAQqg
612,rhHaQdMkyzI,고양이 파양을 말하다,고양이 파양을 말하다,https://www.youtube.com/watch?v=rhHaQdMkyzI,https://www.youtube.com/watch?v=rhHaQdMkyzI,videos,videos,video,269.0,4.48,False,,기타/엔터테인먼트,https://i.ytimg.com/vi/rhHaQdMkyzI/hqdefault.jpg?sqp=-oaymwEcCNACELwBSFXyq4qpAw4IARUAAIhCGAFwAcABBg==&rs=AOn4CLDdxVkNRQjvRh_QbCgLPQY9Eal19A
613,4o3Qwse0ohs,오해마세요. 건강검진 받았습니다.,오해마세요. 건강검진 받았습니다.,https://www.youtube.com/watch?v=4o3Qwse0ohs,https://www.youtube.com/watch?v=4o3Qwse0ohs,videos,videos,video,866.0,14.43,False,,기타/엔터테인먼트,https://i.ytimg.com/vi/4o3Qwse0ohs/hqdefault.jpg?sqp=-oaymwEcCNACELwBSFXyq4qpAw4IARUAAIhCGAFwAcABBg==&rs=AOn4CLBqtRULYmk4y4-9Qzjwb8xbTcZNOA
614,kb_uUlVDdf4,수의사가 쓰는 고양이 용품은 뭘까?,수의사가 쓰는 고양이 용품은 뭘까?,https://www.youtube.com/watch?v=kb_uUlVDdf4,https://www.youtube.com/watch?v=kb_uUlVDdf4,videos,videos,video,591.0,9.85,False,,건강/진료,https://i.ytimg.com/vi/kb_uUlVDdf4/hqdefault.jpg?sqp=-oaymwEcCNACELwBSFXyq4qpAw4IARUAAIhCGAFwAcABBg==&rs=AOn4CLCS2KoiAWJtvFRBrL1_6wQVV8Rlvw
615,ksUJdva_PIE,고양이와 외출을 했습니다,고양이와 외출을 했습니다,https://www.youtube.com/watch?v=ksUJdva_PIE,https://www.youtube.com/watch?v=ksUJdva_PIE,videos,videos,video,692.0,11.53,False,,생활/돌봄,https://i.ytimg.com/vi/ksUJdva_PIE/hqdefault.jpg?sqp=-oaymwEcCNACELwBSFXyq4qpAw4IARUAAIhCGAFwAcABBg==&rs=AOn4CLAyRRXnwi3ihfjc8AygDOLu5TnuSA
616,osoySDnLHhQ,고양이에게 야옹~해봤습니다,고양이에게 야옹~해봤습니다,https://www.youtube.com/watch?v=osoySDnLHhQ,https://www.youtube.com/watch?v=osoySDnLHhQ,videos,videos,video,227.0,3.78,False,,기타/엔터테인먼트,https://i.ytimg.com/vi/osoySDnLHhQ/hqdefault.jpg?sqp=-oaymwEcCNACELwBSFXyq4qpAw4IARUAAIhCGAFwAcABBg==&rs=AOn4CLAT0hM_BSGQAqECrsz8ow2Vp6QMEg
617,ck64lGWIMrs,Ep.6 고양이와 고양이 사진을 보며 고양이 그리기,Ep.6 Drawing Cats While Looking at Cat Pictures,https://www.youtube.com/watch?v=ck64lGWIMrs,https://www.youtube.com/watch?v=ck64lGWIMrs,videos,videos,video,150.0,2.5,False,,기타/엔터테인먼트,https://i.ytimg.com/vi/ck64lGWIMrs/hqdefault.jpg?sqp=-oaymwEcCNACELwBSFXyq4qpAw4IARUAAIhCGAFwAcABBg==&rs=AOn4CLC3Ji4s9QzXgjg7Ig4NJKs5XvdQdQ
618,eAqCa8c9m-c,[Vlog] 여행 브이로그✈️ 제주도 김녕미로공원에 간 수의사,[Vlog] 여행 브이로그✈️ 제주도 김녕미로공원에 간 수의사,https://www.youtube.com/watch?v=eAqCa8c9m-c,https://www.youtube.com/watch?v=eAqCa8c9m-c,videos,videos,video,824.0,13.73,False,,서사/상담;건강/진료,https://i.ytimg.com/vi/eAqCa8c9m-c/hqdefault.jpg?sqp=-oaymwEcCNACELwBSFXyq4qpAw4IARUAAIhCGAFwAcABBg==&rs=AOn4CLCcp4x_u1VvPKsFwrEk9ioS950row
619,E39BIhtOolk,싸우자 공기청정기야!!!!,싸우자 공기청정기야!!!!,https://www.youtube.com/watch?v=E39BIhtOolk,https://www.youtube.com/watch?v=E39BIhtOolk,videos,videos,video,238.0,3.97,False,,기타/엔터테인먼트,https://i.ytimg.com/vi/E39BIhtOolk/hqdefault.jpg?sqp=-oaymwEcCNACELwBSFXyq4qpAw4IARUAAIhCGAFwAcABBg==&rs=AOn4CLCJUwuhSbrX4t0NOp5KiMBKTzFpLA
620,YvbByD8GqdM,[묘한 진료실] #5 고양이의 심장에 그들이 산다,[묘한 진료실] #5 고양이의 심장에 그들이 산다,https://www.youtube.com/watch?v=YvbByD8GqdM,https://www.youtube.com/watch?v=YvbByD8GqdM,videos,videos,video,608.0,10.13,False,,건강/진료,https://i.ytimg.com/vi/YvbByD8GqdM/hqdefault.jpg?sqp=-oaymwEcCNACELwBSFXyq4qpAw4IARUAAIhCGAFwAcABBg==&rs=AOn4CLDvku1KjUP3CCCT67Sbl_N3a2S1NA
621,UJStvOJ5Yms,Ep.5 플러큰의 초냥화를 그렸습니다,Ep.5 플러큰의 초냥화를 그렸습니다,https://www.youtube.com/watch?v=UJStvOJ5Yms,https://www.youtube.com/watch?v=UJStvOJ5Yms,videos,videos,video,187.0,3.12,False,,기타/엔터테인먼트,https://i.ytimg.com/vi/UJStvOJ5Yms/hqdefault.jpg?sqp=-oaymwEcCNACELwBSFXyq4qpAw4IARUAAIhCGAFwAcABBg==&rs=AOn4CLAe2RHYANO4kHBKaanH6YWLZUqFZA
622,8iqWp7OqIhE,고양이가 좋아하는 색깔은 뭘까?,What is a cat's favorite color?,https://www.youtube.com/watch?v=8iqWp7OqIhE,https://www.youtube.com/watch?v=8iqWp7OqIhE,videos,videos,video,224.0,3.73,False,,기타/엔터테인먼트,https://i.ytimg.com/vi/8iqWp7OqIhE/hqdefault.jpg?sqp=-oaymwEcCNACELwBSFXyq4qpAw4IARUAAIhCGAFwAcABBg==&rs=AOn4CLDuRNECx_VyZDN_AkcZJG1D2KAWew
623,c1IcAEUzIq0,고양이 골골송 파티 개최합니다,고양이 골골송 파티 개최합니다,https://www.youtube.com/watch?v=c1IcAEUzIq0,https://www.youtube.com/watch?v=c1IcAEUzIq0,videos,videos,video,316.0,5.27,False,,행동/감정,https://i.ytimg.com/vi/c1IcAEUzIq0/hqdefault.jpg?sqp=-oaymwEcCNACELwBSFXyq4qpAw4IARUAAIhCGAFwAcABBg==&rs=AOn4CLA45AkzyahwOGcXfOBTQ4-0M1xk2w
624,QxoA40m_YoY,[묘한 진료실] #4 고양이 방광염 true or dare,[묘한 진료실] #4 고양이 방광염 true or dare,https://www.youtube.com/watch?v=QxoA40m_YoY,https://www.youtube.com/watch?v=QxoA40m_YoY,videos,videos,video,664.0,11.07,False,,건강/진료,https://i.ytimg.com/vi/QxoA40m_YoY/hqdefault.jpg?sqp=-oaymwEcCNACELwBSFXyq4qpAw4IARUAAIhCGAFwAcABBg==&rs=AOn4CLCrYcXHS1QaKGtBtYvFED_UQovaWA
625,mY4VxMbrAHA,Ep.4 G져스 무슨 말이 필요해 (아깽주의),Ep.4 G져스 무슨 말이 필요해 (아깽주의),https://www.youtube.com/watch?v=mY4VxMbrAHA,https://www.youtube.com/watch?v=mY4VxMbrAHA,videos,videos,video,180.0,3.0,False,,기타/엔터테인먼트,https://i.ytimg.com/vi/mY4VxMbrAHA/hqdefault.jpg?sqp=-oaymwEcCNACELwBSFXyq4qpAw4IARUAAIhCGAFwAcABBg==&rs=AOn4CLBgD2oaTcmvltCh3soRNGN7h9-Pfg
626,UEBivp1xKS8,[냥fun공작소] 고양이는 왜 이러는 걸까요?,[냥fun공작소] 고양이는 왜 이러는 걸까요?,https://www.youtube.com/watch?v=UEBivp1xKS8,https://www.youtube.com/watch?v=UEBivp1xKS8,videos,videos,video,433.0,7.22,False,,기타/엔터테인먼트,https://i.ytimg.com/vi/UEBivp1xKS8/hqdefault.jpg?sqp=-oaymwEcCNACELwBSFXyq4qpAw4IARUAAIhCGAFwAcABBg==&rs=AOn4CLCiL74DzNExJedKK6z8DT3LagaVjg
627,d0F27LZe5Qo,장난감월드 : 들어는 봤나 '서킷'이라고,Toy World: Have you ever heard of a 'circuit'?,https://www.youtube.com/watch?v=d0F27LZe5Qo,https://www.youtube.com/watch?v=d0F27LZe5Qo,videos,videos,video,493.0,8.22,False,,생활/돌봄,https://i.ytimg.com/vi/d0F27LZe5Qo/hqdefault.jpg?sqp=-oaymwEcCNACELwBSFXyq4qpAw4IARUAAIhCGAFwAcABBg==&rs=AOn4CLCoO4KPpF5v92uFWMqtN4UVSRMPaQ
628,TRaz9-yG8m8,고양이가 카네이션을 먹으면 생기는 일,What happens when a cat eats a carnation,https://www.youtube.com/watch?v=TRaz9-yG8m8,https://www.youtube.com/watch?v=TRaz9-yG8m8,videos,videos,video,316.0,5.27,False,,기타/엔터테인먼트,https://i.ytimg.com/vi/TRaz9-yG8m8/hqdefault.jpg?sqp=-oaymwEcCNACELwBSFXyq4qpAw4IARUAAIhCGAFwAcABBg==&rs=AOn4CLDPZw5Qj1-132L7c12vFNDhNJ4NpA
629,35Am5OZ3UIM,Ep.3 오늘 밤 섹시냥은 나야 나,Ep.3 오늘 밤 섹시냥은 나야 나,https://www.youtube.com/watch?v=35Am5OZ3UIM,https://www.youtube.com/watch?v=35Am5OZ3UIM,videos,videos,video,300.0,5.0,False,,기타/엔터테인먼트,https://i.ytimg.com/vi/35Am5OZ3UIM/hqdefault.jpg?sqp=-oaymwEcCNACELwBSFXyq4qpAw4IARUAAIhCGAFwAcABBg==&rs=AOn4CLDYFzQOu1u7pqYZ-AY-Odbajs5h2Q
630,riCdrdCWHPI,"고양이 산책, 아직도 고민이세요?","고양이 산책, 아직도 고민이세요?",https://www.youtube.com/watch?v=riCdrdCWHPI,https://www.youtube.com/watch?v=riCdrdCWHPI,videos,videos,video,325.0,5.42,False,,서사/상담,https://i.ytimg.com/vi/riCdrdCWHPI/hqdefault.jpg?sqp=-oaymwEcCNACELwBSFXyq4qpAw4IARUAAIhCGAFwAcABBg==&rs=AOn4CLBWB8jLG_-TXPFYsCV1TJ_XDXMhew
631,hz79VeO82nQ,먀옹철이 부릅니다 - Kill This 발톱,먀옹철이 부릅니다 - Kill This 발톱,https://www.youtube.com/watch?v=hz79VeO82nQ,https://www.youtube.com/watch?v=hz79VeO82nQ,videos,videos,video,539.0,8.98,False,,건강/진료,https://i.ytimg.com/vi/hz79VeO82nQ/hqdefault.jpg?sqp=-oaymwEcCNACELwBSFXyq4qpAw4IARUAAIhCGAFwAcABBg==&rs=AOn4CLDVjpKfdeA1QyxQYKlQMa0Wnr_u7w
632,a4ylUKQy3D8,"미야옹철 : TMI 엔드게임, 2019","Meow Meow: TMI Endgame, 2019",https://www.youtube.com/watch?v=a4ylUKQy3D8,https://www.youtube.com/watch?v=a4ylUKQy3D8,videos,videos,video,720.0,12.0,False,,서사/상담,https://i.ytimg.com/vi/a4ylUKQy3D8/hqdefault.jpg?sqp=-oaymwEcCNACELwBSFXyq4qpAw4IARUAAIhCGAFwAcABBg==&rs=AOn4CLCGuZeSc4rUJ5JaE1l4AK_fHQuasQ
633,zhQQY0nd380,Ep.2 어메이징 스파이더냥,Ep.2 Amazing Spider-Man,https://www.youtube.com/watch?v=zhQQY0nd380,https://www.youtube.com/watch?v=zhQQY0nd380,videos,videos,video,208.0,3.47,False,,기타/엔터테인먼트,https://i.ytimg.com/vi/zhQQY0nd380/hqdefault.jpg?sqp=-oaymwEcCNACELwBSFXyq4qpAw4IARUAAIhCGAFwAcABBg==&rs=AOn4CLDPw6qA9LZeAoPt_iVBwAnGxL12rQ
634,rVQaFEIiV1A,고양이 옷은 “이 때” 입히세요 (feat. 미야옹철 수의사),"Put on your cat clothes “at this time” (feat. Meow Cheol, veterinarian)",https://www.youtube.com/watch?v=rVQaFEIiV1A,https://www.youtube.com/watch?v=rVQaFEIiV1A,videos,videos,video,202.0,3.37,False,,건강/진료,https://i.ytimg.com/vi/rVQaFEIiV1A/hqdefault.jpg?sqp=-oaymwEcCNACELwBSFXyq4qpAw4IARUAAIhCGAFwAcABBg==&rs=AOn4CLBHlM2K5TYEE2mljhWsP70CBMoOdQ
635,7U6nAFOpgHU,(오디오 수정) 그 많던 모래는 다 어디 갔을까?,(오디오 수정) 그 많던 모래는 다 어디 갔을까?,https://www.youtube.com/watch?v=7U6nAFOpgHU,https://www.youtube.com/watch?v=7U6nAFOpgHU,videos,videos,video,562.0,9.37,False,,생활/돌봄,https://i.ytimg.com/vi/7U6nAFOpgHU/hqdefault.jpg?sqp=-oaymwEcCNACELwBSFXyq4qpAw4IARUAAIhCGAFwAcABBg==&rs=AOn4CLAJsl3KSfY9CWQxyxZINJfnmOfGQQ
636,QXaJ8J4LtMI,그 많던 모래는 다 어디 갔을까?,그 많던 모래는 다 어디 갔을까?,https://www.youtube.com/watch?v=QXaJ8J4LtMI,https://www.youtube.com/watch?v=QXaJ8J4LtMI,videos,videos,video,562.0,9.37,False,,생활/돌봄,https://i.ytimg.com/vi/QXaJ8J4LtMI/hqdefault.jpg?sqp=-oaymwEcCNACELwBSFXyq4qpAw4IARUAAIhCGAFwAcABBg==&rs=AOn4CLBPw5r0ysKL-iRlakicClO7NO22CQ
637,rCuF_Ifk7Ic,[묘한 진료실] #3 고양이 똥 이야기,[묘한 진료실] #3 고양이 똥 이야기,https://www.youtube.com/watch?v=rCuF_Ifk7Ic,https://www.youtube.com/watch?v=rCuF_Ifk7Ic,videos,videos,video,816.0,13.6,False,,건강/진료,https://i.ytimg.com/vi/rCuF_Ifk7Ic/hqdefault.jpg?sqp=-oaymwEcCNACELwBSFXyq4qpAw4IARUAAIhCGAFwAcABBg==&rs=AOn4CLBlIcV2AaG7QS_nOg49VsF9Oz5yug
638,PcAAkVOG5L4,Ep.1 응가 싸는 중이냥,Ep.1 응가 싸는 중이냥,https://www.youtube.com/watch?v=PcAAkVOG5L4,https://www.youtube.com/watch?v=PcAAkVOG5L4,videos,videos,video,206.0,3.43,False,,기타/엔터테인먼트,https://i.ytimg.com/vi/PcAAkVOG5L4/hqdefault.jpg?sqp=-oaymwEcCNACELwBSFXyq4qpAw4IARUAAIhCGAFwAcABBg==&rs=AOn4CLDmwOzgSO8nccMaHD1SjvrIXC3kyA
639,m2H-rAIhBc8,봄 바람 휘날리며~돌아온 미야옹철,봄 바람 휘날리며~돌아온 미야옹철,https://www.youtube.com/watch?v=m2H-rAIhBc8,https://www.youtube.com/watch?v=m2H-rAIhBc8,videos,videos,video,613.0,10.22,False,,기타/엔터테인먼트,https://i.ytimg.com/vi/m2H-rAIhBc8/hqdefault.jpg?sqp=-oaymwEcCNACELwBSFXyq4qpAw4IARUAAIhCGAFwAcABBg==&rs=AOn4CLCMgBPYbXC1jKkPtqNVcedFQKsFkg
640,Twd9ICOQHMI,수정) 싸우자 설탕아 풀샷 원본!!! (+자막),수정) 싸우자 설탕아 풀샷 원본!!! (+자막),https://www.youtube.com/watch?v=Twd9ICOQHMI,https://www.youtube.com/watch?v=Twd9ICOQHMI,videos,videos,video,351.0,5.85,False,,기타/엔터테인먼트,https://i.ytimg.com/vi/Twd9ICOQHMI/hqdefault.jpg?sqp=-oaymwEcCNACELwBSFXyq4qpAw4IARUAAIhCGAFwAcABBg==&rs=AOn4CLD3E3sCFuPP88VGH14BOHo67Vtvzw
641,9tlS3pPc7mo,[사모님 파격 데뷔] 싸우자 설탕아!!!,[사모님 파격 데뷔] 싸우자 설탕아!!!,https://www.youtube.com/watch?v=9tlS3pPc7mo,https://www.youtube.com/watch?v=9tlS3pPc7mo,videos,videos,video,347.0,5.78,False,,기타/엔터테인먼트,https://i.ytimg.com/vi/9tlS3pPc7mo/hqdefault.jpg?sqp=-oaymwEcCNACELwBSFXyq4qpAw4IARUAAIhCGAFwAcABBg==&rs=AOn4CLA-CXERdR61GXwrwckoRT8FNZ1T-A
642,bZpWHjgJAVY,[묘한 진료실] #2 턱드름에 대한 모든 것! (하이디 asmr 있음),[묘한 진료실] #2 턱드름에 대한 모든 것! (하이디 asmr 있음),https://www.youtube.com/watch?v=bZpWHjgJAVY,https://www.youtube.com/watch?v=bZpWHjgJAVY,videos,videos,video,636.0,10.6,False,,건강/진료,https://i.ytimg.com/vi/bZpWHjgJAVY/hqdefault.jpg?sqp=-oaymwEcCNACELwBSFXyq4qpAw4IARUAAIhCGAFwAcABBg==&rs=AOn4CLBErcXUR7NIu6TXLiwKHXVDDf24Yw
643,I9IVno14kNw,☆구독자 만 명 기념 이벤트☆,☆구독자 만 명 기념 이벤트☆,https://www.youtube.com/watch?v=I9IVno14kNw,https://www.youtube.com/watch?v=I9IVno14kNw,videos,videos,video,85.0,1.42,False,,기타/엔터테인먼트,https://i.ytimg.com/vi/I9IVno14kNw/hqdefault.jpg?sqp=-oaymwEcCNACELwBSFXyq4qpAw4IARUAAIhCGAFwAcABBg==&rs=AOn4CLDiD8d3Od_G9hyoxM2Cvz3BvoXMUw
644,Qite5LlWkHc,저 수많은 불빛 중 내 집 없는 고양이를 위해,저 수많은 불빛 중 내 집 없는 고양이를 위해,https://www.youtube.com/watch?v=Qite5LlWkHc,https://www.youtube.com/watch?v=Qite5LlWkHc,videos,videos,video,422.0,7.03,False,,기타/엔터테인먼트,https://i.ytimg.com/vi/Qite5LlWkHc/hqdefault.jpg?sqp=-oaymwEcCNACELwBSFXyq4qpAw4IARUAAIhCGAFwAcABBg==&rs=AOn4CLA3QpZe7Cq9Tngmaro1o_AG4Zr3kQ
645,-_xC3vaJ9lY,미야옹철의 TMI를 전적으로 믿으셔야 합니다 집사님들,미야옹철의 TMI를 전적으로 믿으셔야 합니다 집사님들,https://www.youtube.com/watch?v=-_xC3vaJ9lY,https://www.youtube.com/watch?v=-_xC3vaJ9lY,videos,videos,video,440.0,7.33,False,,서사/상담;관계/윤리,https://i.ytimg.com/vi/-_xC3vaJ9lY/hqdefault.jpg?sqp=-oaymwEcCNACELwBSFXyq4qpAw4IARUAAIhCGAFwAcABBg==&rs=AOn4CLBiuQnglW6ew8fFKGYhCR0M8UsgQw
646,fbogUZ43U_M,미야옹철의 [묘한 진료실] 첫 개원합니다!(feat 하이디),Miyaongcheol's [Mysterious Clinic] Opens for the First Time! (feat. Heidi),https://www.youtube.com/watch?v=fbogUZ43U_M,https://www.youtube.com/watch?v=fbogUZ43U_M,videos,videos,video,537.0,8.95,False,,건강/진료,https://i.ytimg.com/vi/fbogUZ43U_M/hqdefault.jpg?sqp=-oaymwEcCNACELwBSFXyq4qpAw4IARUAAIhCGAFwAcABBg==&rs=AOn4CLBFfHn4taV7xex6GLwfe2uBesq2Vw
647,tgwEF88BA1Q,궁디팡팡에 간 미야옹철(feat. 고양이 계의 박보검과 함께),Meow Cheol Goes to Gungdi Pangpang (feat. Park Bo-gum of the Cat World),https://www.youtube.com/watch?v=tgwEF88BA1Q,https://www.youtube.com/watch?v=tgwEF88BA1Q,videos,videos,video,677.0,11.28,False,,기타/엔터테인먼트,https://i.ytimg.com/vi/tgwEF88BA1Q/hqdefault.jpg?sqp=-oaymwEcCNACELwBSFXyq4qpAw4IARUAAIhCGAFwAcABBg==&rs=AOn4CLDKRn5XyvSueckSDAnvkJ9NOvkVRQ
648,Hbptgc8qZr8,"냥천재 미야옹철의 고양이, 어디까지 알아보고 왔니?(TMI 주의)",How much do you know about the cat of the cat genius Meow Cheol? (TMI warning),https://www.youtube.com/watch?v=Hbptgc8qZr8,https://www.youtube.com/watch?v=Hbptgc8qZr8,videos,videos,video,431.0,7.18,False,,서사/상담,https://i.ytimg.com/vi/Hbptgc8qZr8/hqdefault.jpg?sqp=-oaymwEcCNACELwBSFXyq4qpAw4IARUAAIhCGAFwAcABBg==&rs=AOn4CLCn7CvzQUG3eNpV8-YMT_8CYtiEBg
649,aEaQm40-Mms,미야옹철 유튜브 데뷔 팩트입니까?,미야옹철 유튜브 데뷔 팩트입니까?,https://www.youtube.com/watch?v=aEaQm40-Mms,https://www.youtube.com/watch?v=aEaQm40-Mms,videos,videos,video,118.0,1.97,False,,기타/엔터테인먼트,https://i.ytimg.com/vi/aEaQm40-Mms/hqdefault.jpg?sqp=-oaymwEcCNACELwBSFXyq4qpAw4IARUAAIhCGAFwAcABBg==&rs=AOn4CLCfNqtXJm8v3A9s8tBxVdf-I98W3w
650,1ea07xC3yvI,귀여운 공격성,Cute Aggression,https://www.youtube.com/shorts/1ea07xC3yvI,https://www.youtube.com/watch?v=1ea07xC3yvI,shorts,shorts,shorts,,,,19000,행동/감정,https://i.ytimg.com/vi/1ea07xC3yvI/oardefault.jpg?sqp=-oaymwEdCJUDENAFSFWQAgHyq4qpAwwIARUAAIhCcAHAAQY=&rs=AOn4CLDIOnNsKiAk5s1k4mCiTV-_ZDPRvg&usqp=CCk
651,0NZTweb1uc0,첫째가 좋아? 둘째가 좋아?,"Who do you prefer, the first or the second?",https://www.youtube.com/shorts/0NZTweb1uc0,https://www.youtube.com/watch?v=0NZTweb1uc0,shorts,shorts,shorts,,,,74000,관계/윤리,https://i.ytimg.com/vi/0NZTweb1uc0/oardefault.jpg?sqp=-oaymwEdCJUDENAFSFWQAgHyq4qpAwwIARUAAIhCcAHAAQY=&rs=AOn4CLDcVz_Bxq7K1EFqj_sOaPES_p-GAg&usqp=CCk
652,E-So6aCZ0RQ,근데 강아지 키운 적 있음,But have you ever raised a dog?,https://www.youtube.com/shorts/E-So6aCZ0RQ,https://www.youtube.com/watch?v=E-So6aCZ0RQ,shorts,shorts,shorts,,,,16000,기타/엔터테인먼트,https://i.ytimg.com/vi/E-So6aCZ0RQ/oardefault.jpg?sqp=-oaymwEdCJUDENAFSFWQAgHyq4qpAwwIARUAAIhCcAHAAQY=&rs=AOn4CLC9Tt_DxyaDBDpXz470GMDcfrrdxg&usqp=CCk
653,7qyXfDMbLzA,아빠보다 비둘기,A Pigeon Over Dad,https://www.youtube.com/shorts/7qyXfDMbLzA,https://www.youtube.com/watch?v=7qyXfDMbLzA,shorts,shorts,shorts,,,,59000,서사/상담,https://i.ytimg.com/vi/7qyXfDMbLzA/oardefault.jpg?sqp=-oaymwEdCJUDENAFSFWQAgHyq4qpAwwIARUAAIhCcAHAAQY=&rs=AOn4CLAyfLliJXjL1bwG77FxNcf3Qek1gA&usqp=CCk
654,asZDs640iBc,멍냥이,Spacing-out cat,https://www.youtube.com/shorts/asZDs640iBc,https://www.youtube.com/watch?v=asZDs640iBc,shorts,shorts,shorts,,,,118000,기타/엔터테인먼트,https://i.ytimg.com/vi/asZDs640iBc/oardefault.jpg?sqp=-oaymwEdCJUDENAFSFWQAgHyq4qpAwwIARUAAIhCcAHAAQY=&rs=AOn4CLCJnuQToaTrn4rjo3-IEeu-H0eHrQ&usqp=CCk
655,dYm2SkaCli0,고양이는 싫다던 엄마,"My Mom, who said she hated cats",https://www.youtube.com/shorts/dYm2SkaCli0,https://www.youtube.com/watch?v=dYm2SkaCli0,shorts,shorts,shorts,,,,65000,서사/상담,https://i.ytimg.com/vi/dYm2SkaCli0/oardefault.jpg?sqp=-oaymwEdCJUDENAFSFWQAgHyq4qpAwwIARUAAIhCcAHAAQY=&rs=AOn4CLDPru__FXo6216fQX2eSjWy3qSnhQ&usqp=CCk
656,uKk3aKxD0Xs,먹이퍼즐!!,Food Puzzles!!,https://www.youtube.com/shorts/uKk3aKxD0Xs,https://www.youtube.com/watch?v=uKk3aKxD0Xs,shorts,shorts,shorts,,,,46000,기타/엔터테인먼트,https://i.ytimg.com/vi/uKk3aKxD0Xs/oardefault.jpg?sqp=-oaymwEdCJUDENAFSFWQAgHyq4qpAwwIARUAAIhCcAHAAQY=&rs=AOn4CLAGUgNl8ok2c_ojDCS_xm4g1zNgkQ&usqp=CCk
657,J_nKd6Ek7M0,수염도 ㄱㅇㅇ,Even their whiskers are cute,https://www.youtube.com/shorts/J_nKd6Ek7M0,https://www.youtube.com/watch?v=J_nKd6Ek7M0,shorts,shorts,shorts,,,,68000,기타/엔터테인먼트,https://i.ytimg.com/vi/J_nKd6Ek7M0/oardefault.jpg?sqp=-oaymwEdCJUDENAFSFWQAgHyq4qpAwwIARUAAIhCcAHAAQY=&rs=AOn4CLDhHvjq73SFz7TsU4aDNQ_paS0QOg&usqp=CCk
658,GbynZdE05IQ,사룟값은 해라,Earn Your Keep,https://www.youtube.com/shorts/GbynZdE05IQ,https://www.youtube.com/watch?v=GbynZdE05IQ,shorts,shorts,shorts,,,,31000,기타/엔터테인먼트,https://i.ytimg.com/vi/GbynZdE05IQ/oardefault.jpg?sqp=-oaymwEdCJUDENAFSFWQAgHyq4qpAwwIARUAAIhCcAHAAQY=&rs=AOn4CLBuvCyIsplhCAbYY4jKdKBlnsLc3A&usqp=CCk
659,ulge3rLUG_8,호랑이도 박스 좋아함,Even Tigers Love Boxes,https://www.youtube.com/shorts/ulge3rLUG_8,https://www.youtube.com/watch?v=ulge3rLUG_8,shorts,shorts,shorts,,,,32000,기타/엔터테인먼트,https://i.ytimg.com/vi/ulge3rLUG_8/oardefault.jpg?sqp=-oaymwEdCJUDENAFSFWQAgHyq4qpAwwIARUAAIhCcAHAAQY=&rs=AOn4CLD_ri8GycneXnoHXTMUNYSWCyP_NA&usqp=CCk
660,XbtlQ_5EHPI,민음사 마케터는 다르네,Minumsa marketers are just built different,https://www.youtube.com/shorts/XbtlQ_5EHPI,https://www.youtube.com/watch?v=XbtlQ_5EHPI,shorts,shorts,shorts,,,,33000,기타/엔터테인먼트,https://i.ytimg.com/vi/XbtlQ_5EHPI/oardefault.jpg?sqp=-oaymwEdCJUDENAFSFWQAgHyq4qpAwwIARUAAIhCcAHAAQY=&rs=AOn4CLAkBmbEESnCjkzHmigUBvBLMrZVdw&usqp=CCk
661,vK3w3HnWMiA,또 이러신다.. 약 드세요,Doing it again... please take your meds,https://www.youtube.com/shorts/vK3w3HnWMiA,https://www.youtube.com/watch?v=vK3w3HnWMiA,shorts,shorts,shorts,,,,213000,기타/엔터테인먼트,https://i.ytimg.com/vi/vK3w3HnWMiA/oardefault.jpg?sqp=-oaymwEdCJUDENAFSFWQAgHyq4qpAwwIARUAAIhCcAHAAQY=&rs=AOn4CLBjhdO4gWPKFEq_nl5nlkdu7UKdSA&usqp=CCk
662,9cvrBpyazv4,고양이가 서열 1위인 이유,The reason cats are number one in the hierarchy,https://www.youtube.com/shorts/9cvrBpyazv4,https://www.youtube.com/watch?v=9cvrBpyazv4,shorts,shorts,shorts,,,,35000,기타/엔터테인먼트,https://i.ytimg.com/vi/9cvrBpyazv4/oardefault.jpg?sqp=-oaymwEdCJUDENAFSFWQAgHyq4qpAwwIARUAAIhCcAHAAQY=&rs=AOn4CLDB-c86jJJjnG6z1pfxRC5Z6MRA7A&usqp=CCk
663,0fVcQKs4oYs,톰은 땅콩을 안 뗌,Tom doesn't get rid of peanuts.,https://www.youtube.com/shorts/0fVcQKs4oYs,https://www.youtube.com/watch?v=0fVcQKs4oYs,shorts,shorts,shorts,,,,83000,기타/엔터테인먼트,https://i.ytimg.com/vi/0fVcQKs4oYs/oardefault.jpg?sqp=-oaymwEdCJUDENAFSFWQAgHyq4qpAwwIARUAAIhCcAHAAQY=&rs=AOn4CLC2YyEnChHcGNYyLsOGn9Y_o3z04g&usqp=CCk
664,JV6VxfeaC10,고양이 액체설의 진실,The Truth About the Liquid Cat Theory,https://www.youtube.com/shorts/JV6VxfeaC10,https://www.youtube.com/watch?v=JV6VxfeaC10,shorts,shorts,shorts,,,,48000,기타/엔터테인먼트,https://i.ytimg.com/vi/JV6VxfeaC10/oardefault.jpg?sqp=-oaymwEdCJUDENAFSFWQAgHyq4qpAwwIARUAAIhCcAHAAQY=&rs=AOn4CLBiL8tI1x4PXh2dYcpyck7NJTEbmQ&usqp=CCk
665,yXk0U2lrmko,내 동심 돌려내,Give me back my childlike innocence,https://www.youtube.com/shorts/yXk0U2lrmko,https://www.youtube.com/watch?v=yXk0U2lrmko,shorts,shorts,shorts,,,,64000,기타/엔터테인먼트,https://i.ytimg.com/vi/yXk0U2lrmko/oardefault.jpg?sqp=-oaymwEdCJUDENAFSFWQAgHyq4qpAwwIARUAAIhCcAHAAQY=&rs=AOn4CLDARdAT3f0_-kN7ZcEA5WeKcEMxLA&usqp=CCk
666,wHc9c5yUe2g,병원 갈?말? 딱 알려드립니다 #네니요,Should you go to the vet or not? I'll tell you exactly when #YesNo,https://www.youtube.com/shorts/wHc9c5yUe2g,https://www.youtube.com/watch?v=wHc9c5yUe2g,shorts,shorts,shorts,,,,65000,건강/진료,https://i.ytimg.com/vi/wHc9c5yUe2g/oardefault.jpg?sqp=-oaymwEdCJUDENAFSFWQAgHyq4qpAwwIARUAAIhCcAHAAQY=&rs=AOn4CLB0oOPPkcZJdxwMX5mLg2Ook_FcEA&usqp=CCk
667,FUmMj7oT1t0,아빠는 서러워,Dads get no respect,https://www.youtube.com/shorts/FUmMj7oT1t0,https://www.youtube.com/watch?v=FUmMj7oT1t0,shorts,shorts,shorts,,,,144000,서사/상담,https://i.ytimg.com/vi/FUmMj7oT1t0/oardefault.jpg?sqp=-oaymwEdCJUDENAFSFWQAgHyq4qpAwwIARUAAIhCcAHAAQY=&rs=AOn4CLD5wxcl2IrzrH_kCJOobi3yoFv9Cg&usqp=CCk
668,U59HGL2_ZtM,고양이도 알겠다,Even a cat would know.,https://www.youtube.com/shorts/U59HGL2_ZtM,https://www.youtube.com/watch?v=U59HGL2_ZtM,shorts,shorts,shorts,,,,33000,기타/엔터테인먼트,https://i.ytimg.com/vi/U59HGL2_ZtM/oardefault.jpg?sqp=-oaymwEdCJUDENAFSFWQAgHyq4qpAwwIARUAAIhCcAHAAQY=&rs=AOn4CLCBh6bW26UkYGXNgNFbfFqiHdF5_Q&usqp=CCk
669,HBeXZMzuMAg,화기애애😇,A warm and friendly atmosphere 😇,https://www.youtube.com/shorts/HBeXZMzuMAg,https://www.youtube.com/watch?v=HBeXZMzuMAg,shorts,shorts,shorts,,,,22000,기타/엔터테인먼트,https://i.ytimg.com/vi/HBeXZMzuMAg/oardefault.jpg?sqp=-oaymwEdCJUDENAFSFWQAgHyq4qpAwwIARUAAIhCcAHAAQY=&rs=AOn4CLDqMwH99Jx0Nt-c4msFBUcK4o3e6A&usqp=CCk
670,tgJW3Mrtn8Y,"(속보)오다기리 조, 기무라 타쿠야 내한",(Breaking) Joe Odagiri and Takuya Kimura Visit Korea,https://www.youtube.com/shorts/tgJW3Mrtn8Y,https://www.youtube.com/watch?v=tgJW3Mrtn8Y,shorts,shorts,shorts,,,,43000,기타/엔터테인먼트,https://i.ytimg.com/vi/tgJW3Mrtn8Y/oardefault.jpg?sqp=-oaymwEdCJUDENAFSFWQAgHyq4qpAwwIARUAAIhCcAHAAQY=&rs=AOn4CLAlME3JxLODvb6mwCSzVCwbn_qMwg&usqp=CCk
671,gdZmuuiFksM,얼마나 좋아하는지 감도 안 옴,I have no idea how much you like me,https://www.youtube.com/shorts/gdZmuuiFksM,https://www.youtube.com/watch?v=gdZmuuiFksM,shorts,shorts,shorts,,,,39000,기타/엔터테인먼트,https://i.ytimg.com/vi/gdZmuuiFksM/oardefault.jpg?sqp=-oaymwEdCJUDENAFSFWQAgHyq4qpAwwIARUAAIhCcAHAAQY=&rs=AOn4CLDY1eAMxUbqUcyoa_KaIaP8Bc3LWg&usqp=CCk
672,1kGSKtwD-eE,정을 주지 않기로 했다(?),I decided not to get attached(?),https://www.youtube.com/shorts/1kGSKtwD-eE,https://www.youtube.com/watch?v=1kGSKtwD-eE,shorts,shorts,shorts,,,,103000,기타/엔터테인먼트,https://i.ytimg.com/vi/1kGSKtwD-eE/oardefault.jpg?sqp=-oaymwEdCJUDENAFSFWQAgHyq4qpAwwIARUAAIhCcAHAAQY=&rs=AOn4CLBZn41Nx8yDDQ_ktuJWnJmvyazlJQ&usqp=CCk
673,vPj6JwlPco0,기싸움 레전드,Legendary battle of wills,https://www.youtube.com/shorts/vPj6JwlPco0,https://www.youtube.com/watch?v=vPj6JwlPco0,shorts,shorts,shorts,,,,260000,행동/감정,https://i.ytimg.com/vi/vPj6JwlPco0/oardefault.jpg?sqp=-oaymwEdCJUDENAFSFWQAgHyq4qpAwwIARUAAIhCcAHAAQY=&rs=AOn4CLBnWc3G9jZqXW4ODziW0kR8J0Jqxw&usqp=CCk
674,65eSUiGUwx0,냥터밤,Nyanterbam,https://www.youtube.com/shorts/65eSUiGUwx0,https://www.youtube.com/watch?v=65eSUiGUwx0,shorts,shorts,shorts,,,,40000,기타/엔터테인먼트,https://i.ytimg.com/vi/65eSUiGUwx0/oardefault.jpg?sqp=-oaymwEdCJUDENAFSFWQAgHyq4qpAwwIARUAAIhCcAHAAQY=&rs=AOn4CLCTJsEbv67Z0-6E75l4HP6IaaZpRw&usqp=CCk
675,t2HnLECrOsQ,맞춰보세요,guess,https://www.youtube.com/shorts/t2HnLECrOsQ,https://www.youtube.com/watch?v=t2HnLECrOsQ,shorts,shorts,shorts,,,,38000,기타/엔터테인먼트,https://i.ytimg.com/vi/t2HnLECrOsQ/oardefault.jpg?sqp=-oaymwEdCJUDENAFSFWQAgHyq4qpAwwIARUAAIhCcAHAAQY=&rs=AOn4CLAY7_LjrPnCiItEadWPl_j0Tje9mw&usqp=CCk
676,BgE4wjmSB28,고양이 하찮은 앞니의 쓸모🦷,The Usefulness of a Cat's Trivial Front Teeth 🦷,https://www.youtube.com/shorts/BgE4wjmSB28,https://www.youtube.com/watch?v=BgE4wjmSB28,shorts,shorts,shorts,,,,135000,기타/엔터테인먼트,https://i.ytimg.com/vi/BgE4wjmSB28/oardefault.jpg?sqp=-oaymwEdCJUDENAFSFWQAgHyq4qpAwwIARUAAIhCcAHAAQY=&rs=AOn4CLBU5KU8rVfPECKRg9G_smGoJY9bjQ&usqp=CCk
677,xSxWE3kmxbU,저쪼아래,Below the Nipples,https://www.youtube.com/shorts/xSxWE3kmxbU,https://www.youtube.com/watch?v=xSxWE3kmxbU,shorts,shorts,shorts,,,,64000,기타/엔터테인먼트,https://i.ytimg.com/vi/xSxWE3kmxbU/oardefault.jpg?sqp=-oaymwEdCJUDENAFSFWQAgHyq4qpAwwIARUAAIhCcAHAAQY=&rs=AOn4CLCrAVKkfSJ62viO4FCq9qHCL6Ekeg&usqp=CCk
678,KVCTcuFUnZQ,고양이 궁디랑 머리를 같이 팡팡 #이거진짜예요,Patting the cat's butt and head together #ThisIsReal,https://www.youtube.com/shorts/KVCTcuFUnZQ,https://www.youtube.com/watch?v=KVCTcuFUnZQ,shorts,shorts,shorts,,,,84000,기타/엔터테인먼트,https://i.ytimg.com/vi/KVCTcuFUnZQ/oar2.jpg?sqp=-oaymwEdCJUDENAFSFWQAgHyq4qpAwwIARUAAIhCcAHAAQY=&rs=AOn4CLDlaW7rJ2HiJKJaJJXhapezGT5jLg&usqp=CCk
679,XxkcAwOIf7A,그냥 상혁이라고 하자,Let's just call him Sanghyeok.,https://www.youtube.com/shorts/XxkcAwOIf7A,https://www.youtube.com/watch?v=XxkcAwOIf7A,shorts,shorts,shorts,,,,48000,기타/엔터테인먼트,https://i.ytimg.com/vi/XxkcAwOIf7A/oardefault.jpg?sqp=-oaymwEdCJUDENAFSFWQAgHyq4qpAwwIARUAAIhCcAHAAQY=&rs=AOn4CLAk--_degAliZPmAo3cJr7pbxGQOA&usqp=CCk
680,bstY5DDwTE0,고양이에겐 독사과,Poison apple for cats,https://www.youtube.com/shorts/bstY5DDwTE0,https://www.youtube.com/watch?v=bstY5DDwTE0,shorts,shorts,shorts,,,,40000,기타/엔터테인먼트,https://i.ytimg.com/vi/bstY5DDwTE0/oardefault.jpg?sqp=-oaymwEdCJUDENAFSFWQAgHyq4qpAwwIARUAAIhCcAHAAQY=&rs=AOn4CLACxqndw4XqftLOUD5E6utlyW1IuA&usqp=CCk
681,MRWqVTDA0m0,18년간 고양이와 같이 자란 아이,A child who grew up with a cat for 18 years,https://www.youtube.com/shorts/MRWqVTDA0m0,https://www.youtube.com/watch?v=MRWqVTDA0m0,shorts,shorts,shorts,,,,120000,기타/엔터테인먼트,https://i.ytimg.com/vi/MRWqVTDA0m0/oardefault.jpg?sqp=-oaymwEdCJUDENAFSFWQAgHyq4qpAwwIARUAAIhCcAHAAQY=&rs=AOn4CLA7NcFwhnx1ObqvgX1FGKPGKI-IGQ&usqp=CCk
682,HiogVqpepBE,피부에 냥보하세요,Give your skin a treat.,https://www.youtube.com/shorts/HiogVqpepBE,https://www.youtube.com/watch?v=HiogVqpepBE,shorts,shorts,shorts,,,,43000,건강/진료,https://i.ytimg.com/vi/HiogVqpepBE/oardefault.jpg?sqp=-oaymwEdCJUDENAFSFWQAgHyq4qpAwwIARUAAIhCcAHAAQY=&rs=AOn4CLDHKFq1SxQ0GGZ7ZnNvqUNNxLj_9w&usqp=CCk
683,MZdCxA2XtfM,아기 질투하는 고양이ㅋㅋ,A cat jealous of a baby lol,https://www.youtube.com/shorts/MZdCxA2XtfM,https://www.youtube.com/watch?v=MZdCxA2XtfM,shorts,shorts,shorts,,,,474000,관계/윤리,https://i.ytimg.com/vi/MZdCxA2XtfM/oardefault.jpg?sqp=-oaymwEdCJUDENAFSFWQAgHyq4qpAwwIARUAAIhCcAHAAQY=&rs=AOn4CLD2HLxD9niNLlI7YZgs0LmpMazDeg&usqp=CCk
684,QttxywFbuVI,고양이가 죽기 전 나를 애틋하게 바라본다는 이야기 #이거진짜예요?,The story about a cat looking at me affectionately before it dies #IsThisReal?,https://www.youtube.com/shorts/QttxywFbuVI,https://www.youtube.com/watch?v=QttxywFbuVI,shorts,shorts,shorts,,,,55000,기타/엔터테인먼트,https://i.ytimg.com/vi/QttxywFbuVI/oardefault.jpg?sqp=-oaymwEdCJUDENAFSFWQAgHyq4qpAwwIARUAAIhCcAHAAQY=&rs=AOn4CLAKCUXmlRxCqW2ioBAbi98B-9i2og&usqp=CCk
685,IHIzyXFTrOg,풍속성 고양이라니ㄷㄷ,풍속성 고양이라니ㄷㄷ,https://www.youtube.com/shorts/IHIzyXFTrOg,https://www.youtube.com/watch?v=IHIzyXFTrOg,shorts,shorts,shorts,,,,59000,기타/엔터테인먼트,https://i.ytimg.com/vi/IHIzyXFTrOg/oardefault.jpg?sqp=-oaymwEdCJUDENAFSFWQAgHyq4qpAwwIARUAAIhCcAHAAQY=&rs=AOn4CLC9zHBG8VV7WyBZ1vFKumw4B0D6wg&usqp=CCk
686,m7LK4_RM8fY,동료 알바생이 일을 안 해요,My fellow part-timer isn't working.,https://www.youtube.com/shorts/m7LK4_RM8fY,https://www.youtube.com/watch?v=m7LK4_RM8fY,shorts,shorts,shorts,,,,472000,기타/엔터테인먼트,https://i.ytimg.com/vi/m7LK4_RM8fY/oardefault.jpg?sqp=-oaymwEdCJUDENAFSFWQAgHyq4qpAwwIARUAAIhCcAHAAQY=&rs=AOn4CLBdrVQLSJeD4R_v7ercu61kxw78IA&usqp=CCk
687,-5yq9bQNO0E,냥집사면 금연!🚭,Why cat owners should quit smoking,https://www.youtube.com/shorts/-5yq9bQNO0E,https://www.youtube.com/watch?v=-5yq9bQNO0E,shorts,shorts,shorts,,,,54000,관계/윤리,https://i.ytimg.com/vi/-5yq9bQNO0E/oardefault.jpg?sqp=-oaymwEdCJUDENAFSFWQAgHyq4qpAwwIARUAAIhCcAHAAQY=&rs=AOn4CLCBPe_Klww-Baisv_37ZEc4wx1CiQ&usqp=CCk
688,URaNdHCKQP4,죽기 전 마지막 인사,Last greeting before dying,https://www.youtube.com/shorts/URaNdHCKQP4,https://www.youtube.com/watch?v=URaNdHCKQP4,shorts,shorts,shorts,,,,53000,행동/감정,https://i.ytimg.com/vi/URaNdHCKQP4/oardefault.jpg?sqp=-oaymwEdCJUDENAFSFWQAgHyq4qpAwwIARUAAIhCcAHAAQY=&rs=AOn4CLCbrfuVxFZbT9eGmLB2nkrccUP7zQ&usqp=CCk
689,bEd_Olp6_RI,고양이집사 호신술✋,Cat Butler Self-Defense ✋,https://www.youtube.com/shorts/bEd_Olp6_RI,https://www.youtube.com/watch?v=bEd_Olp6_RI,shorts,shorts,shorts,,,,52000,관계/윤리,https://i.ytimg.com/vi/bEd_Olp6_RI/oar2.jpg?sqp=-oaymwEdCJUDENAFSFWQAgHyq4qpAwwIARUAAIhCcAHAAQY=&rs=AOn4CLC8zguWk5u8v9aiyHu5wuuiwV9VYQ&usqp=CCk
690,6JfmZYUGn7I,??: 세상 정복 가능,??: World domination possible,https://www.youtube.com/shorts/6JfmZYUGn7I,https://www.youtube.com/watch?v=6JfmZYUGn7I,shorts,shorts,shorts,,,,45000,기타/엔터테인먼트,https://i.ytimg.com/vi/6JfmZYUGn7I/oardefault.jpg?sqp=-oaymwEdCJUDENAFSFWQAgHyq4qpAwwIARUAAIhCcAHAAQY=&rs=AOn4CLB44LuroBUXxMQUs1TmIxAlTY54Jw&usqp=CCk
691,kl75oZsfF9s,와 이렇게 닮을 수 있나,A cat owner who looks exactly like their cat lol,https://www.youtube.com/shorts/kl75oZsfF9s,https://www.youtube.com/watch?v=kl75oZsfF9s,shorts,shorts,shorts,,,,341000,기타/엔터테인먼트,https://i.ytimg.com/vi/kl75oZsfF9s/oardefault.jpg?sqp=-oaymwEdCJUDENAFSFWQAgHyq4qpAwwIARUAAIhCcAHAAQY=&rs=AOn4CLBe8YcwJuauI1ZTjhBFcp6ctN_CkQ&usqp=CCk
692,84s091yayVM,천재 아냐?,Signs of a highly intelligent cat,https://www.youtube.com/shorts/84s091yayVM,https://www.youtube.com/watch?v=84s091yayVM,shorts,shorts,shorts,,,,126000,기타/엔터테인먼트,https://i.ytimg.com/vi/84s091yayVM/oardefault.jpg?sqp=-oaymwEdCJUDENAFSFWQAgHyq4qpAwwIARUAAIhCcAHAAQY=&rs=AOn4CLDlD-J-8rHPF8z0erVFyFWTPz1ZTA&usqp=CCk
693,rIg95sQIHmU,아주 사냥꾼이야,He's a real hunter.,https://www.youtube.com/shorts/rIg95sQIHmU,https://www.youtube.com/watch?v=rIg95sQIHmU,shorts,shorts,shorts,,,,96000,기타/엔터테인먼트,https://i.ytimg.com/vi/rIg95sQIHmU/oardefault.jpg?sqp=-oaymwEdCJUDENAFSFWQAgHyq4qpAwwIARUAAIhCcAHAAQY=&rs=AOn4CLAl_j3s61xsoK48o_VS_b77ZFg98Q&usqp=CCk
694,yIc6QX2Tlnk,천 마리에 한 마리 정도 걸리는..,Can a vaccine shot cause cancer in cats?,https://www.youtube.com/shorts/yIc6QX2Tlnk,https://www.youtube.com/watch?v=yIc6QX2Tlnk,shorts,shorts,shorts,,,,53000,기타/엔터테인먼트,https://i.ytimg.com/vi/yIc6QX2Tlnk/oardefault.jpg?sqp=-oaymwEdCJUDENAFSFWQAgHyq4qpAwwIARUAAIhCcAHAAQY=&rs=AOn4CLAVcaluAIDhCqsigX8HYZzSG_UDOg&usqp=CCk
695,W4sB109-1_g,사실상 기만이죠;,It is practically deception;,https://www.youtube.com/shorts/W4sB109-1_g,https://www.youtube.com/watch?v=W4sB109-1_g,shorts,shorts,shorts,,,,390000,기타/엔터테인먼트,https://i.ytimg.com/vi/W4sB109-1_g/oardefault.jpg?sqp=-oaymwEdCJUDENAFSFWQAgHyq4qpAwwIARUAAIhCcAHAAQY=&rs=AOn4CLAq7iWpgMzb4YMhB-5E1TOPFGJ9PQ&usqp=CCk
696,oBLxJhLkWvM,중증집사센터 1편,Chronic Cat Servant Center Part 1,https://www.youtube.com/shorts/oBLxJhLkWvM,https://www.youtube.com/watch?v=oBLxJhLkWvM,shorts,shorts,shorts,,,,445000,기타/엔터테인먼트,https://i.ytimg.com/vi/oBLxJhLkWvM/oardefault.jpg?sqp=-oaymwEdCJUDENAFSFWQAgHyq4qpAwwIARUAAIhCcAHAAQY=&rs=AOn4CLDsCK4yDB26Pec3xqXKg2UqtwApUg&usqp=CCk
697,mMSpXvPt8Yk,병원 갈 때 우리 집 고양이는?,What about my cat when going to the vet?,https://www.youtube.com/shorts/mMSpXvPt8Yk,https://www.youtube.com/watch?v=mMSpXvPt8Yk,shorts,shorts,shorts,,,,29000,건강/진료,https://i.ytimg.com/vi/mMSpXvPt8Yk/oardefault.jpg?sqp=-oaymwEdCJUDENAFSFWQAgHyq4qpAwwIARUAAIhCcAHAAQY=&rs=AOn4CLCxRbSiCobDIoMOFjATO0HFy5oe6g&usqp=CCk
698,euYFlOaWxK4,너 내꺼야,Why cats show their butt to their humans,https://www.youtube.com/shorts/euYFlOaWxK4,https://www.youtube.com/watch?v=euYFlOaWxK4,shorts,shorts,shorts,,,,69000,기타/엔터테인먼트,https://i.ytimg.com/vi/euYFlOaWxK4/oardefault.jpg?sqp=-oaymwEdCJUDENAFSFWQAgHyq4qpAwwIARUAAIhCcAHAAQY=&rs=AOn4CLBF-7dOz3VtfIH0JgfhBwDdngaJAg&usqp=CCk
699,MJiPtQtpn_Y,감당하실 수 있겠습니까?,Why walking your cat can be risky,https://www.youtube.com/shorts/MJiPtQtpn_Y,https://www.youtube.com/watch?v=MJiPtQtpn_Y,shorts,shorts,shorts,,,,925000,기타/엔터테인먼트,https://i.ytimg.com/vi/MJiPtQtpn_Y/oardefault.jpg?sqp=-oaymwEdCJUDENAFSFWQAgHyq4qpAwwIARUAAIhCcAHAAQY=&rs=AOn4CLD2_QnCl7mvcfvQvbDbsoUCdC1U1w&usqp=CCk
700,8CdUmAfjwLU,고양이 부위별 냄새 #이거진짜예요,What does a cat smell like?,https://www.youtube.com/shorts/8CdUmAfjwLU,https://www.youtube.com/watch?v=8CdUmAfjwLU,shorts,shorts,shorts,,,,82000,기타/엔터테인먼트,https://i.ytimg.com/vi/8CdUmAfjwLU/oardefault.jpg?sqp=-oaymwEdCJUDENAFSFWQAgHyq4qpAwwIARUAAIhCcAHAAQY=&rs=AOn4CLA9YpSVw1SOhHx0WLS70J0SzUdZeQ&usqp=CCk
701,jQdj6WLuOrQ,일광욕한 고양이 냄새 아는 사람?,Why cats love sunlight,https://www.youtube.com/shorts/jQdj6WLuOrQ,https://www.youtube.com/watch?v=jQdj6WLuOrQ,shorts,shorts,shorts,,,,31000,기타/엔터테인먼트,https://i.ytimg.com/vi/jQdj6WLuOrQ/oardefault.jpg?sqp=-oaymwEdCJUDENAFSFWQAgHyq4qpAwwIARUAAIhCcAHAAQY=&rs=AOn4CLCg_-VkMpjJ-tEt3dZrrWTpbHwIiQ&usqp=CCk
702,JT_5W674f5I,오늘 심장사상충 하는 날~,Do indoor cats still need parasite prevention?,https://www.youtube.com/shorts/JT_5W674f5I,https://www.youtube.com/watch?v=JT_5W674f5I,shorts,shorts,shorts,,,,67000,기타/엔터테인먼트,https://i.ytimg.com/vi_webp/JT_5W674f5I/oardefault.webp?usqp=CCk
703,RwUtphspg0o,안기는 고양이 특,What makes a cat super clingy to people?,https://www.youtube.com/shorts/RwUtphspg0o,https://www.youtube.com/watch?v=RwUtphspg0o,shorts,shorts,shorts,,,,426000,기타/엔터테인먼트,https://i.ytimg.com/vi/RwUtphspg0o/oardefault.jpg?sqp=-oaymwEdCJUDENAFSFWQAgHyq4qpAwwIARUAAIhCcAHAAQY=&rs=AOn4CLA_tUDIkTcxsbKEtEZ_c7eI9QEweA&usqp=CCk
704,Bf2dkC--xO4,고양이❤️ 인간☠️,Cat❤️ Human☠️,https://www.youtube.com/shorts/Bf2dkC--xO4,https://www.youtube.com/watch?v=Bf2dkC--xO4,shorts,shorts,shorts,,,,36000,기타/엔터테인먼트,https://i.ytimg.com/vi/Bf2dkC--xO4/oardefault.jpg?sqp=-oaymwEdCJUDENAFSFWQAgHyq4qpAwwIARUAAIhCcAHAAQY=&rs=AOn4CLDb5nEy7ko8gWQee7sCZer307zB_Q&usqp=CCk
705,TQ2TafIukHM,고양이 배꼽 #이거진짜예요,Is it hard to find a cat’s belly button?,https://www.youtube.com/shorts/TQ2TafIukHM,https://www.youtube.com/watch?v=TQ2TafIukHM,shorts,shorts,shorts,,,,161000,기타/엔터테인먼트,https://i.ytimg.com/vi/TQ2TafIukHM/oardefault.jpg?sqp=-oaymwEdCJUDENAFSFWQAgHyq4qpAwwIARUAAIhCcAHAAQY=&rs=AOn4CLAV0tsb31l5z4rZoXyOLCQjESKcRg&usqp=CCk
706,-A3i5fa6lFA,세상에서 제일 큰 골골송,A cat in the Guinness World Records 😼,https://www.youtube.com/shorts/-A3i5fa6lFA,https://www.youtube.com/watch?v=-A3i5fa6lFA,shorts,shorts,shorts,,,,64000,행동/감정,https://i.ytimg.com/vi/-A3i5fa6lFA/oardefault.jpg?sqp=-oaymwEdCJUDENAFSFWQAgHyq4qpAwwIARUAAIhCcAHAAQY=&rs=AOn4CLCzfCsnQOpAKXFr0wr2o3ilTyIHPQ&usqp=CCk
707,vq95UBrxie8,🐱: 어휴 입냄새,"🐱: Oh my, bad breath",https://www.youtube.com/shorts/vq95UBrxie8,https://www.youtube.com/watch?v=vq95UBrxie8,shorts,shorts,shorts,,,,107000,기타/엔터테인먼트,https://i.ytimg.com/vi/vq95UBrxie8/oardefault.jpg?sqp=-oaymwEdCJUDENAFSFWQAgHyq4qpAwwIARUAAIhCcAHAAQY=&rs=AOn4CLDrQ3rch3FWyPcjKCgjaRwD-Mh4zQ&usqp=CCk
708,x-xbvVx8Z18,🐶 : 맛있긴 해,My dog keeps eating my cat’s poop,https://www.youtube.com/shorts/x-xbvVx8Z18,https://www.youtube.com/watch?v=x-xbvVx8Z18,shorts,shorts,shorts,,,,41000,기타/엔터테인먼트,https://i.ytimg.com/vi/x-xbvVx8Z18/oardefault.jpg?sqp=-oaymwEdCJUDENAFSFWQAgHyq4qpAwwIARUAAIhCcAHAAQY=&rs=AOn4CLD1MbC3ZOynGrAw-QaK2ZUKa7vVNg&usqp=CCk
709,Sf144EdxzPs,고양이가 진짜 세상을 구한다,Why cat owners have the advantage,https://www.youtube.com/shorts/Sf144EdxzPs,https://www.youtube.com/watch?v=Sf144EdxzPs,shorts,shorts,shorts,,,,54000,기타/엔터테인먼트,https://i.ytimg.com/vi/Sf144EdxzPs/oardefault.jpg?sqp=-oaymwEdCJUDENAFSFWQAgHyq4qpAwwIARUAAIhCcAHAAQY=&rs=AOn4CLDlFoE0aBbVdAPKC17qDm7Fp0k2Fg&usqp=CCk
710,lrCHmgwrhd0,집사 허들 높다,The butler's hurdles are high,https://www.youtube.com/shorts/lrCHmgwrhd0,https://www.youtube.com/watch?v=lrCHmgwrhd0,shorts,shorts,shorts,,,,35000,관계/윤리,https://i.ytimg.com/vi/lrCHmgwrhd0/oardefault.jpg?sqp=-oaymwEdCJUDENAFSFWQAgHyq4qpAwwIARUAAIhCcAHAAQY=&rs=AOn4CLDka0YYYfLYVKm0bjyp-fLwIruroQ&usqp=CCk
711,DeRJcEGFdh0,수의사가 제일 많이 듣는 거짓말,The Lies Veterinarians Hear Most,https://www.youtube.com/shorts/DeRJcEGFdh0,https://www.youtube.com/watch?v=DeRJcEGFdh0,shorts,shorts,shorts,,,,344000,건강/진료,https://i.ytimg.com/vi/DeRJcEGFdh0/oar2.jpg?sqp=-oaymwEdCJUDENAFSFWQAgHyq4qpAwwIARUAAIhCcAHAAQY=&rs=AOn4CLDB1n5tydynY7vbjQY72dsGlqADNw&usqp=CCk
712,7ZoEC5qJGAM,나는 보이는 거지?,Can I see it?,https://www.youtube.com/shorts/7ZoEC5qJGAM,https://www.youtube.com/watch?v=7ZoEC5qJGAM,shorts,shorts,shorts,,,,119000,기타/엔터테인먼트,https://i.ytimg.com/vi/7ZoEC5qJGAM/oardefault.jpg?sqp=-oaymwEdCJUDENAFSFWQAgHyq4qpAwwIARUAAIhCcAHAAQY=&rs=AOn4CLCmeYO6CdZCZHqdhMj23uJYJRVPrw&usqp=CCk
713,In3xkIbO9Zg,수염 누르면 송곳니가 뿅,Push down a cat’s whiskers and their fangs pop out,https://www.youtube.com/shorts/In3xkIbO9Zg,https://www.youtube.com/watch?v=In3xkIbO9Zg,shorts,shorts,shorts,,,,93000,기타/엔터테인먼트,https://i.ytimg.com/vi/In3xkIbO9Zg/oardefault.jpg?sqp=-oaymwEdCJUDENAFSFWQAgHyq4qpAwwIARUAAIhCcAHAAQY=&rs=AOn4CLCy7X1DMOB7HAnbGdQjUkUpFWTlzQ&usqp=CCk
714,DzNNX64Haro,어떤 한 사람이 하나도 안 맞음,어떤 한 사람이 하나도 안 맞음,https://www.youtube.com/shorts/DzNNX64Haro,https://www.youtube.com/watch?v=DzNNX64Haro,shorts,shorts,shorts,,,,24000,기타/엔터테인먼트,https://i.ytimg.com/vi/DzNNX64Haro/oar2.jpg?sqp=-oaymwEdCJUDENAFSFWQAgHyq4qpAwwIARUAAIhCcAHAAQY=&rs=AOn4CLD5bS2_AqjToRDYVqcn2tVOpN-B1A&usqp=CCk
715,aMyhGEB7Q8Y,억울하다!,Why your first cat stops playing after a second cat arrives,https://www.youtube.com/shorts/aMyhGEB7Q8Y,https://www.youtube.com/watch?v=aMyhGEB7Q8Y,shorts,shorts,shorts,,,,39000,기타/엔터테인먼트,https://i.ytimg.com/vi/aMyhGEB7Q8Y/oardefault.jpg?sqp=-oaymwEdCJUDENAFSFWQAgHyq4qpAwwIARUAAIhCcAHAAQY=&rs=AOn4CLC9Ho0JV13GlV3w4p72EG091Bx3jQ&usqp=CCk
716,QX3WqjszRv4,??: 아기 태어났는데 고양이는 위험하지,Can you raise a cat and a baby together?,https://www.youtube.com/shorts/QX3WqjszRv4,https://www.youtube.com/watch?v=QX3WqjszRv4,shorts,shorts,shorts,,,,74000,관계/윤리,https://i.ytimg.com/vi/QX3WqjszRv4/oardefault.jpg?sqp=-oaymwEdCJUDENAFSFWQAgHyq4qpAwwIARUAAIhCcAHAAQY=&rs=AOn4CLATIvyOUvhz6yMQ6AOABj1yQ4NFiQ&usqp=CCk
717,qh0O5vTNhNw,전에 알던 내가 아냐,Why you should listen to a cat detective,https://www.youtube.com/shorts/qh0O5vTNhNw,https://www.youtube.com/watch?v=qh0O5vTNhNw,shorts,shorts,shorts,,,,49000,기타/엔터테인먼트,https://i.ytimg.com/vi/qh0O5vTNhNw/oardefault.jpg?sqp=-oaymwEdCJUDENAFSFWQAgHyq4qpAwwIARUAAIhCcAHAAQY=&rs=AOn4CLATQCM-H3cqyXMA9vZKJqGOOP-n8w&usqp=CCk
718,OFEyabbCkx0,☆아빠 데뷔☆,☆Dad's Debut☆,https://www.youtube.com/shorts/OFEyabbCkx0,https://www.youtube.com/watch?v=OFEyabbCkx0,shorts,shorts,shorts,,,,54000,서사/상담,https://i.ytimg.com/vi/OFEyabbCkx0/oardefault.jpg?sqp=-oaymwEdCJUDENAFSFWQAgHyq4qpAwwIARUAAIhCcAHAAQY=&rs=AOn4CLBaHAdeHrBI9HX7x8E5mNRmuVUAXA&usqp=CCk
719,p1UZ9IjAGR4,이혼변호사에게 연애상담,Relationship counseling from a divorce lawyer,https://www.youtube.com/shorts/p1UZ9IjAGR4,https://www.youtube.com/watch?v=p1UZ9IjAGR4,shorts,shorts,shorts,,,,25000,서사/상담,https://i.ytimg.com/vi/p1UZ9IjAGR4/oardefault.jpg?sqp=-oaymwEdCJUDENAFSFWQAgHyq4qpAwwIARUAAIhCcAHAAQY=&rs=AOn4CLDKJFI7xi9OwKlUUa2X17-_4EC1Kg&usqp=CCk
720,QpdlsfPuvG8,이숙캠보다 매운 고양이 합사,Cat fusion spicier than Lee Sook-cam,https://www.youtube.com/shorts/QpdlsfPuvG8,https://www.youtube.com/watch?v=QpdlsfPuvG8,shorts,shorts,shorts,,,,64000,관계/윤리,https://i.ytimg.com/vi/QpdlsfPuvG8/oardefault.jpg?sqp=-oaymwEdCJUDENAFSFWQAgHyq4qpAwwIARUAAIhCcAHAAQY=&rs=AOn4CLDeNSWJQiA0iETExa5Y9JV5BuSrwQ&usqp=CCk
721,1OLyj7QuA8Y,니가 왜 거기서 나와,The most unbelievable rescue a cat detective has ever handled,https://www.youtube.com/shorts/1OLyj7QuA8Y,https://www.youtube.com/watch?v=1OLyj7QuA8Y,shorts,shorts,shorts,,,,94000,기타/엔터테인먼트,https://i.ytimg.com/vi/1OLyj7QuA8Y/oardefault.jpg?sqp=-oaymwEdCJUDENAFSFWQAgHyq4qpAwwIARUAAIhCcAHAAQY=&rs=AOn4CLDX526lMd9bLSPYIQ8-7cRPAkKF6A&usqp=CCk
722,hdiI_nvbPz4,미야옹철도 이젠 한계다. 주사맞아라. #네니요,Cat vaccination Q&A every owner wonders about,https://www.youtube.com/shorts/hdiI_nvbPz4,https://www.youtube.com/watch?v=hdiI_nvbPz4,shorts,shorts,shorts,,,,68000,기타/엔터테인먼트,https://i.ytimg.com/vi/hdiI_nvbPz4/oardefault.jpg?sqp=-oaymwEdCJUDENAFSFWQAgHyq4qpAwwIARUAAIhCcAHAAQY=&rs=AOn4CLCKh7GH3N_8NSpLaLcwVc01oXWovg&usqp=CCk
723,tTPvMyHFq_g,너무 귀여우니까 제발 봐주세여,Please look at it because it's so cute,https://www.youtube.com/shorts/tTPvMyHFq_g,https://www.youtube.com/watch?v=tTPvMyHFq_g,shorts,shorts,shorts,,,,86000,행동/감정,https://i.ytimg.com/vi/tTPvMyHFq_g/oardefault.jpg?sqp=-oaymwEdCJUDENAFSFWQAgHyq4qpAwwIARUAAIhCcAHAAQY=&rs=AOn4CLC5N2zOH1eNWCpd2iT16DHHzybr-Q&usqp=CCk
724,CiK4DxQj3h0,남의 편,Other people's side,https://www.youtube.com/shorts/CiK4DxQj3h0,https://www.youtube.com/watch?v=CiK4DxQj3h0,shorts,shorts,shorts,,,,48000,기타/엔터테인먼트,https://i.ytimg.com/vi/CiK4DxQj3h0/oardefault.jpg?sqp=-oaymwEdCJUDENAFSFWQAgHyq4qpAwwIARUAAIhCcAHAAQY=&rs=AOn4CLAEfx1Ga0Djwuzdx4--gb5RogzuVQ&usqp=CCk
725,WpCjymQWLcE,?? : 집사 사랑한다,Why do cats lick their owners?,https://www.youtube.com/shorts/WpCjymQWLcE,https://www.youtube.com/watch?v=WpCjymQWLcE,shorts,shorts,shorts,,,,70000,관계/윤리,https://i.ytimg.com/vi/WpCjymQWLcE/oardefault.jpg?sqp=-oaymwEdCJUDENAFSFWQAgHyq4qpAwwIARUAAIhCcAHAAQY=&rs=AOn4CLAU2QozGLrwNO2oQO1u_kS8bXeeJw&usqp=CCk
726,vIrale-Xxp4,찔리는 집사님🙋,The most common lies veterinarians hear from pet owners,https://www.youtube.com/shorts/vIrale-Xxp4,https://www.youtube.com/watch?v=vIrale-Xxp4,shorts,shorts,shorts,,,,75000,관계/윤리,https://i.ytimg.com/vi/vIrale-Xxp4/oardefault.jpg?sqp=-oaymwEdCJUDENAFSFWQAgHyq4qpAwwIARUAAIhCcAHAAQY=&rs=AOn4CLDlwCPKTVXYT6FDNQ2FJS33Wddo9g&usqp=CCk
727,YKCUp8jx9e4,아직도 이런 집이 있어?,Are there still houses like this?,https://www.youtube.com/shorts/YKCUp8jx9e4,https://www.youtube.com/watch?v=YKCUp8jx9e4,shorts,shorts,shorts,,,,36000,기타/엔터테인먼트,https://i.ytimg.com/vi/YKCUp8jx9e4/oardefault.jpg?sqp=-oaymwEdCJUDENAFSFWQAgHyq4qpAwwIARUAAIhCcAHAAQY=&rs=AOn4CLCPz0Vkx1BYhTWiRxAeFuIrgTsP8A&usqp=CCk
728,yKA7S9PP6qw,장난감 취존,What’s my cat’s favorite toy?,https://www.youtube.com/shorts/yKA7S9PP6qw,https://www.youtube.com/watch?v=yKA7S9PP6qw,shorts,shorts,shorts,,,,37000,생활/돌봄,https://i.ytimg.com/vi_webp/yKA7S9PP6qw/oardefault.webp?usqp=CCk
729,bVbKaKT3UDY,피지컬 vs 지능캐,피지컬 vs 지능캐,https://www.youtube.com/shorts/bVbKaKT3UDY,https://www.youtube.com/watch?v=bVbKaKT3UDY,shorts,shorts,shorts,,,,72000,기타/엔터테인먼트,https://i.ytimg.com/vi_webp/bVbKaKT3UDY/oardefault.webp?usqp=CCk
730,881kgikWn2g,백합 절대절대 ❌,Lily absolutely absolutely ❌,https://www.youtube.com/shorts/881kgikWn2g,https://www.youtube.com/watch?v=881kgikWn2g,shorts,shorts,shorts,,,,75000,기타/엔터테인먼트,https://i.ytimg.com/vi_webp/881kgikWn2g/oardefault.webp?usqp=CCk
731,adE7e2ggfU0,?? : 이제 내 세상,?? : Now my world,https://www.youtube.com/shorts/adE7e2ggfU0,https://www.youtube.com/watch?v=adE7e2ggfU0,shorts,shorts,shorts,,,,554000,기타/엔터테인먼트,https://i.ytimg.com/vi_webp/adE7e2ggfU0/oardefault.webp?usqp=CCk
732,B6xLHX6ucqc,내 친구 고양이 이름ㅋㅋㅋㅋ,My friend's cat's name lol,https://www.youtube.com/shorts/B6xLHX6ucqc,https://www.youtube.com/watch?v=B6xLHX6ucqc,shorts,shorts,shorts,,,,380000,서사/상담,https://i.ytimg.com/vi_webp/B6xLHX6ucqc/oardefault.webp?usqp=CCk
733,dNOHigIJ2iQ,병원 간 고양이 유형 2가지ㅋㅋㅋㅋㅋ,병원 간 고양이 유형 2가지ㅋㅋㅋㅋㅋ,https://www.youtube.com/shorts/dNOHigIJ2iQ,https://www.youtube.com/watch?v=dNOHigIJ2iQ,shorts,shorts,shorts,,,,41000,건강/진료,https://i.ytimg.com/vi_webp/dNOHigIJ2iQ/oardefault.webp?usqp=CCk
734,RUsu1k4Z9z0,다리 끌고 다니면 무조건 병원!!,"If you drag your legs, you should definitely go to the hospital!!",https://www.youtube.com/shorts/RUsu1k4Z9z0,https://www.youtube.com/watch?v=RUsu1k4Z9z0,shorts,shorts,shorts,,,,60000,건강/진료,https://i.ytimg.com/vi_webp/RUsu1k4Z9z0/oardefault.webp?usqp=CCk
735,p24el44Igqs,3일 만에 엄마 본 고양이 반응ㅋㅋㅋ,The cat's reaction when it saw its mother after 3 days lol,https://www.youtube.com/shorts/p24el44Igqs,https://www.youtube.com/watch?v=p24el44Igqs,shorts,shorts,shorts,,,,156000,서사/상담,https://i.ytimg.com/vi_webp/p24el44Igqs/oardefault.webp?usqp=CCk
736,oivR-vR7uNY,냥덕후 필수 코스,A must-see for cat lovers,https://www.youtube.com/shorts/oivR-vR7uNY,https://www.youtube.com/watch?v=oivR-vR7uNY,shorts,shorts,shorts,,,,128000,기타/엔터테인먼트,https://i.ytimg.com/vi_webp/oivR-vR7uNY/oardefault.webp?usqp=CCk
737,1vryTayx5Xo,진짜 이래?,Is this really true?,https://www.youtube.com/shorts/1vryTayx5Xo,https://www.youtube.com/watch?v=1vryTayx5Xo,shorts,shorts,shorts,,,,213000,기타/엔터테인먼트,https://i.ytimg.com/vi/1vryTayx5Xo/oardefault.jpg?sqp=-oaymwEdCJUDENAFSFWQAgHyq4qpAwwIARUAAIhCcAHAAQY=&rs=AOn4CLDiHjeUtsj3sQhZJvyEODs3_d7Zfg&usqp=CCk
738,JC-8m8ib-W4,명절에 고양이 데려갈 때 꿀팁,Tips for taking your cat with you on holidays,https://www.youtube.com/shorts/JC-8m8ib-W4,https://www.youtube.com/watch?v=JC-8m8ib-W4,shorts,shorts,shorts,,,,40000,기타/엔터테인먼트,https://i.ytimg.com/vi/JC-8m8ib-W4/oardefault.jpg?usqp=CCk
739,tJ4xmC0DqOc,진짜 이거 중요함,This is really important,https://www.youtube.com/shorts/tJ4xmC0DqOc,https://www.youtube.com/watch?v=tJ4xmC0DqOc,shorts,shorts,shorts,,,,58000,기타/엔터테인먼트,https://i.ytimg.com/vi/tJ4xmC0DqOc/oardefault.jpg?usqp=CCk
740,WP5Q6fROsOs,이 중에 하나는 궁금한 게 있겠지 #네니요,One of these must be curious #neniyo,https://www.youtube.com/shorts/WP5Q6fROsOs,https://www.youtube.com/watch?v=WP5Q6fROsOs,shorts,shorts,shorts,,,,92000,기타/엔터테인먼트,https://i.ytimg.com/vi/WP5Q6fROsOs/oardefault.jpg?sqp=-oaymwEdCJUDENAFSFWQAgHyq4qpAwwIARUAAIhCcAHAAQY=&rs=AOn4CLBwwg1fAWgB1JgKDgt_YQsal46POQ&usqp=CCk
741,2UGvyq40KCQ,아기 고양이+ 아기 강아지 = ❤️,Baby Kitten + Baby Puppy = ❤️,https://www.youtube.com/shorts/2UGvyq40KCQ,https://www.youtube.com/watch?v=2UGvyq40KCQ,shorts,shorts,shorts,,,,41000,관계/윤리,https://i.ytimg.com/vi/2UGvyq40KCQ/oardefault.jpg?usqp=CCk
742,zC24XEkueBQ,배려해 줍시다 쫌,Let's be considerate,https://www.youtube.com/shorts/zC24XEkueBQ,https://www.youtube.com/watch?v=zC24XEkueBQ,shorts,shorts,shorts,,,,162000,기타/엔터테인먼트,https://i.ytimg.com/vi/zC24XEkueBQ/oardefault.jpg?sqp=-oaymwEdCJUDENAFSFWQAgHyq4qpAwwIARUAAIhCcAHAAQY=&rs=AOn4CLAv6nbP1Q2d853irML6gMkfNuQJow&usqp=CCk
743,PKw7IXZtqsc,🐶예민한 고양이 특,🐶Sensitive cat special,https://www.youtube.com/shorts/PKw7IXZtqsc,https://www.youtube.com/watch?v=PKw7IXZtqsc,shorts,shorts,shorts,,,,50000,기타/엔터테인먼트,https://i.ytimg.com/vi_webp/PKw7IXZtqsc/oardefault.webp?usqp=CCk
744,DHEnKaXC-aU,세계 최초 유기견 없는 나라,The world's first country without abandoned dogs,https://www.youtube.com/shorts/DHEnKaXC-aU,https://www.youtube.com/watch?v=DHEnKaXC-aU,shorts,shorts,shorts,,,,32000,관계/윤리,https://i.ytimg.com/vi_webp/DHEnKaXC-aU/oardefault.webp?usqp=CCk
745,5UvxRqm9fWA,안 무서워,I'm not scared,https://www.youtube.com/shorts/5UvxRqm9fWA,https://www.youtube.com/watch?v=5UvxRqm9fWA,shorts,shorts,shorts,,,,63000,기타/엔터테인먼트,https://i.ytimg.com/vi/5UvxRqm9fWA/oardefault.jpg?sqp=-oaymwEdCJUDENAFSFWQAgHyq4qpAwwIARUAAIhCcAHAAQY=&rs=AOn4CLAv86Rb5T4rochiDr41Ax4gvpvQHw&usqp=CCk
746,a3Llf5_AC88,뱃속부터 정해진 입맛,A taste that has been decided from the stomach,https://www.youtube.com/shorts/a3Llf5_AC88,https://www.youtube.com/watch?v=a3Llf5_AC88,shorts,shorts,shorts,,,,57000,기타/엔터테인먼트,https://i.ytimg.com/vi_webp/a3Llf5_AC88/oardefault.webp?usqp=CCk
747,CwGnmCDKKuI,할부지 조아,Installment plan is good,https://www.youtube.com/shorts/CwGnmCDKKuI,https://www.youtube.com/watch?v=CwGnmCDKKuI,shorts,shorts,shorts,,,,1700000,기타/엔터테인먼트,https://i.ytimg.com/vi/CwGnmCDKKuI/oardefault.jpg?sqp=-oaymwEdCJUDENAFSFWQAgHyq4qpAwwIARUAAIhCcAHAAQY=&rs=AOn4CLBo2_TiXJO0ErekpfW-0MBrdf6TBA&usqp=CCk
748,C2nKQbg9MSU,박스사랑 DNA,Box Love DNA,https://www.youtube.com/shorts/C2nKQbg9MSU,https://www.youtube.com/watch?v=C2nKQbg9MSU,shorts,shorts,shorts,,,,37000,기타/엔터테인먼트,https://i.ytimg.com/vi_webp/C2nKQbg9MSU/oardefault.webp?usqp=CCk
749,MNzHblvQ2dE,어떻게 이것도 귀엽냐,How is this cute too?,https://www.youtube.com/shorts/MNzHblvQ2dE,https://www.youtube.com/watch?v=MNzHblvQ2dE,shorts,shorts,shorts,,,,67000,행동/감정,https://i.ytimg.com/vi_webp/MNzHblvQ2dE/oardefault.webp?usqp=CCk
750,av-zhhJFxh8,수박 최고,Watermelon is the best,https://www.youtube.com/shorts/av-zhhJFxh8,https://www.youtube.com/watch?v=av-zhhJFxh8,shorts,shorts,shorts,,,,183000,기타/엔터테인먼트,https://i.ytimg.com/vi_webp/av-zhhJFxh8/oardefault.webp?usqp=CCk
751,zE4HXc8FOO0,🐱: 문 좀 열어봐,🐱: Open the door,https://www.youtube.com/shorts/zE4HXc8FOO0,https://www.youtube.com/watch?v=zE4HXc8FOO0,shorts,shorts,shorts,,,,143000,기타/엔터테인먼트,https://i.ytimg.com/vi_webp/zE4HXc8FOO0/oardefault.webp?usqp=CCk
752,-aOp0sV70WQ,나는 냄새나는 고양이야..,I am a smelly cat..,https://www.youtube.com/shorts/-aOp0sV70WQ,https://www.youtube.com/watch?v=-aOp0sV70WQ,shorts,shorts,shorts,,,,81000,기타/엔터테인먼트,https://i.ytimg.com/vi_webp/-aOp0sV70WQ/oardefault.webp?usqp=CCk
753,67a5AYK392U,이사 꿀팁,Moving Tips,https://www.youtube.com/shorts/67a5AYK392U,https://www.youtube.com/watch?v=67a5AYK392U,shorts,shorts,shorts,,,,26000,기타/엔터테인먼트,https://i.ytimg.com/vi_webp/67a5AYK392U/oardefault.webp?usqp=CCk
754,4z1StT8Jck8,고양이 산책 딱 말해드림 #네니오,I'll tell you exactly how to walk a cat #Nenio,https://www.youtube.com/shorts/4z1StT8Jck8,https://www.youtube.com/watch?v=4z1StT8Jck8,shorts,shorts,shorts,,,,531000,기타/엔터테인먼트,https://i.ytimg.com/vi/4z1StT8Jck8/oardefault.jpg?sqp=-oaymwEdCJUDENAFSFWQAgHyq4qpAwwIARUAAIhCcAHAAQY=&rs=AOn4CLChnFfkDPUXkCCeOsDeqBieY8cHwQ&usqp=CCk
755,GCDXh_p4W1s,10분컷,Clean your cat’s litter box in 10 minutes flat,https://www.youtube.com/shorts/GCDXh_p4W1s,https://www.youtube.com/watch?v=GCDXh_p4W1s,shorts,shorts,shorts,,,,144000,기타/엔터테인먼트,https://i.ytimg.com/vi_webp/GCDXh_p4W1s/oardefault.webp?usqp=CCk
756,l2mKvq0xOFs,혜윤의 묘연🍊,The story of actress Kim Hye-yoon adopting a rescue cat,https://www.youtube.com/shorts/l2mKvq0xOFs,https://www.youtube.com/watch?v=l2mKvq0xOFs,shorts,shorts,shorts,,,,318000,기타/엔터테인먼트,https://i.ytimg.com/vi/l2mKvq0xOFs/oardefault.jpg?sqp=-oaymwEdCJUDENAFSFWQAgHyq4qpAwwIARUAAIhCcAHAAQY=&rs=AOn4CLDOjL6RiVWZcxBFn4yNI4S2LIkPPA&usqp=CCk
757,k3BvLZGWJVw,츄르값하는 홍시,"Actress Kim Hye-yoon’s muse cat, Hongsi 🍊",https://www.youtube.com/shorts/k3BvLZGWJVw,https://www.youtube.com/watch?v=k3BvLZGWJVw,shorts,shorts,shorts,,,,46000,생활/돌봄,https://i.ytimg.com/vi/k3BvLZGWJVw/oardefault.jpg?sqp=-oaymwEdCJUDENAFSFWQAgHyq4qpAwwIARUAAIhCcAHAAQY=&rs=AOn4CLCmbjuN41rGVQzQU-TTwgajm8jb5A&usqp=CCk
758,sSxBfbwPjNg,절루가,Why cats dislike drunk owners,https://www.youtube.com/shorts/sSxBfbwPjNg,https://www.youtube.com/watch?v=sSxBfbwPjNg,shorts,shorts,shorts,,,,59000,기타/엔터테인먼트,https://i.ytimg.com/vi_webp/sSxBfbwPjNg/oardefault.webp?usqp=CCk
759,DaxLOLOlxZM,편식하면 안 돼,The right way to test cat food palatability,https://www.youtube.com/shorts/DaxLOLOlxZM,https://www.youtube.com/watch?v=DaxLOLOlxZM,shorts,shorts,shorts,,,,40000,기타/엔터테인먼트,https://i.ytimg.com/vi_webp/DaxLOLOlxZM/oardefault.webp?usqp=CCk
760,N_RRXGVgjK8,고오급 입맛,Can cats eat raw fish?,https://www.youtube.com/shorts/N_RRXGVgjK8,https://www.youtube.com/watch?v=N_RRXGVgjK8,shorts,shorts,shorts,,,,146000,기타/엔터테인먼트,https://i.ytimg.com/vi_webp/N_RRXGVgjK8/oardefault.webp?usqp=CCk
761,CIevRBUttxE,집사 필수 덕목,Want to be loved by cats?,https://www.youtube.com/shorts/CIevRBUttxE,https://www.youtube.com/watch?v=CIevRBUttxE,shorts,shorts,shorts,,,,75000,관계/윤리,https://i.ytimg.com/vi_webp/CIevRBUttxE/oardefault.webp?usqp=CCk
762,NM2YsvFWPpM,유부남의 회피스킬,Is it okay to confess to a kind veterinarian?,https://www.youtube.com/shorts/NM2YsvFWPpM,https://www.youtube.com/watch?v=NM2YsvFWPpM,shorts,shorts,shorts,,,,133000,기타/엔터테인먼트,https://i.ytimg.com/vi/NM2YsvFWPpM/oardefault.jpg?sqp=-oaymwEdCJUDENAFSFWQAgHyq4qpAwwIARUAAIhCcAHAAQY=&rs=AOn4CLDd6neW6Tz8lAHj6KWIAmdtAYOl2A&usqp=CCk
763,rKKufnKPP60,이야 호구왔다,A person getting shaken down by five cats,https://www.youtube.com/shorts/rKKufnKPP60,https://www.youtube.com/watch?v=rKKufnKPP60,shorts,shorts,shorts,,,,227000,기타/엔터테인먼트,https://i.ytimg.com/vi/rKKufnKPP60/oardefault.jpg?sqp=-oaymwEdCJUDENAFSFWQAgHyq4qpAwwIARUAAIhCcAHAAQY=&rs=AOn4CLCgxiillnW87LR2VqMZuu8kVSnMpw&usqp=CCk
764,lOEFJA0Dj9U,바선생 잡을 수 있어?,What if my cat got a part-time job?,https://www.youtube.com/shorts/lOEFJA0Dj9U,https://www.youtube.com/watch?v=lOEFJA0Dj9U,shorts,shorts,shorts,,,,226000,기타/엔터테인먼트,https://i.ytimg.com/vi_webp/lOEFJA0Dj9U/oardefault.webp?usqp=CCk
765,A43LPiKgR7U,냥이득,The benefits of cats and babies growing up together,https://www.youtube.com/shorts/A43LPiKgR7U,https://www.youtube.com/watch?v=A43LPiKgR7U,shorts,shorts,shorts,,,,84000,기타/엔터테인먼트,https://i.ytimg.com/vi/A43LPiKgR7U/oardefault.jpg?sqp=-oaymwEdCJUDENAFSFWQAgHyq4qpAwwIARUAAIhCcAHAAQY=&rs=AOn4CLDntlPfoTWlE_5KxgVsL5Epyh-MIQ&usqp=CCk
766,CBu3CSm0f0w,룸메이트,Relatable if you live with two cats,https://www.youtube.com/shorts/CBu3CSm0f0w,https://www.youtube.com/watch?v=CBu3CSm0f0w,shorts,shorts,shorts,,,,160000,기타/엔터테인먼트,https://i.ytimg.com/vi/CBu3CSm0f0w/oardefault.jpg?sqp=-oaymwEdCJUDENAFSFWQAgHyq4qpAwwIARUAAIhCcAHAAQY=&rs=AOn4CLB_lj8vg3B-RN9cdc7RQ4a1VkbUrA&usqp=CCk
767,T0W5cuLYDOI,니껀 내꺼,A cat targeting a baby’s toys (😼 vs 👶),https://www.youtube.com/shorts/T0W5cuLYDOI,https://www.youtube.com/watch?v=T0W5cuLYDOI,shorts,shorts,shorts,,,,169000,기타/엔터테인먼트,https://i.ytimg.com/vi/T0W5cuLYDOI/oardefault.jpg?sqp=-oaymwEdCJUDENAFSFWQAgHyq4qpAwwIARUAAIhCcAHAAQY=&rs=AOn4CLCPsMwxKv9oggJoHNhOZc-igW7Apg&usqp=CCk
768,j4Y-gbNZHiw,가정용 소 아냐?,A 29 lb cat!!!,https://www.youtube.com/shorts/j4Y-gbNZHiw,https://www.youtube.com/watch?v=j4Y-gbNZHiw,shorts,shorts,shorts,,,,292000,기타/엔터테인먼트,https://i.ytimg.com/vi/j4Y-gbNZHiw/oardefault.jpg?sqp=-oaymwEdCJUDENAFSFWQAgHyq4qpAwwIARUAAIhCcAHAAQY=&rs=AOn4CLDEcmSUH8RWIfxzMC9oiyvtoxaNXw&usqp=CCk
769,m8Rgy0o6qgU,내년에도 건강하게😻,Annual plan for cat parents (must-save!),https://www.youtube.com/shorts/m8Rgy0o6qgU,https://www.youtube.com/watch?v=m8Rgy0o6qgU,shorts,shorts,shorts,,,,33000,기타/엔터테인먼트,https://i.ytimg.com/vi/m8Rgy0o6qgU/oardefault.jpg?sqp=-oaymwEdCJUDENAFSFWQAgHyq4qpAwwIARUAAIhCcAHAAQY=&rs=AOn4CLDucezveAChkZk-SAdudMlTCw3JJg&usqp=CCk
770,a6XTeI2pmtQ,네모의 꿈,Why the youngest cat gets scolded,https://www.youtube.com/shorts/a6XTeI2pmtQ,https://www.youtube.com/watch?v=a6XTeI2pmtQ,shorts,shorts,shorts,,,,242000,기타/엔터테인먼트,https://i.ytimg.com/vi/a6XTeI2pmtQ/oardefault.jpg?sqp=-oaymwEdCJUDENAFSFWQAgHyq4qpAwwIARUAAIhCcAHAAQY=&rs=AOn4CLBuDgQbuPYqXx80jTlQig-nk2t0nw&usqp=CCk
771,T81TX1gMrhI,비상!!,A cat that doesn’t groom itself is at risk,https://www.youtube.com/shorts/T81TX1gMrhI,https://www.youtube.com/watch?v=T81TX1gMrhI,shorts,shorts,shorts,,,,55000,기타/엔터테인먼트,https://i.ytimg.com/vi/T81TX1gMrhI/oardefault.jpg?sqp=-oaymwEdCJUDENAFSFWQAgHyq4qpAwwIARUAAIhCcAHAAQY=&rs=AOn4CLBAqiC3WT2zjjzOkcxn--gwxHcdtg&usqp=CCk
772,f6grEB_I5sI,나갈래,The sounds cats make when they’re scared,https://www.youtube.com/shorts/f6grEB_I5sI,https://www.youtube.com/watch?v=f6grEB_I5sI,shorts,shorts,shorts,,,,73000,기타/엔터테인먼트,https://i.ytimg.com/vi/f6grEB_I5sI/oardefault.jpg?sqp=-oaymwEdCJUDENAFSFWQAgHyq4qpAwwIARUAAIhCcAHAAQY=&rs=AOn4CLCbOTGjpkpM6nArWa-cPIIl66JY5w&usqp=CCk
773,S_2Xufqe5t8,고양이 미용 부작용,Why grooming can be dangerous for cats,https://www.youtube.com/shorts/S_2Xufqe5t8,https://www.youtube.com/watch?v=S_2Xufqe5t8,shorts,shorts,shorts,,,,74000,기타/엔터테인먼트,https://i.ytimg.com/vi/S_2Xufqe5t8/oardefault.jpg?sqp=-oaymwEdCJUDENAFSFWQAgHyq4qpAwwIARUAAIhCcAHAAQY=&rs=AOn4CLAlmPpiqNKAVAxVP5TDUxB_2e_AOQ&usqp=CCk
774,1_UeCe4edmo,암내 중독냥,Cats addicted to armpit smell lol,https://www.youtube.com/shorts/1_UeCe4edmo,https://www.youtube.com/watch?v=1_UeCe4edmo,shorts,shorts,shorts,,,,22000,기타/엔터테인먼트,https://i.ytimg.com/vi/1_UeCe4edmo/oardefault.jpg?sqp=-oaymwEdCJUDENAFSFWQAgHyq4qpAwwIARUAAIhCcAHAAQY=&rs=AOn4CLD2Z5bKhT8i4ywdeZF29OlozOhtTw&usqp=CCk
775,SGtzHHKiNMI,레전드ㅋㅋㅋㅋㅋㅋㅋ,Legendary shameless cat meme lol,https://www.youtube.com/shorts/SGtzHHKiNMI,https://www.youtube.com/watch?v=SGtzHHKiNMI,shorts,shorts,shorts,,,,479000,기타/엔터테인먼트,https://i.ytimg.com/vi/SGtzHHKiNMI/oardefault.jpg?sqp=-oaymwEdCJUDENAFSFWQAgHyq4qpAwwIARUAAIhCcAHAAQY=&rs=AOn4CLC_gBNkrbW4tW9ZZzWgbi7lasK06Q&usqp=CCk
776,_xFEbFHGYtI,나는 인기집사?,How to become popular with cats,https://www.youtube.com/shorts/_xFEbFHGYtI,https://www.youtube.com/watch?v=_xFEbFHGYtI,shorts,shorts,shorts,,,,206000,관계/윤리,https://i.ytimg.com/vi/_xFEbFHGYtI/oardefault.jpg?sqp=-oaymwEdCJUDENAFSFWQAgHyq4qpAwwIARUAAIhCcAHAAQY=&rs=AOn4CLCoHXqHoPiFbiAlzpRswQ0ZYq9nGA&usqp=CCk
777,TMZvQu9tSws,벽지 다 뜯는 고양이,A cat that tears up all the wallpaper,https://www.youtube.com/shorts/TMZvQu9tSws,https://www.youtube.com/watch?v=TMZvQu9tSws,shorts,shorts,shorts,,,,79000,기타/엔터테인먼트,https://i.ytimg.com/vi/TMZvQu9tSws/oardefault.jpg?sqp=-oaymwEdCJUDENAFSFWQAgHyq4qpAwwIARUAAIhCcAHAAQY=&rs=AOn4CLDrzPU9Ub-kxyRLwBgGOH-kMrTxvA&usqp=CCk
778,suP-NdI9DJc,아오옭,A vet analyzes cat vocalizations,https://www.youtube.com/shorts/suP-NdI9DJc,https://www.youtube.com/watch?v=suP-NdI9DJc,shorts,shorts,shorts,,,,82000,기타/엔터테인먼트,https://i.ytimg.com/vi/suP-NdI9DJc/oardefault.jpg?sqp=-oaymwEdCJUDENAFSFWQAgHyq4qpAwwIARUAAIhCcAHAAQY=&rs=AOn4CLD-9t_z9S0irLor8NiqEzwYH_hAhQ&usqp=CCk
779,6hkuh6doeq8,고양이는 마이웨이,Cats don’t have a hierarchy!,https://www.youtube.com/shorts/6hkuh6doeq8,https://www.youtube.com/watch?v=6hkuh6doeq8,shorts,shorts,shorts,,,,176000,기타/엔터테인먼트,https://i.ytimg.com/vi/6hkuh6doeq8/oardefault.jpg?sqp=-oaymwEdCJUDENAFSFWQAgHyq4qpAwwIARUAAIhCcAHAAQY=&rs=AOn4CLAcEXpnMnpgn03y1OTtlYjUOI-7Ng&usqp=CCk
780,E3vordSGl2c,운명이야,"I didn’t plan to raise a cat, but now it lives with me",https://www.youtube.com/shorts/E3vordSGl2c,https://www.youtube.com/watch?v=E3vordSGl2c,shorts,shorts,shorts,,,,130000,기타/엔터테인먼트,https://i.ytimg.com/vi/E3vordSGl2c/oardefault.jpg?sqp=-oaymwEdCJUDENAFSFWQAgHyq4qpAwwIARUAAIhCcAHAAQY=&rs=AOn4CLC9f4ZqMrwq9qQOe5uKMOTI-C6PAw&usqp=CCk
781,-pxSsgP3gZM,알지만 모르는 척,Cats really are smart,https://www.youtube.com/shorts/-pxSsgP3gZM,https://www.youtube.com/watch?v=-pxSsgP3gZM,shorts,shorts,shorts,,,,190000,기타/엔터테인먼트,https://i.ytimg.com/vi/-pxSsgP3gZM/oardefault.jpg?sqp=-oaymwEdCJUDENAFSFWQAgHyq4qpAwwIARUAAIhCcAHAAQY=&rs=AOn4CLBjez4ilvv3hVI29trUKc3iakrcIA&usqp=CCk
782,nF-hc-317RM,전기장판 몇 도?,What temperature is safe for heating devices for cats?,https://www.youtube.com/shorts/nF-hc-317RM,https://www.youtube.com/watch?v=nF-hc-317RM,shorts,shorts,shorts,,,,145000,기타/엔터테인먼트,https://i.ytimg.com/vi/nF-hc-317RM/oardefault.jpg?sqp=-oaymwEdCJUDENAFSFWQAgHyq4qpAwwIARUAAIhCcAHAAQY=&rs=AOn4CLAYHY83ZMa9-HJr7w3d07BL5YZeYA&usqp=CCk
783,yCmbvHm8JkI,고양이가 깨울 때 공감ㅋㅋㅋㅋ,What cats do when they wake their owners in the morning,https://www.youtube.com/shorts/yCmbvHm8JkI,https://www.youtube.com/watch?v=yCmbvHm8JkI,shorts,shorts,shorts,,,,245000,기타/엔터테인먼트,https://i.ytimg.com/vi/yCmbvHm8JkI/oardefault.jpg?sqp=-oaymwEdCJUDENAFSFWQAgHyq4qpAwwIARUAAIhCcAHAAQY=&rs=AOn4CLDZ6oatrtLdF1lKbxcec90N8weYZQ&usqp=CCk
784,PqSKDGSbOMA,괴롭히지마ㅠㅠ,Do cats bully each other?,https://www.youtube.com/shorts/PqSKDGSbOMA,https://www.youtube.com/watch?v=PqSKDGSbOMA,shorts,shorts,shorts,,,,192000,기타/엔터테인먼트,https://i.ytimg.com/vi/PqSKDGSbOMA/oardefault.jpg?sqp=-oaymwEdCJUDENAFSFWQAgHyq4qpAwwIARUAAIhCcAHAAQY=&rs=AOn4CLDphlkjCb9EINAzh_FIEIMZSTRQ_w&usqp=CCk
785,vRC3AapHo5E,음수량 절대 지켜,Do cats dislike cold water?,https://www.youtube.com/shorts/vRC3AapHo5E,https://www.youtube.com/watch?v=vRC3AapHo5E,shorts,shorts,shorts,,,,90000,생활/돌봄,https://i.ytimg.com/vi/vRC3AapHo5E/oardefault.jpg?sqp=-oaymwEdCJUDENAFSFWQAgHyq4qpAwwIARUAAIhCcAHAAQY=&rs=AOn4CLCwkm97zO4I5fKT1SsChKT7jL8Z_g&usqp=CCk
786,RDBLyCEQIng,고양이 코딱지 무슨 색?,"If you see this kind of booger in your cat’s nose, go to the vet",https://www.youtube.com/shorts/RDBLyCEQIng,https://www.youtube.com/watch?v=RDBLyCEQIng,shorts,shorts,shorts,,,,40000,기타/엔터테인먼트,https://i.ytimg.com/vi/RDBLyCEQIng/oardefault.jpg?sqp=-oaymwEdCJUDENAFSFWQAgHyq4qpAwwIARUAAIhCcAHAAQY=&rs=AOn4CLAozGvV_85r9m_zI_Ef8Bf8VrsN4g&usqp=CCk
787,76asZmiG2lg,거대 고양이가 숨숨집 들어가는 방법,Cats who are satisfied as long as their head fits lol,https://www.youtube.com/shorts/76asZmiG2lg,https://www.youtube.com/watch?v=76asZmiG2lg,shorts,shorts,shorts,,,,49000,기타/엔터테인먼트,https://i.ytimg.com/vi/76asZmiG2lg/oardefault.jpg?sqp=-oaymwEdCJUDENAFSFWQAgHyq4qpAwwIARUAAIhCcAHAAQY=&rs=AOn4CLAyDphe_CEpMrRC-b90AgmhleHdaQ&usqp=CCk
788,rcvQgn6oj0Y,그렇게 쇼핑백 부자가 돼,Free ways to play with your cat,https://www.youtube.com/shorts/rcvQgn6oj0Y,https://www.youtube.com/watch?v=rcvQgn6oj0Y,shorts,shorts,shorts,,,,125000,기타/엔터테인먼트,https://i.ytimg.com/vi/rcvQgn6oj0Y/oardefault.jpg?sqp=-oaymwEdCJUDENAFSFWQAgHyq4qpAwwIARUAAIhCcAHAAQY=&rs=AOn4CLDX7M0GqBtTTfj4ssPgFRn19_TTmA&usqp=CCk
789,aZTG27rOMBU,사람인 거 들킴,A cat that walks on two legs?!,https://www.youtube.com/shorts/aZTG27rOMBU,https://www.youtube.com/watch?v=aZTG27rOMBU,shorts,shorts,shorts,,,,65000,기타/엔터테인먼트,https://i.ytimg.com/vi/aZTG27rOMBU/oardefault.jpg?sqp=-oaymwEdCJUDENAFSFWQAgHyq4qpAwwIARUAAIhCcAHAAQY=&rs=AOn4CLBNqpecSbtYpfqFtVS5YV6kPyPsAw&usqp=CCk
790,UlWmOVVsHJw,고양이는 못생겨도 돼,Happy cats look “ugly”,https://www.youtube.com/shorts/UlWmOVVsHJw,https://www.youtube.com/watch?v=UlWmOVVsHJw,shorts,shorts,shorts,,,,184000,기타/엔터테인먼트,https://i.ytimg.com/vi/UlWmOVVsHJw/oardefault.jpg?sqp=-oaymwEdCJUDENAFSFWQAgHyq4qpAwwIARUAAIhCcAHAAQY=&rs=AOn4CLBbpmYkQ-KO-jvpSoruIGo1bMSVqg&usqp=CCk
791,MRBZboaBaZU,그짓말치지마!😭,Cats do not “love” you,https://www.youtube.com/shorts/MRBZboaBaZU,https://www.youtube.com/watch?v=MRBZboaBaZU,shorts,shorts,shorts,,,,269000,기타/엔터테인먼트,https://i.ytimg.com/vi/MRBZboaBaZU/oardefault.jpg?sqp=-oaymwEdCJUDENAFSFWQAgHyq4qpAwwIARUAAIhCcAHAAQY=&rs=AOn4CLBh_I4RPvU9kAj-0BcDP1l-w-Bz0w&usqp=CCk
792,UKipIScFGKc,무한 사냥놀이 시작,How to stop a kitten that keeps biting,https://www.youtube.com/shorts/UKipIScFGKc,https://www.youtube.com/watch?v=UKipIScFGKc,shorts,shorts,shorts,,,,69000,행동/감정,https://i.ytimg.com/vi/UKipIScFGKc/oardefault.jpg?sqp=-oaymwEdCJUDENAFSFWQAgHyq4qpAwwIARUAAIhCcAHAAQY=&rs=AOn4CLD5SI5x93Ycc5U6zFs7TFx7HAMJxg&usqp=CCk
793,BAB-iMb6c4U,오ㅋ 슈팅스타,There’s a cat that eats static electricity?!,https://www.youtube.com/shorts/BAB-iMb6c4U,https://www.youtube.com/watch?v=BAB-iMb6c4U,shorts,shorts,shorts,,,,86000,기타/엔터테인먼트,https://i.ytimg.com/vi/BAB-iMb6c4U/oardefault.jpg?sqp=-oaymwEdCJUDENAFSFWQAgHyq4qpAwwIARUAAIhCcAHAAQY=&rs=AOn4CLBSQlMqBLLZbm7gSP59r2MrLwMBYg&usqp=CCk
794,v-_4A57OpJ8,극악의 난이도,Why you shouldn’t bring home a kitten carelessly,https://www.youtube.com/shorts/v-_4A57OpJ8,https://www.youtube.com/watch?v=v-_4A57OpJ8,shorts,shorts,shorts,,,,134000,기타/엔터테인먼트,https://i.ytimg.com/vi/v-_4A57OpJ8/oardefault.jpg?sqp=-oaymwEdCJUDENAFSFWQAgHyq4qpAwwIARUAAIhCcAHAAQY=&rs=AOn4CLDTMewBuKr-LpDZkF-SbsafOMUfvw&usqp=CCk
795,batyDQkpQ5k,토쟁이들ㅠ^ㅠ,Is It Normal for Cats to Vomit Often?,https://www.youtube.com/shorts/batyDQkpQ5k,https://www.youtube.com/watch?v=batyDQkpQ5k,shorts,shorts,shorts,,,,92000,건강/진료,https://i.ytimg.com/vi/batyDQkpQ5k/oardefault.jpg?sqp=-oaymwEdCJUDENAFSFWQAgHyq4qpAwwIARUAAIhCcAHAAQY=&rs=AOn4CLCh-fhvEF2moavKC361Ej_kCwggtA&usqp=CCk
796,Ot_DoqQYV4U,까치발 아니고 고양이발,Bald Spots on a Cat’s Heel?!,https://www.youtube.com/shorts/Ot_DoqQYV4U,https://www.youtube.com/watch?v=Ot_DoqQYV4U,shorts,shorts,shorts,,,,210000,기타/엔터테인먼트,https://i.ytimg.com/vi/Ot_DoqQYV4U/oardefault.jpg?sqp=-oaymwEdCJUDENAFSFWQAgHyq4qpAwwIARUAAIhCcAHAAQY=&rs=AOn4CLAD0oa10oUfaW1GyTEM1jSXCcR8EA&usqp=CCk
797,cNtuhXDmiV8,이 집의 주인공은 나야 나,The Cat That Gets Furious at Its Own Reflection,https://www.youtube.com/shorts/cNtuhXDmiV8,https://www.youtube.com/watch?v=cNtuhXDmiV8,shorts,shorts,shorts,,,,57000,기타/엔터테인먼트,https://i.ytimg.com/vi/cNtuhXDmiV8/oardefault.jpg?sqp=-oaymwEdCJUDENAFSFWQAgHyq4qpAwwIARUAAIhCcAHAAQY=&rs=AOn4CLC_qBeJswCzXRU7K0GtsV0ZlwyGfg&usqp=CCk
798,NuxGCgeSG4M,똥싸고 우다다다다,Why Do Cats Zoom Around After Pooping?💩🏃‍♂️🐈,https://www.youtube.com/shorts/NuxGCgeSG4M,https://www.youtube.com/watch?v=NuxGCgeSG4M,shorts,shorts,shorts,,,,105000,행동/감정,https://i.ytimg.com/vi/NuxGCgeSG4M/oardefault.jpg?sqp=-oaymwEdCJUDENAFSFWQAgHyq4qpAwwIARUAAIhCcAHAAQY=&rs=AOn4CLBHOlgACKIwhXl4UrNKyGEGx-EgOA&usqp=CCk
799,ljS-BznQ_K4,뻔뻔,The Biggest Downside of Raising a Cat with Your Family,https://www.youtube.com/shorts/ljS-BznQ_K4,https://www.youtube.com/watch?v=ljS-BznQ_K4,shorts,shorts,shorts,,,,279000,기타/엔터테인먼트,https://i.ytimg.com/vi/ljS-BznQ_K4/oardefault.jpg?sqp=-oaymwEdCJUDENAFSFWQAgHyq4qpAwwIARUAAIhCcAHAAQY=&rs=AOn4CLAzsrGC1_SgdJfmZ93_2XGY3qmpsA&usqp=CCk
800,fz5inJ7Q9EA,소노 중노 대노,A Real Vet Plays the Nintendo Pet Hospital Game 😂,https://www.youtube.com/shorts/fz5inJ7Q9EA,https://www.youtube.com/watch?v=fz5inJ7Q9EA,shorts,shorts,shorts,,,,83000,기타/엔터테인먼트,https://i.ytimg.com/vi/fz5inJ7Q9EA/oardefault.jpg?sqp=-oaymwEdCJUDENAFSFWQAgHyq4qpAwwIARUAAIhCcAHAAQY=&rs=AOn4CLASJszWyfV1VBTbFzIucHPbwUvlJg&usqp=CCk
801,JHp1QCD9kaU,이때 건들면 목숨 내놓아야 함,What Does an Angry Cat Look Like? 🤬,https://www.youtube.com/shorts/JHp1QCD9kaU,https://www.youtube.com/watch?v=JHp1QCD9kaU,shorts,shorts,shorts,,,,332000,기타/엔터테인먼트,https://i.ytimg.com/vi/JHp1QCD9kaU/oardefault.jpg?sqp=-oaymwEdCJUDENAFSFWQAgHyq4qpAwwIARUAAIhCcAHAAQY=&rs=AOn4CLDerH7ZE88lKNsQ7nfkgtqsQfhQEg&usqp=CCk
802,kZSLHpdXilo,아이고 시원타,The Cat That Skis on Its Butt ⛷️,https://www.youtube.com/shorts/kZSLHpdXilo,https://www.youtube.com/watch?v=kZSLHpdXilo,shorts,shorts,shorts,,,,242000,기타/엔터테인먼트,https://i.ytimg.com/vi/kZSLHpdXilo/oardefault.jpg?sqp=-oaymwEdCJUDENAFSFWQAgHyq4qpAwwIARUAAIhCcAHAAQY=&rs=AOn4CLCm_65AyTxdEhdL7QMlpTQPmPQkIA&usqp=CCk
803,Al7EzRGfoq8,장인어른의 호섭이 사랑,What Kind of Water Should Cats Drink?,https://www.youtube.com/shorts/Al7EzRGfoq8,https://www.youtube.com/watch?v=Al7EzRGfoq8,shorts,shorts,shorts,,,,120000,기타/엔터테인먼트,https://i.ytimg.com/vi/Al7EzRGfoq8/oardefault.jpg?sqp=-oaymwEdCJUDENAFSFWQAgHyq4qpAwwIARUAAIhCcAHAAQY=&rs=AOn4CLCV1lcQ-OIB2zkFyUYeYkVIeHkmnw&usqp=CCk
804,YSQOFKylTIQ,무 뽑듯 쑤욱,A Mother Cat Helping Her Daughter Raise Kittens,https://www.youtube.com/shorts/YSQOFKylTIQ,https://www.youtube.com/watch?v=YSQOFKylTIQ,shorts,shorts,shorts,,,,366000,기타/엔터테인먼트,https://i.ytimg.com/vi/YSQOFKylTIQ/oardefault.jpg?sqp=-oaymwEdCJUDENAFSFWQAgHyq4qpAwwIARUAAIhCcAHAAQY=&rs=AOn4CLBLGJfmC_xGcPaeDOItgXISKJ3c0w&usqp=CCk
805,rU2wh3mP4u4,🐱 : 냉장고? 안 머겅!,Why Cats Are Such Picky Eaters 😼,https://www.youtube.com/shorts/rU2wh3mP4u4,https://www.youtube.com/watch?v=rU2wh3mP4u4,shorts,shorts,shorts,,,,305000,기타/엔터테인먼트,https://i.ytimg.com/vi/rU2wh3mP4u4/oardefault.jpg?sqp=-oaymwEdCJUDENAFSFWQAgHyq4qpAwwIARUAAIhCcAHAAQY=&rs=AOn4CLDRU0rrIAA6hNn-utyDNxpOceQIxQ&usqp=CCk
806,6NBroJjPULU,반려견과 보호자의 얼굴은 닮았다?,Do Dogs and Their Owners Look Alike?🐶,https://www.youtube.com/shorts/6NBroJjPULU,https://www.youtube.com/watch?v=6NBroJjPULU,shorts,shorts,shorts,,,,42000,관계/윤리,https://i.ytimg.com/vi/6NBroJjPULU/oardefault.jpg?sqp=-oaymwEdCJUDENAFSFWQAgHyq4qpAwwIARUAAIhCcAHAAQY=&rs=AOn4CLBxxBB4LUATfl4uqVauyS8EngZq1Q&usqp=CCk
807,DKkHRZq8IiU,우리 아빠 마피아😼,The Villain’s Favorite Cat,https://www.youtube.com/shorts/DKkHRZq8IiU,https://www.youtube.com/watch?v=DKkHRZq8IiU,shorts,shorts,shorts,,,,61000,서사/상담,https://i.ytimg.com/vi_webp/DKkHRZq8IiU/oardefault.webp?usqp=CCk
808,RnjEzajL_CQ,이름하야 아비시니안,"The Harlequin of the Cat World, the Abyssinian 😼",https://www.youtube.com/shorts/RnjEzajL_CQ,https://www.youtube.com/watch?v=RnjEzajL_CQ,shorts,shorts,shorts,,,,131000,서사/상담,https://i.ytimg.com/vi/RnjEzajL_CQ/oardefault.jpg?sqp=-oaymwEdCJUDENAFSFWQAgHyq4qpAwwIARUAAIhCcAHAAQY=&rs=AOn4CLCvSOVkTebJKvh9h0mkTTUVJkzHsA&usqp=CCk
809,R3EcjTREV38,엄 : 엄마는 마 : 마덜,Am I a Stepmom to My Cat?!,https://www.youtube.com/shorts/R3EcjTREV38,https://www.youtube.com/watch?v=R3EcjTREV38,shorts,shorts,shorts,,,,220000,서사/상담,https://i.ytimg.com/vi/R3EcjTREV38/oardefault.jpg?sqp=-oaymwEdCJUDENAFSFWQAgHyq4qpAwwIARUAAIhCcAHAAQY=&rs=AOn4CLDqrtPbisC9gWnxU-qehSUskH4GBQ&usqp=CCk
810,fpVbPQiuOu0,"고양이 입양 전, 꼭 보기",Top 3 Types of People Who Shouldn’t Raise Cats,https://www.youtube.com/shorts/fpVbPQiuOu0,https://www.youtube.com/watch?v=fpVbPQiuOu0,shorts,shorts,shorts,,,,116000,관계/윤리,https://i.ytimg.com/vi/fpVbPQiuOu0/oardefault.jpg?sqp=-oaymwEdCJUDENAFSFWQAgHyq4qpAwwIARUAAIhCcAHAAQY=&rs=AOn4CLBVTSJo1BzrUGwCGpOHnB3cYbfDFA&usqp=CCk
811,pWSzKO_QhME,집사도 좀 치네?,A Cute Cat Having the Time of Its Life 😸,https://www.youtube.com/shorts/pWSzKO_QhME,https://www.youtube.com/watch?v=pWSzKO_QhME,shorts,shorts,shorts,,,,46000,관계/윤리,https://i.ytimg.com/vi/pWSzKO_QhME/oardefault.jpg?sqp=-oaymwEdCJUDENAFSFWQAgHyq4qpAwwIARUAAIhCcAHAAQY=&rs=AOn4CLBYqolsLs0LqsG2S1Ik0A2CtbqpOw&usqp=CCk
812,OKdHq6Py0Iw,화장실에서만 안아줘 고양이,The Cat That Wants to Be Hugged Only When You’re on the Toilet 🚽,https://www.youtube.com/shorts/OKdHq6Py0Iw,https://www.youtube.com/watch?v=OKdHq6Py0Iw,shorts,shorts,shorts,,,,137000,생활/돌봄,https://i.ytimg.com/vi/OKdHq6Py0Iw/oardefault.jpg?sqp=-oaymwEdCJUDENAFSFWQAgHyq4qpAwwIARUAAIhCcAHAAQY=&rs=AOn4CLDbW9WAJQGV4k4M2VFpg5rtyrCIFA&usqp=CCk
813,n5ZJUby7Nx0,우리 고양이 바보 아니다!,The Truth About the Cat Intelligence Challenge,https://www.youtube.com/shorts/n5ZJUby7Nx0,https://www.youtube.com/watch?v=n5ZJUby7Nx0,shorts,shorts,shorts,,,,153000,기타/엔터테인먼트,https://i.ytimg.com/vi_webp/n5ZJUby7Nx0/oardefault.webp?usqp=CCk
814,fPAOIFC2h9Q,기싱꿍꼬또,Do cats dream too? 🌙,https://www.youtube.com/shorts/fPAOIFC2h9Q,https://www.youtube.com/watch?v=fPAOIFC2h9Q,shorts,shorts,shorts,,,,115000,기타/엔터테인먼트,https://i.ytimg.com/vi/fPAOIFC2h9Q/oardefault.jpg?sqp=-oaymwEdCJUDENAFSFWQAgHyq4qpAwwIARUAAIhCcAHAAQY=&rs=AOn4CLB6UHVxGeYp76PhRxZdRtaSXsW5bA&usqp=CCk
815,ww81NAMKJYE,우리 고양이 꼭쥐스 어디 갔어!,My cat is missing one nipple! 😮,https://www.youtube.com/shorts/ww81NAMKJYE,https://www.youtube.com/watch?v=ww81NAMKJYE,shorts,shorts,shorts,,,,123000,기타/엔터테인먼트,https://i.ytimg.com/vi/ww81NAMKJYE/oardefault.jpg?sqp=-oaymwEdCJUDENAFSFWQAgHyq4qpAwwIARUAAIhCcAHAAQY=&rs=AOn4CLA3txiTZwpXHAN7MADIY7glWTgXug&usqp=CCk
816,GuuV8W7RaY8,낯가리냥,A cat that starts talking whenever the camera’s on 🤣,https://www.youtube.com/shorts/GuuV8W7RaY8,https://www.youtube.com/watch?v=GuuV8W7RaY8,shorts,shorts,shorts,,,,132000,기타/엔터테인먼트,https://i.ytimg.com/vi/GuuV8W7RaY8/oardefault.jpg?sqp=-oaymwEdCJUDENAFSFWQAgHyq4qpAwwIARUAAIhCcAHAAQY=&rs=AOn4CLAXeeONrmQ38RUwTvCU9Ofo_k3HWA&usqp=CCk
817,02xCjHs51Ss,봤냐? 아 봤냐고~,What’s Going on in a Cat’s Mind When They Respond to Their Name,https://www.youtube.com/shorts/02xCjHs51Ss,https://www.youtube.com/watch?v=02xCjHs51Ss,shorts,shorts,shorts,,,,187000,기타/엔터테인먼트,https://i.ytimg.com/vi/02xCjHs51Ss/oardefault.jpg?sqp=-oaymwEdCJUDENAFSFWQAgHyq4qpAwwIARUAAIhCcAHAAQY=&rs=AOn4CLCMzI5PHajcpg-kxFgKGw_FccFxjw&usqp=CCk
818,ZP52OSdK9cI,에겐냥에게 플러팅하는 테토냥ㅋㅋㅋㅋㅋ,Do cats fall in love too? 💕,https://www.youtube.com/shorts/ZP52OSdK9cI,https://www.youtube.com/watch?v=ZP52OSdK9cI,shorts,shorts,shorts,,,,52000,건강/진료,https://i.ytimg.com/vi/ZP52OSdK9cI/oardefault.jpg?sqp=-oaymwEdCJUDENAFSFWQAgHyq4qpAwwIARUAAIhCcAHAAQY=&rs=AOn4CLD3nNBS1iBHFiktvWA7NsyWEbPA8Q&usqp=CCk
819,8Ru7xsCzigc,T의 해석ㅋㅋㅋㅋㅋ,The hidden meaning behind ILLIT’s song “Borrowed Cat (Do the Dance)”🐱,https://www.youtube.com/shorts/8Ru7xsCzigc,https://www.youtube.com/watch?v=8Ru7xsCzigc,shorts,shorts,shorts,,,,73000,기타/엔터테인먼트,https://i.ytimg.com/vi_webp/8Ru7xsCzigc/oardefault.webp?usqp=CCk
820,FgMKZpizIP4,사랑받은 고양이는 티가 납니다😻,5 Traits of Cats That Are Especially Loved by Their Guardians 😻,https://www.youtube.com/shorts/FgMKZpizIP4,https://www.youtube.com/watch?v=FgMKZpizIP4,shorts,shorts,shorts,,,,263000,기타/엔터테인먼트,https://i.ytimg.com/vi/FgMKZpizIP4/oardefault.jpg?sqp=-oaymwEdCJUDENAFSFWQAgHyq4qpAwwIARUAAIhCcAHAAQY=&rs=AOn4CLBc-eBAPdHN5bGH5V0-Em2b_5Fhwg&usqp=CCk
821,7WOvYRac1A8,굽굽🍞,The real meaning of the cat loaf pose 🍞,https://www.youtube.com/shorts/7WOvYRac1A8,https://www.youtube.com/watch?v=7WOvYRac1A8,shorts,shorts,shorts,,,,638000,기타/엔터테인먼트,https://i.ytimg.com/vi/7WOvYRac1A8/oardefault.jpg?sqp=-oaymwEdCJUDENAFSFWQAgHyq4qpAwwIARUAAIhCcAHAAQY=&rs=AOn4CLCKV7Yp-0O90NRrvD5K_jNNUco62g&usqp=CCk
822,FfhGtvGRGm8,'추석음식' 절대 금지🚨,Dangerous foods for cats,https://www.youtube.com/shorts/FfhGtvGRGm8,https://www.youtube.com/watch?v=FfhGtvGRGm8,shorts,shorts,shorts,,,,83000,기타/엔터테인먼트,https://i.ytimg.com/vi/FfhGtvGRGm8/oardefault.jpg?sqp=-oaymwEdCJUDENAFSFWQAgHyq4qpAwwIARUAAIhCcAHAAQY=&rs=AOn4CLCDaeSXPsB_0QTmDUhCAFYdti1Ccw&usqp=CCk
823,UaRybpCfdjI,왕크니까 왕귀,My cat’s face is too big,https://www.youtube.com/shorts/UaRybpCfdjI,https://www.youtube.com/watch?v=UaRybpCfdjI,shorts,shorts,shorts,,,,831000,행동/감정,https://i.ytimg.com/vi/UaRybpCfdjI/oardefault.jpg?sqp=-oaymwEdCJUDENAFSFWQAgHyq4qpAwwIARUAAIhCcAHAAQY=&rs=AOn4CLCcDLY3OVmMlzelJwq9mhTX2TyNGA&usqp=CCk
824,p1bkTbcy3KE,고양이 최애 빗은?,Which brush do cats like?,https://www.youtube.com/shorts/p1bkTbcy3KE,https://www.youtube.com/watch?v=p1bkTbcy3KE,shorts,shorts,shorts,,,,380000,기타/엔터테인먼트,https://i.ytimg.com/vi/p1bkTbcy3KE/oardefault.jpg?sqp=-oaymwEdCJUDENAFSFWQAgHyq4qpAwwIARUAAIhCcAHAAQY=&rs=AOn4CLChldV0nBriOeUhCorVwVwfWYW5ig&usqp=CCk
825,aTh9xBuCc2A,반나절만에 적응 완,Moving Tips from a Vet Who Lives with Cats 🏡,https://www.youtube.com/shorts/aTh9xBuCc2A,https://www.youtube.com/watch?v=aTh9xBuCc2A,shorts,shorts,shorts,,,,121000,기타/엔터테인먼트,https://i.ytimg.com/vi/aTh9xBuCc2A/oardefault.jpg?sqp=-oaymwEdCJUDENAFSFWQAgHyq4qpAwwIARUAAIhCcAHAAQY=&rs=AOn4CLDHj6KJp_GUzM4R6UKBELCjFU7vkg&usqp=CCk
826,UC1ZFf4MgL8,방해하지 마라 닝겐,Why do cats knock things off the table?,https://www.youtube.com/shorts/UC1ZFf4MgL8,https://www.youtube.com/watch?v=UC1ZFf4MgL8,shorts,shorts,shorts,,,,163000,기타/엔터테인먼트,https://i.ytimg.com/vi/UC1ZFf4MgL8/oardefault.jpg?sqp=-oaymwEdCJUDENAFSFWQAgHyq4qpAwwIARUAAIhCcAHAAQY=&rs=AOn4CLBEF0foEoRSHaJnUkbmZnCPk5l94g&usqp=CCk
827,0Iqc4dgTgYA,😾 : 집에선 나만 봐!,"The Cat That Cries When Its Owner Disappears, Even for a Moment",https://www.youtube.com/shorts/0Iqc4dgTgYA,https://www.youtube.com/watch?v=0Iqc4dgTgYA,shorts,shorts,shorts,,,,368000,기타/엔터테인먼트,https://i.ytimg.com/vi/0Iqc4dgTgYA/oardefault.jpg?sqp=-oaymwEdCJUDENAFSFWQAgHyq4qpAwwIARUAAIhCcAHAAQY=&rs=AOn4CLA3OtKHf5BGsGF2VI64ubbzIMooHA&usqp=CCk
828,owizxeUs25c,냥춘기,Why Did My Cat Grow Distant as It Got Older?,https://www.youtube.com/shorts/owizxeUs25c,https://www.youtube.com/watch?v=owizxeUs25c,shorts,shorts,shorts,,,,126000,기타/엔터테인먼트,https://i.ytimg.com/vi/owizxeUs25c/oardefault.jpg?sqp=-oaymwEdCJUDENAFSFWQAgHyq4qpAwwIARUAAIhCcAHAAQY=&rs=AOn4CLBjscgfJ65RZ_CP1WDTTZ4JGQmsHg&usqp=CCk
829,yJJK6pSmfw8,😺 : 너무 재밌어!!,Cat That Pulls Down Its Owner’s Pants LOL,https://www.youtube.com/shorts/yJJK6pSmfw8,https://www.youtube.com/watch?v=yJJK6pSmfw8,shorts,shorts,shorts,,,,99000,기타/엔터테인먼트,https://i.ytimg.com/vi/yJJK6pSmfw8/oardefault.jpg?sqp=-oaymwEdCJUDENAFSFWQAgHyq4qpAwwIARUAAIhCcAHAAQY=&rs=AOn4CLDf61G3G2P_1uIhXEPJYBvSL7OXqQ&usqp=CCk
830,Zv5lDkIS3kg,찰진 집사 반응,Why Does My Cat Bite?,https://www.youtube.com/shorts/Zv5lDkIS3kg,https://www.youtube.com/watch?v=Zv5lDkIS3kg,shorts,shorts,shorts,,,,169000,관계/윤리,https://i.ytimg.com/vi/Zv5lDkIS3kg/oardefault.jpg?sqp=-oaymwEdCJUDENAFSFWQAgHyq4qpAwwIARUAAIhCcAHAAQY=&rs=AOn4CLACXeU0XHTAAQo_UlKuiZoUQZx-8A&usqp=CCk
831,BZDLXHRe8sM,기적의 철가방 솔루션,How to Help Cats Get Along,https://www.youtube.com/shorts/BZDLXHRe8sM,https://www.youtube.com/watch?v=BZDLXHRe8sM,shorts,shorts,shorts,,,,76000,기타/엔터테인먼트,https://i.ytimg.com/vi/BZDLXHRe8sM/oardefault.jpg?sqp=-oaymwEdCJUDENAFSFWQAgHyq4qpAwwIARUAAIhCcAHAAQY=&rs=AOn4CLChW2hCunLxR0NqVFMTsOv-wcYD2w&usqp=CCk
832,KTFzrgbLaVY,동물을 너무 사랑하면 오히려 힘든 직업,A veterinarian who loves animals too much...,https://www.youtube.com/shorts/KTFzrgbLaVY,https://www.youtube.com/watch?v=KTFzrgbLaVY,shorts,shorts,shorts,,,,55000,기타/엔터테인먼트,https://i.ytimg.com/vi/KTFzrgbLaVY/oardefault.jpg?sqp=-oaymwEdCJUDENAFSFWQAgHyq4qpAwwIARUAAIhCcAHAAQY=&rs=AOn4CLChSQzANksm4Av9B6Z902IbNzay_w&usqp=CCk
833,JWC6gyLo28Y,뭐든 억지로 먹이는 건 금물!,My picky cat – is it okay?,https://www.youtube.com/shorts/JWC6gyLo28Y,https://www.youtube.com/watch?v=JWC6gyLo28Y,shorts,shorts,shorts,,,,43000,기타/엔터테인먼트,https://i.ytimg.com/vi/JWC6gyLo28Y/oardefault.jpg?sqp=-oaymwEdCJUDENAFSFWQAgHyq4qpAwwIARUAAIhCcAHAAQY=&rs=AOn4CLAuGYMjwB_drj0SXRtPPBvF8euNEw&usqp=CCk
834,_uJzi468lVA,수화하는 고양이라니,A cat that uses sign language for its hearing-impaired guardian,https://www.youtube.com/shorts/_uJzi468lVA,https://www.youtube.com/watch?v=_uJzi468lVA,shorts,shorts,shorts,,,,111000,기타/엔터테인먼트,https://i.ytimg.com/vi/_uJzi468lVA/oardefault.jpg?sqp=-oaymwEdCJUDENAFSFWQAgHyq4qpAwwIARUAAIhCcAHAAQY=&rs=AOn4CLBWyOPss41pNVWSfttZ8adEx4oBLQ&usqp=CCk
835,d0-cHxfDqv8,정수기 하나 놔드려야겠네,Cat coughing while drinking water – what to do?,https://www.youtube.com/shorts/d0-cHxfDqv8,https://www.youtube.com/watch?v=d0-cHxfDqv8,shorts,shorts,shorts,,,,67000,기타/엔터테인먼트,https://i.ytimg.com/vi/d0-cHxfDqv8/oardefault.jpg?sqp=-oaymwEdCJUDENAFSFWQAgHyq4qpAwwIARUAAIhCcAHAAQY=&rs=AOn4CLBxsPnrpQDSo1oWtk4MncCRD4YpPw&usqp=CCk
836,11i_Sue6e0U,😼 : 사료 던져라 집사야,How to help a cat overcome boredom with hunting play,https://www.youtube.com/shorts/11i_Sue6e0U,https://www.youtube.com/watch?v=11i_Sue6e0U,shorts,shorts,shorts,,,,89000,생활/돌봄;관계/윤리,https://i.ytimg.com/vi/11i_Sue6e0U/oardefault.jpg?sqp=-oaymwEdCJUDENAFSFWQAgHyq4qpAwwIARUAAIhCcAHAAQY=&rs=AOn4CLB3KJpssEDH8e0sft_yQk4PQqCLCw&usqp=CCk
837,UhcwJTOGJR4,12년간 임보ㅋㅋㅋㅋ,I've been fostering cats for 12 years lol,https://www.youtube.com/shorts/UhcwJTOGJR4,https://www.youtube.com/watch?v=UhcwJTOGJR4,shorts,shorts,shorts,,,,5300000,기타/엔터테인먼트,https://i.ytimg.com/vi/UhcwJTOGJR4/oardefault.jpg?sqp=-oaymwEdCJUDENAFSFWQAgHyq4qpAwwIARUAAIhCcAHAAQY=&rs=AOn4CLDjbXN5UJU0WRxaCqInSEweGXWM7g&usqp=CCk
838,klWehXEwlOU,고양이는 사람이 맞다,A smart cat using a water purifier,https://www.youtube.com/shorts/klWehXEwlOU,https://www.youtube.com/watch?v=klWehXEwlOU,shorts,shorts,shorts,,,,106000,기타/엔터테인먼트,https://i.ytimg.com/vi/klWehXEwlOU/oardefault.jpg?sqp=-oaymwEdCJUDENAFSFWQAgHyq4qpAwwIARUAAIhCcAHAAQY=&rs=AOn4CLCL0MVIpspTUADPvdgzP5AVtknk0Q&usqp=CCk
839,rbM1-WUXwSk,고양이 관상가,A vet who can guess a cat’s personality by its face?!,https://www.youtube.com/shorts/rbM1-WUXwSk,https://www.youtube.com/watch?v=rbM1-WUXwSk,shorts,shorts,shorts,,,,352000,기타/엔터테인먼트,https://i.ytimg.com/vi/rbM1-WUXwSk/oardefault.jpg?sqp=-oaymwEdCJUDENAFSFWQAgHyq4qpAwwIARUAAIhCcAHAAQY=&rs=AOn4CLDA8p4m2xMrdYy5wmn97RgVqVBL5A&usqp=CCk
840,OE8HLAnHHvo,유일한 미련.. 고양이..🐈,Who should take the cat after a divorce?,https://www.youtube.com/shorts/OE8HLAnHHvo,https://www.youtube.com/watch?v=OE8HLAnHHvo,shorts,shorts,shorts,,,,849000,기타/엔터테인먼트,https://i.ytimg.com/vi/OE8HLAnHHvo/oardefault.jpg?sqp=-oaymwEdCJUDENAFSFWQAgHyq4qpAwwIARUAAIhCcAHAAQY=&rs=AOn4CLAULSJiUnNI9ImU55j1WSymd8vIpw&usqp=CCk
841,on6nqCm7_yI,다이어트 요요 온 고양이ㅋㅋㅋ,A cat that lost weight… and then the yo-yo struck!,https://www.youtube.com/shorts/on6nqCm7_yI,https://www.youtube.com/watch?v=on6nqCm7_yI,shorts,shorts,shorts,,,,881000,건강/진료,https://i.ytimg.com/vi/on6nqCm7_yI/oardefault.jpg?sqp=-oaymwEdCJUDENAFSFWQAgHyq4qpAwwIARUAAIhCcAHAAQY=&rs=AOn4CLBohXHRzL0dbIzt9TdcWbBz515Asw&usqp=CCk
842,LeNGC_8WN64,꾹꾹이 하기 좋은 배가 생김ㅋㅋㅋ,Will cats notice a person's pregnancy?,https://www.youtube.com/shorts/LeNGC_8WN64,https://www.youtube.com/watch?v=LeNGC_8WN64,shorts,shorts,shorts,,,,262000,행동/감정,https://i.ytimg.com/vi/LeNGC_8WN64/oardefault.jpg?sqp=-oaymwEdCJUDENAFSFWQAgHyq4qpAwwIARUAAIhCcAHAAQY=&rs=AOn4CLBoJg3cIXGIzqWa6huL9hlcem_Cfw&usqp=CCk
843,64kc9pqtZCk,진정한 개냥이 등장,Is it a cat or a dog?,https://www.youtube.com/shorts/64kc9pqtZCk,https://www.youtube.com/watch?v=64kc9pqtZCk,shorts,shorts,shorts,,,,433000,기타/엔터테인먼트,https://i.ytimg.com/vi/64kc9pqtZCk/oardefault.jpg?sqp=-oaymwEdCJUDENAFSFWQAgHyq4qpAwwIARUAAIhCcAHAAQY=&rs=AOn4CLCjlDFwIDuP3554lpUAsJ50lsbGNw&usqp=CCk
844,t5I3NEJSLyo,고양이에겐 고문 기구..😫,"Cat abuse, not cat products!😫",https://www.youtube.com/shorts/t5I3NEJSLyo,https://www.youtube.com/watch?v=t5I3NEJSLyo,shorts,shorts,shorts,,,,819000,기타/엔터테인먼트,https://i.ytimg.com/vi/t5I3NEJSLyo/oardefault.jpg?sqp=-oaymwEdCJUDENAFSFWQAgHyq4qpAwwIARUAAIhCcAHAAQY=&rs=AOn4CLAPEs4gNuEwiZIyaBGGScinIq1w8Q&usqp=CCk
845,w3vWMClo7yw,개명해야 되나 이거,Does the cat understand her name?,https://www.youtube.com/shorts/w3vWMClo7yw,https://www.youtube.com/watch?v=w3vWMClo7yw,shorts,shorts,shorts,,,,354000,기타/엔터테인먼트,https://i.ytimg.com/vi/w3vWMClo7yw/oardefault.jpg?sqp=-oaymwEdCJUDENAFSFWQAgHyq4qpAwwIARUAAIhCcAHAAQY=&rs=AOn4CLDjHfHoS3qHC9OfUqsP_Yji36cu3g&usqp=CCk
846,d7Opap_GoA8,흐즈믈르그..,How to know if two cats are fighting or playing,https://www.youtube.com/shorts/d7Opap_GoA8,https://www.youtube.com/watch?v=d7Opap_GoA8,shorts,shorts,shorts,,,,121000,기타/엔터테인먼트,https://i.ytimg.com/vi/d7Opap_GoA8/oardefault.jpg?sqp=-oaymwEdCJUDENAFSFWQAgHyq4qpAwwIARUAAIhCcAHAAQY=&rs=AOn4CLB5vsZzxG2ajnM5mRF9VzYkvN3vlw&usqp=CCk
847,izru9ElmRPk,이게 위험한 거였어?!,"'This oil' that people use a lot, it can kill cats",https://www.youtube.com/shorts/izru9ElmRPk,https://www.youtube.com/watch?v=izru9ElmRPk,shorts,shorts,shorts,,,,195000,관계/윤리,https://i.ytimg.com/vi/izru9ElmRPk/oardefault.jpg?sqp=-oaymwEdCJUDENAFSFWQAgHyq4qpAwwIARUAAIhCcAHAAQY=&rs=AOn4CLD8_WXzX_CG_mt37mmQhzwiKp0DCg&usqp=CCk
848,ROtKPzfRzQQ,나보다 낫다,"If there was a cat genius, it would be this 10-year-old girl from south Korea!",https://www.youtube.com/shorts/ROtKPzfRzQQ,https://www.youtube.com/watch?v=ROtKPzfRzQQ,shorts,shorts,shorts,,,,79000,기타/엔터테인먼트,https://i.ytimg.com/vi/ROtKPzfRzQQ/oardefault.jpg?sqp=-oaymwEdCJUDENAFSFWQAgHyq4qpAwwIARUAAIhCcAHAAQY=&rs=AOn4CLDOvz-ONoAO7HeDlIoJC0d2xQJxUQ&usqp=CCk
849,_5EbCdZhdjc,똥 굴러가유~💩,A cat jumps and drops poop one by one,https://www.youtube.com/shorts/_5EbCdZhdjc,https://www.youtube.com/watch?v=_5EbCdZhdjc,shorts,shorts,shorts,,,,113000,기타/엔터테인먼트,https://i.ytimg.com/vi/_5EbCdZhdjc/oardefault.jpg?sqp=-oaymwEdCJUDENAFSFWQAgHyq4qpAwwIARUAAIhCcAHAAQY=&rs=AOn4CLAbaiJg6yW28V0HE4r0OoUgqz1RvQ&usqp=CCk
850,GhkLyPvioAk,어떻게 사랑이 변하니!,How does love change!,https://www.youtube.com/shorts/GhkLyPvioAk,https://www.youtube.com/watch?v=GhkLyPvioAk,shorts,shorts,shorts,,,,201000,기타/엔터테인먼트,https://i.ytimg.com/vi/GhkLyPvioAk/oardefault.jpg?sqp=-oaymwEdCJYDENAFSFWQAgHyq4qpAwwIARUAAIhCcAHAAQY=&rs=AOn4CLCudty72aqfH9q4fPn285pILcj-7A&usqp=CCk
851,Kw_mroonpNA,둘째 고양이 키우고 싶으면 꼭 보세요,"If you want to raise a second cat, you must watch this",https://www.youtube.com/shorts/Kw_mroonpNA,https://www.youtube.com/watch?v=Kw_mroonpNA,shorts,shorts,shorts,,,,367000,관계/윤리,https://i.ytimg.com/vi/Kw_mroonpNA/oardefault.jpg?sqp=-oaymwEdCJUDENAFSFWQAgHyq4qpAwwIARUAAIhCcAHAAQY=&rs=AOn4CLC83ci7R04LkHcZPXtpqj4Xy8r0Vg&usqp=CCk
852,e2WmCECrtbA,물 찍먹하는 고양이 어떤데😼,a cat's habit of eating with water on its hands,https://www.youtube.com/shorts/e2WmCECrtbA,https://www.youtube.com/watch?v=e2WmCECrtbA,shorts,shorts,shorts,,,,224000,기타/엔터테인먼트,https://i.ytimg.com/vi/e2WmCECrtbA/oardefault.jpg?sqp=-oaymwEdCJUDENAFSFWQAgHyq4qpAwwIARUAAIhCcAHAAQY=&rs=AOn4CLAXCteFkgECzqpVv_NvKMpqgMNIAA&usqp=CCk
853,XsS4OgrjzME,너 누구냥!,Do cats recognize siblings they broke up with when they were young?,https://www.youtube.com/shorts/XsS4OgrjzME,https://www.youtube.com/watch?v=XsS4OgrjzME,shorts,shorts,shorts,,,,57000,기타/엔터테인먼트,https://i.ytimg.com/vi/XsS4OgrjzME/oardefault.jpg?sqp=-oaymwEdCJUDENAFSFWQAgHyq4qpAwwIARUAAIhCcAHAAQY=&rs=AOn4CLBaJcBSAK2j7GAXZ7gdpM0fKSAz6w&usqp=CCk
854,v2mO1F4HRR0,하루에 6끼 정돈 먹어줘야지!🍚,You have to eat 6 regular meals a day!🍚,https://www.youtube.com/shorts/v2mO1F4HRR0,https://www.youtube.com/watch?v=v2mO1F4HRR0,shorts,shorts,shorts,,,,94000,기타/엔터테인먼트,https://i.ytimg.com/vi/v2mO1F4HRR0/oardefault.jpg?sqp=-oaymwEdCJUDENAFSFWQAgHyq4qpAwwIARUAAIhCcAHAAQY=&rs=AOn4CLD7ozmaDcCbSuIoUgZ5xVP8gNdVjQ&usqp=CCk
855,9EgIjReMjAw,곱슬곱슬🧔‍♂️,Curly🧔‍♂️,https://www.youtube.com/shorts/9EgIjReMjAw,https://www.youtube.com/watch?v=9EgIjReMjAw,shorts,shorts,shorts,,,,64000,기타/엔터테인먼트,https://i.ytimg.com/vi/9EgIjReMjAw/oardefault.jpg?sqp=-oaymwEdCJUDENAFSFWQAgHyq4qpAwwIARUAAIhCcAHAAQY=&rs=AOn4CLB6Xfl_jx50KYzAltVkFJB4fxUKyw&usqp=CCk
856,LYRvjZpcc7E,널 좋아하지만 같이 살 수는 없어,"I like you, but we can't live together",https://www.youtube.com/shorts/LYRvjZpcc7E,https://www.youtube.com/watch?v=LYRvjZpcc7E,shorts,shorts,shorts,,,,88000,기타/엔터테인먼트,https://i.ytimg.com/vi/LYRvjZpcc7E/oardefault.jpg?sqp=-oaymwEdCJUDENAFSFWQAgHyq4qpAwwIARUAAIhCcAHAAQY=&rs=AOn4CLAnRmY9rS1KC6JadX0CWMrHmRFzYA&usqp=CCk
857,cms3uS7gWV4,고양이에게도 기합은 필수야,Even cats need motivation,https://www.youtube.com/shorts/cms3uS7gWV4,https://www.youtube.com/watch?v=cms3uS7gWV4,shorts,shorts,shorts,,,,415000,기타/엔터테인먼트,https://i.ytimg.com/vi/cms3uS7gWV4/oardefault.jpg?sqp=-oaymwEdCJUDENAFSFWQAgHyq4qpAwwIARUAAIhCcAHAAQY=&rs=AOn4CLCig1aZ8fASI01mzyZ3XLBkhvqr4w&usqp=CCk
858,GwpAm50Hb4A,고양이의 보은(아님),The cat's return (or not),https://www.youtube.com/shorts/GwpAm50Hb4A,https://www.youtube.com/watch?v=GwpAm50Hb4A,shorts,shorts,shorts,,,,75000,기타/엔터테인먼트,https://i.ytimg.com/vi/GwpAm50Hb4A/oardefault.jpg?sqp=-oaymwEdCJUDENAFSFWQAgHyq4qpAwwIARUAAIhCcAHAAQY=&rs=AOn4CLAjwtCv5515DJk-H7kZBEIG2zn0cA&usqp=CCk
859,XOtXGLmuHwU,고양아 고양아 감자를 내놓으렴,"Kitten, kitten, give me the potatoes.",https://www.youtube.com/shorts/XOtXGLmuHwU,https://www.youtube.com/watch?v=XOtXGLmuHwU,shorts,shorts,shorts,,,,46000,기타/엔터테인먼트,https://i.ytimg.com/vi/XOtXGLmuHwU/oardefault.jpg?sqp=-oaymwEdCJUDENAFSFWQAgHyq4qpAwwIARUAAIhCcAHAAQY=&rs=AOn4CLDPh2q4L9XM3qishd1fZV6PiQUXhQ&usqp=CCk
860,iHHURQvMGW4,배가 불룩해져 새벽 응급실로 온 아기고양이,A kitten with a bulging stomach came to the emergency room at dawn,https://www.youtube.com/shorts/iHHURQvMGW4,https://www.youtube.com/watch?v=iHHURQvMGW4,shorts,shorts,shorts,,,,196000,관계/윤리,https://i.ytimg.com/vi/iHHURQvMGW4/oardefault.jpg?sqp=-oaymwEdCJUDENAFSFWQAgHyq4qpAwwIARUAAIhCcAHAAQY=&rs=AOn4CLCPdXoSWs4ZrowLOGAgoUAgw9TSwg&usqp=CCk
861,njt60nNVkx0,그릉~그르릉~오도방구~,Grumbling~gurbling~ odobangu~,https://www.youtube.com/shorts/njt60nNVkx0,https://www.youtube.com/watch?v=njt60nNVkx0,shorts,shorts,shorts,,,,80000,기타/엔터테인먼트,https://i.ytimg.com/vi/njt60nNVkx0/oardefault.jpg?sqp=-oaymwEdCJUDENAFSFWQAgHyq4qpAwwIARUAAIhCcAHAAQY=&rs=AOn4CLBuoq8J3NNlZWlSuX7bdAm99ZMpyg&usqp=CCk
862,1sVU5bOeqOY,목이 많이 말랐나...? 아닙니다 위험신호입니다!,"Are you really thirsty...? No, that's a warning sign!",https://www.youtube.com/shorts/1sVU5bOeqOY,https://www.youtube.com/watch?v=1sVU5bOeqOY,shorts,shorts,shorts,,,,110000,관계/윤리,https://i.ytimg.com/vi/1sVU5bOeqOY/oardefault.jpg?sqp=-oaymwEdCJUDENAFSFWQAgHyq4qpAwwIARUAAIhCcAHAAQY=&rs=AOn4CLAM6ZgdKzSZllNhLLpDedWaQtIw1A&usqp=CCk
863,tpRdXAXpkgg,고양이에게 선풍기가 필요없는 이유,Why Cats Don't Need Fans,https://www.youtube.com/shorts/tpRdXAXpkgg,https://www.youtube.com/watch?v=tpRdXAXpkgg,shorts,shorts,shorts,,,,476000,기타/엔터테인먼트,https://i.ytimg.com/vi_webp/tpRdXAXpkgg/oardefault.webp?usqp=CCk
864,23o7jVRskd0,털옷 벗어봐 너 고양이 아니지,"Take off your fur coat, you're not a cat",https://www.youtube.com/shorts/23o7jVRskd0,https://www.youtube.com/watch?v=23o7jVRskd0,shorts,shorts,shorts,,,,35000,품종/지식,https://i.ytimg.com/vi/23o7jVRskd0/oardefault.jpg?sqp=-oaymwEdCJUDENAFSFWQAgHyq4qpAwwIARUAAIhCcAHAAQY=&rs=AOn4CLAAla8vAe3c-E9bTKsDT53fJB94Sg&usqp=CCk
865,5_Yu04d9qQw,맡으세요 마음껏,Take care of it as much as you want,https://www.youtube.com/shorts/5_Yu04d9qQw,https://www.youtube.com/watch?v=5_Yu04d9qQw,shorts,shorts,shorts,,,,240000,기타/엔터테인먼트,https://i.ytimg.com/vi/5_Yu04d9qQw/oardefault.jpg?sqp=-oaymwEdCJUDENAFSFWQAgHyq4qpAwwIARUAAIhCcAHAAQY=&rs=AOn4CLAQeSvgQbryHxEarEByCmgmwl1FLA&usqp=CCk
866,jx0u4Nnr8cg,고양이를 주웠다면,If you pick up a cat,https://www.youtube.com/shorts/jx0u4Nnr8cg,https://www.youtube.com/watch?v=jx0u4Nnr8cg,shorts,shorts,shorts,,,,96000,기타/엔터테인먼트,https://i.ytimg.com/vi/jx0u4Nnr8cg/oardefault.jpg?sqp=-oaymwEdCJUDENAFSFWQAgHyq4qpAwwIARUAAIhCcAHAAQY=&rs=AOn4CLCW_wSsUcliuEhpk8wc_HXxfJVZtQ&usqp=CCk
867,vaQNg9R1y_A,씻겨줘요,Wash me,https://www.youtube.com/shorts/vaQNg9R1y_A,https://www.youtube.com/watch?v=vaQNg9R1y_A,shorts,shorts,shorts,,,,119000,기타/엔터테인먼트,https://i.ytimg.com/vi/vaQNg9R1y_A/oardefault.jpg?sqp=-oaymwEdCJUDENAFSFWQAgHyq4qpAwwIARUAAIhCcAHAAQY=&rs=AOn4CLAeeGpqVpza52eoTuEmzvAlC0BQ_A&usqp=CCk
868,u8DtQ8hhhzE,하룰라라 가기 3초 전,3 seconds before going to Harulara,https://www.youtube.com/shorts/u8DtQ8hhhzE,https://www.youtube.com/watch?v=u8DtQ8hhhzE,shorts,shorts,shorts,,,,272000,기타/엔터테인먼트,https://i.ytimg.com/vi/u8DtQ8hhhzE/oardefault.jpg?sqp=-oaymwEdCJUDENAFSFWQAgHyq4qpAwwIARUAAIhCcAHAAQY=&rs=AOn4CLBveLIFwYWweC5jQh6rDkNbNNquUQ&usqp=CCk
869,v3RR7KU5CDs,딸~~바밤바 사왔어~,Baby girl! Daddy's home with some goodies for you!,https://www.youtube.com/shorts/v3RR7KU5CDs,https://www.youtube.com/watch?v=v3RR7KU5CDs,shorts,shorts,shorts,,,,624000,기타/엔터테인먼트,https://i.ytimg.com/vi/v3RR7KU5CDs/oardefault.jpg?sqp=-oaymwEdCJUDENAFSFWQAgHyq4qpAwwIARUAAIhCcAHAAQY=&rs=AOn4CLCy_W280Bfj6Xo_c3P4mjIuOgu9bw&usqp=CCk
870,AmcBaQjlbsA,잘해줄게,I'll do it well,https://www.youtube.com/shorts/AmcBaQjlbsA,https://www.youtube.com/watch?v=AmcBaQjlbsA,shorts,shorts,shorts,,,,130000,기타/엔터테인먼트,https://i.ytimg.com/vi/AmcBaQjlbsA/oardefault.jpg?sqp=-oaymwEdCJUDENAFSFWQAgHyq4qpAwwIARUAAIhCcAHAAQY=&rs=AOn4CLBRhhOlwzSeMgNprLxOvARjJJmL0g&usqp=CCk
871,7WDde-YKloM,내가 안챙기면 우리 집사 누가 챙기냐,"If I don't take care of it, who will take care of our butler?",https://www.youtube.com/shorts/7WDde-YKloM,https://www.youtube.com/watch?v=7WDde-YKloM,shorts,shorts,shorts,,,,833000,관계/윤리,https://i.ytimg.com/vi/7WDde-YKloM/oardefault.jpg?sqp=-oaymwEdCJUDENAFSFWQAgHyq4qpAwwIARUAAIhCcAHAAQY=&rs=AOn4CLCz7nO99ewn8GoB6L2PrnE0AMMeHg&usqp=CCk
872,ynrunM2VGJ8,내 침대 뺏는 고양이,The cat that stole my bed,https://www.youtube.com/shorts/ynrunM2VGJ8,https://www.youtube.com/watch?v=ynrunM2VGJ8,shorts,shorts,shorts,,,,172000,기타/엔터테인먼트,https://i.ytimg.com/vi/ynrunM2VGJ8/oardefault.jpg?sqp=-oaymwEdCJUDENAFSFWQAgHyq4qpAwwIARUAAIhCcAHAAQY=&rs=AOn4CLAsEuS4G4E6olhc9SZrqJH_ACdYmw&usqp=CCk
873,YsnX8jjdmL4,마중냥이,Welcome cat,https://www.youtube.com/shorts/YsnX8jjdmL4,https://www.youtube.com/watch?v=YsnX8jjdmL4,shorts,shorts,shorts,,,,521000,기타/엔터테인먼트,https://i.ytimg.com/vi/YsnX8jjdmL4/oardefault.jpg?sqp=-oaymwEdCJUDENAFSFWQAgHyq4qpAwwIARUAAIhCcAHAAQY=&rs=AOn4CLAoQcFcUJgW9Wkhj8z83mTFxx2NvA&usqp=CCk
874,RrpQ4k_R0kQ,같이가는 중국의 왕큰 수의사 학회😎,같이가는 중국의 왕큰 수의사 학회😎,https://www.youtube.com/shorts/RrpQ4k_R0kQ,https://www.youtube.com/watch?v=RrpQ4k_R0kQ,shorts,shorts,shorts,,,,38000,건강/진료,https://i.ytimg.com/vi/RrpQ4k_R0kQ/oardefault.jpg?sqp=-oaymwEdCJUDENAFSFWQAgHyq4qpAwwIARUAAIhCcAHAAQY=&rs=AOn4CLDTMqBUXfkRjgMOf3pFa0S1YPHnGw&usqp=CCk
875,S8tB0ipXrzI,동물병원 방문 전 이건 꼭 하고 가세요!,"Before visiting a vet, be sure to do this!",https://www.youtube.com/shorts/S8tB0ipXrzI,https://www.youtube.com/watch?v=S8tB0ipXrzI,shorts,shorts,shorts,,,,131000,건강/진료,https://i.ytimg.com/vi/S8tB0ipXrzI/oardefault.jpg?sqp=-oaymwEdCJUDENAFSFWQAgHyq4qpAwwIARUAAIhCcAHAAQY=&rs=AOn4CLAVp-cueC0aAmEwd5fbQZ1uOmA7hQ&usqp=CCk
876,kHoP_ZsPLUk,고양이는 어릴 때 헤어진 가족을 다시 알아볼수 있을까?,Can cats recognize their families from which they were separated at a young age?,https://www.youtube.com/shorts/kHoP_ZsPLUk,https://www.youtube.com/watch?v=kHoP_ZsPLUk,shorts,shorts,shorts,,,,572000,관계/윤리,https://i.ytimg.com/vi/kHoP_ZsPLUk/oardefault.jpg?sqp=-oaymwEdCJUDENAFSFWQAgHyq4qpAwwIARUAAIhCcAHAAQY=&rs=AOn4CLDkI2MK4qRzXDVh_lvM-cnerF4B0g&usqp=CCk
877,t9FqCxaTvjE,삼륜안...!,Samryunan...!,https://www.youtube.com/shorts/t9FqCxaTvjE,https://www.youtube.com/watch?v=t9FqCxaTvjE,shorts,shorts,shorts,,,,296000,기타/엔터테인먼트,https://i.ytimg.com/vi/t9FqCxaTvjE/oardefault.jpg?sqp=-oaymwEdCJUDENAFSFWQAgHyq4qpAwwIARUAAIhCcAHAAQY=&rs=AOn4CLA3bj_sL7tSKF7Jw9b7faVd_6y2rA&usqp=CCk
878,Tzx6cc5ViTU,만져주라 나도 날 줄테니 너도 내 노예가 되주라,"Touch me and I will give you mine, so you too become my slave",https://www.youtube.com/shorts/Tzx6cc5ViTU,https://www.youtube.com/watch?v=Tzx6cc5ViTU,shorts,shorts,shorts,,,,325000,기타/엔터테인먼트,https://i.ytimg.com/vi/Tzx6cc5ViTU/oardefault.jpg?sqp=-oaymwEdCJUDENAFSFWQAgHyq4qpAwwIARUAAIhCcAHAAQY=&rs=AOn4CLAw1LmV_xcNVr6ZmkCM_SJ_M7ur2w&usqp=CCk
879,EJcXcV8XqQM,러브버그 고양이가 먹어도 될까?🪲💕😸,Can Lovebug Cats Eat It?🪲💕😸,https://www.youtube.com/shorts/EJcXcV8XqQM,https://www.youtube.com/watch?v=EJcXcV8XqQM,shorts,shorts,shorts,,,,183000,기타/엔터테인먼트,https://i.ytimg.com/vi/EJcXcV8XqQM/oardefault.jpg?sqp=-oaymwEdCJUDENAFSFWQAgHyq4qpAwwIARUAAIhCcAHAAQY=&rs=AOn4CLC3zgDf5Hnrf4hot-GEzmrL12Ktsg&usqp=CCk
880,DYY8aBV4Grk,귀 파줘요,Please open my ears,https://www.youtube.com/shorts/DYY8aBV4Grk,https://www.youtube.com/watch?v=DYY8aBV4Grk,shorts,shorts,shorts,,,,220000,행동/감정,https://i.ytimg.com/vi/DYY8aBV4Grk/oardefault.jpg?sqp=-oaymwEdCJUDENAFSFWQAgHyq4qpAwwIARUAAIhCcAHAAQY=&rs=AOn4CLB6nYxIQ3NUDY6MTKN8Sm2h-sMBuA&usqp=CCk
881,CHs1fLG5Jgo,고양이 목욕 논란 종결,Ending the cat bathing controversy,https://www.youtube.com/shorts/CHs1fLG5Jgo,https://www.youtube.com/watch?v=CHs1fLG5Jgo,shorts,shorts,shorts,,,,850000,생활/돌봄,https://i.ytimg.com/vi/CHs1fLG5Jgo/oardefault.jpg?sqp=-oaymwEdCJUDENAFSFWQAgHyq4qpAwwIARUAAIhCcAHAAQY=&rs=AOn4CLBksZhouV722Gm0XKrMuOutbbF7Iw&usqp=CCk
882,4oE869TbJO0,춘봉아 조끼 안 잠긴다 너,춘봉아 조끼 안 잠긴다 너,https://www.youtube.com/shorts/4oE869TbJO0,https://www.youtube.com/watch?v=4oE869TbJO0,shorts,shorts,shorts,,,,7800000,기타/엔터테인먼트,https://i.ytimg.com/vi/4oE869TbJO0/oardefault.jpg?sqp=-oaymwEdCJUDENAFSFWQAgHyq4qpAwwIARUAAIhCcAHAAQY=&rs=AOn4CLDkabM0TSxkN3iJgbwFgzclT9M6iw&usqp=CCk
883,7jWyKBFA4Ag,냥줍 후 이건 꼭 하세요!😼,"After picking up a cat, be sure to do this!😼",https://www.youtube.com/shorts/7jWyKBFA4Ag,https://www.youtube.com/watch?v=7jWyKBFA4Ag,shorts,shorts,shorts,,,,155000,기타/엔터테인먼트,https://i.ytimg.com/vi/7jWyKBFA4Ag/oardefault.jpg?sqp=-oaymwEdCJUDENAFSFWQAgHyq4qpAwwIARUAAIhCcAHAAQY=&rs=AOn4CLDX51z7Nikpeteq2Eq0hwFF2wg1nQ&usqp=CCk
884,YRazefUpedw,천재 고양이 만들기,Creating a Genius Cat,https://www.youtube.com/shorts/YRazefUpedw,https://www.youtube.com/watch?v=YRazefUpedw,shorts,shorts,shorts,,,,422000,기타/엔터테인먼트,https://i.ytimg.com/vi/YRazefUpedw/oardefault.jpg?sqp=-oaymwEdCJUDENAFSFWQAgHyq4qpAwwIARUAAIhCcAHAAQY=&rs=AOn4CLBD4if9RZFiLAco8GQy2ORnCjRbNQ&usqp=CCk
885,tX6MBiDZyj0,이게 늑대야 고양이야???,Is this a wolf or a cat???,https://www.youtube.com/shorts/tX6MBiDZyj0,https://www.youtube.com/watch?v=tX6MBiDZyj0,shorts,shorts,shorts,,,,79000,기타/엔터테인먼트,https://i.ytimg.com/vi/tX6MBiDZyj0/oardefault.jpg?sqp=-oaymwEdCJUDENAFSFWQAgHyq4qpAwwIARUAAIhCcAHAAQY=&rs=AOn4CLCkZlDnF0k7aBZabIaX1innxkub8A&usqp=CCk
886,TScn55sxcPw,이게 바로 널 사랑한다는 뜻이야!,This is what it means to love you!,https://www.youtube.com/shorts/TScn55sxcPw,https://www.youtube.com/watch?v=TScn55sxcPw,shorts,shorts,shorts,,,,610000,기타/엔터테인먼트,https://i.ytimg.com/vi/TScn55sxcPw/oardefault.jpg?sqp=-oaymwEdCJUDENAFSFWQAgHyq4qpAwwIARUAAIhCcAHAAQY=&rs=AOn4CLDnuUodDi-5vFFQqh2QxnM_wHfkSQ&usqp=CCk
887,pQ8MC9SFTdQ,고양이가 앉아서 자는 이유,고양이가 앉아서 자는 이유,https://www.youtube.com/shorts/pQ8MC9SFTdQ,https://www.youtube.com/watch?v=pQ8MC9SFTdQ,shorts,shorts,shorts,,,,76000,기타/엔터테인먼트,https://i.ytimg.com/vi/pQ8MC9SFTdQ/oardefault.jpg?sqp=-oaymwEdCJUDENAFSFWQAgHyq4qpAwwIARUAAIhCcAHAAQY=&rs=AOn4CLB8TdjIl159x-rvkgl7kL9aX4pzbA&usqp=CCk
888,TcuiZ3meHaw,"칼군무 쩌럿다,,,","칼군무 쩌럿다,,,",https://www.youtube.com/shorts/TcuiZ3meHaw,https://www.youtube.com/watch?v=TcuiZ3meHaw,shorts,shorts,shorts,,,,82000,기타/엔터테인먼트,https://i.ytimg.com/vi/TcuiZ3meHaw/oardefault.jpg?sqp=-oaymwEdCJUDENAFSFWQAgHyq4qpAwwIARUAAIhCcAHAAQY=&rs=AOn4CLA_WzOLAdVGaqPIU2k56T8SaDQHXw&usqp=CCk
889,Yamb7gLMXLI,여행 전 이건 챙기세요!,여행 전 이건 챙기세요!,https://www.youtube.com/shorts/Yamb7gLMXLI,https://www.youtube.com/watch?v=Yamb7gLMXLI,shorts,shorts,shorts,,,,118000,기타/엔터테인먼트,https://i.ytimg.com/vi/Yamb7gLMXLI/oardefault.jpg?sqp=-oaymwEdCJUDENAFSFWQAgHyq4qpAwwIARUAAIhCcAHAAQY=&rs=AOn4CLD5QwRdNxXNIbJ3JhEIl_8adl5eZA&usqp=CCk
890,GycG-_eMqnI,고양이싸움에 집사 등터짐,고양이싸움에 집사 등터짐,https://www.youtube.com/shorts/GycG-_eMqnI,https://www.youtube.com/watch?v=GycG-_eMqnI,shorts,shorts,shorts,,,,86000,행동/감정;관계/윤리,https://i.ytimg.com/vi/GycG-_eMqnI/oardefault.jpg?sqp=-oaymwEdCJUDENAFSFWQAgHyq4qpAwwIARUAAIhCcAHAAQY=&rs=AOn4CLBbqbR6MX1mA-dY-Xq2KP3i3ppOqw&usqp=CCk
891,UAXf0ES9m_g,냥피드에게 맡겨주세용💘,Leave it to Nyangfeed💘,https://www.youtube.com/shorts/UAXf0ES9m_g,https://www.youtube.com/watch?v=UAXf0ES9m_g,shorts,shorts,shorts,,,,65000,기타/엔터테인먼트,https://i.ytimg.com/vi/UAXf0ES9m_g/oardefault.jpg?sqp=-oaymwEdCJUDENAFSFWQAgHyq4qpAwwIARUAAIhCcAHAAQY=&rs=AOn4CLBNBhnZ1MGfcLbyJQhikiQBxYrcEw&usqp=CCk
892,MjDfaCoJOwc,여름! 너무! 더워! 에어컨을! 틀...기 전에,Summer! It's so hot! Turn on the air conditioner! Before...,https://www.youtube.com/shorts/MjDfaCoJOwc,https://www.youtube.com/watch?v=MjDfaCoJOwc,shorts,shorts,shorts,,,,778000,기타/엔터테인먼트,https://i.ytimg.com/vi/MjDfaCoJOwc/oardefault.jpg?sqp=-oaymwEdCJUDENAFSFWQAgHyq4qpAwwIARUAAIhCcAHAAQY=&rs=AOn4CLAP30zW3mPJLm93pffnsD3uLSynVg&usqp=CCk
893,5BFVtjf9tAs,아저씨 하악질 잘하지..?,아저씨 하악질 잘하지..?,https://www.youtube.com/shorts/5BFVtjf9tAs,https://www.youtube.com/watch?v=5BFVtjf9tAs,shorts,shorts,shorts,,,,37000,행동/감정,https://i.ytimg.com/vi/5BFVtjf9tAs/oardefault.jpg?sqp=-oaymwEdCJUDENAFSFWQAgHyq4qpAwwIARUAAIhCcAHAAQY=&rs=AOn4CLBiPOfRWmSyyWFiXSA0YR5ggHBuGw&usqp=CCk
894,em3l8Eyngtw,나 여름타....겨울도 타...,I ride summer... I ride winter too...,https://www.youtube.com/shorts/em3l8Eyngtw,https://www.youtube.com/watch?v=em3l8Eyngtw,shorts,shorts,shorts,,,,228000,기타/엔터테인먼트,https://i.ytimg.com/vi/em3l8Eyngtw/oardefault.jpg?sqp=-oaymwEdCJUDENAFSFWQAgHyq4qpAwwIARUAAIhCcAHAAQY=&rs=AOn4CLBjzsjFut4FLZ4NELnioD80Y8m9eg&usqp=CCk
895,DARvMeLVX2g,사춘긴가...,Is it puberty...?,https://www.youtube.com/shorts/DARvMeLVX2g,https://www.youtube.com/watch?v=DARvMeLVX2g,shorts,shorts,shorts,,,,102000,기타/엔터테인먼트,https://i.ytimg.com/vi/DARvMeLVX2g/oardefault.jpg?sqp=-oaymwEdCJUDENAFSFWQAgHyq4qpAwwIARUAAIhCcAHAAQY=&rs=AOn4CLBf4c-pzT_wiGCGHZL_Sra4I7c8bQ&usqp=CCk
896,F0kcQ7luSTk,세상에 이렇게 네모난 고양이가,There is such a square cat in the world,https://www.youtube.com/shorts/F0kcQ7luSTk,https://www.youtube.com/watch?v=F0kcQ7luSTk,shorts,shorts,shorts,,,,323000,기타/엔터테인먼트,https://i.ytimg.com/vi/F0kcQ7luSTk/oardefault.jpg?sqp=-oaymwEdCJUDENAFSFWQAgHyq4qpAwwIARUAAIhCcAHAAQY=&rs=AOn4CLCrzftAOOxLQLkswlmwxpMmtmFhpw&usqp=CCk
897,bFln0e5MCdQ,고양이랑 밀당하는 법,How to flirt with a cat,https://www.youtube.com/shorts/bFln0e5MCdQ,https://www.youtube.com/watch?v=bFln0e5MCdQ,shorts,shorts,shorts,,,,5800000,기타/엔터테인먼트,https://i.ytimg.com/vi/bFln0e5MCdQ/oardefault.jpg?sqp=-oaymwEdCJUDENAFSFWQAgHyq4qpAwwIARUAAIhCcAHAAQY=&rs=AOn4CLCW6TJZpy0MssvL5owAAY3LfQS-XA&usqp=CCk
898,e9PWrPgFuew,좀비 담당 일진,Zombie In-Charge Iljin,https://www.youtube.com/shorts/e9PWrPgFuew,https://www.youtube.com/watch?v=e9PWrPgFuew,shorts,shorts,shorts,,,,52000,기타/엔터테인먼트,https://i.ytimg.com/vi/e9PWrPgFuew/oardefault.jpg?sqp=-oaymwEdCJUDENAFSFWQAgHyq4qpAwwIARUAAIhCcAHAAQY=&rs=AOn4CLCEBuSuM6fn2zpIE1JIB_dHZV3Wug&usqp=CCk
899,1hqc5ysZW_Q,귀여우면 다야? 귀여우면 다냐고!!!!,Is cute enough? Is cute enough?,https://www.youtube.com/shorts/1hqc5ysZW_Q,https://www.youtube.com/watch?v=1hqc5ysZW_Q,shorts,shorts,shorts,,,,254000,행동/감정,https://i.ytimg.com/vi/1hqc5ysZW_Q/oardefault.jpg?sqp=-oaymwEdCJUDENAFSFWQAgHyq4qpAwwIARUAAIhCcAHAAQY=&rs=AOn4CLCKzlsFHlvKZbnE8S4BMyjH_sHMOw&usqp=CCk
900,kdWjA0B__RI,네모네모 고먐미,Square square gomyami,https://www.youtube.com/shorts/kdWjA0B__RI,https://www.youtube.com/watch?v=kdWjA0B__RI,shorts,shorts,shorts,,,,136000,기타/엔터테인먼트,https://i.ytimg.com/vi/kdWjA0B__RI/oardefault.jpg?sqp=-oaymwEdCJUDENAFSFWQAgHyq4qpAwwIARUAAIhCcAHAAQY=&rs=AOn4CLBh5OX2fE7SmCqvnuNPm_-eJzYJ0A&usqp=CCk
901,QAcFLim1auQ,이럴거면 고양이 키우지 마세요,"If this is how it's going to be, don't raise a cat.",https://www.youtube.com/shorts/QAcFLim1auQ,https://www.youtube.com/watch?v=QAcFLim1auQ,shorts,shorts,shorts,,,,1100000,기타/엔터테인먼트,https://i.ytimg.com/vi/QAcFLim1auQ/oardefault.jpg?sqp=-oaymwEdCJUDENAFSFWQAgHyq4qpAwwIARUAAIhCcAHAAQY=&rs=AOn4CLDhrsEyJfNe1U8ftYKt_yW2X0CyQA&usqp=CCk
902,a4RTL-4AmqA,치즈냥 특,Cheese Cat Special,https://www.youtube.com/shorts/a4RTL-4AmqA,https://www.youtube.com/watch?v=a4RTL-4AmqA,shorts,shorts,shorts,,,,138000,기타/엔터테인먼트,https://i.ytimg.com/vi/a4RTL-4AmqA/oardefault.jpg?sqp=-oaymwEdCJUDENAFSFWQAgHyq4qpAwwIARUAAIhCcAHAAQY=&rs=AOn4CLAH3ctmV8QBjfiI_qeMXNaic_KY2Q&usqp=CCk
903,4pJ7AeWrWhg,???: 버릴게,???: I'll throw it away,https://www.youtube.com/shorts/4pJ7AeWrWhg,https://www.youtube.com/watch?v=4pJ7AeWrWhg,shorts,shorts,shorts,,,,1000000,기타/엔터테인먼트,https://i.ytimg.com/vi/4pJ7AeWrWhg/oardefault.jpg?sqp=-oaymwEdCJUDENAFSFWQAgHyq4qpAwwIARUAAIhCcAHAAQY=&rs=AOn4CLDasj_bLQ3axzBzLMmE8HAVdEFjFA&usqp=CCk
904,1YsVDG3Ln9A,이런 보호자도 있더군요..,There are also guardians like this...,https://www.youtube.com/shorts/1YsVDG3Ln9A,https://www.youtube.com/watch?v=1YsVDG3Ln9A,shorts,shorts,shorts,,,,215000,관계/윤리,https://i.ytimg.com/vi/1YsVDG3Ln9A/oardefault.jpg?sqp=-oaymwEdCJUDENAFSFWQAgHyq4qpAwwIARUAAIhCcAHAAQY=&rs=AOn4CLCZXTido0i8Q2rcez74k_OVa4_Idw&usqp=CCk
905,EJOV_6Pq0dg,고양이 같은 마인드셋이 필요한 이유,Why You Need a Cat-Like Mindset,https://www.youtube.com/shorts/EJOV_6Pq0dg,https://www.youtube.com/watch?v=EJOV_6Pq0dg,shorts,shorts,shorts,,,,73000,기타/엔터테인먼트,https://i.ytimg.com/vi/EJOV_6Pq0dg/oardefault.jpg?sqp=-oaymwEdCJUDENAFSFWQAgHyq4qpAwwIARUAAIhCcAHAAQY=&rs=AOn4CLAx-3tbehXESNYJJWjnKP2yQnzyzg&usqp=CCk
906,qDpBpaVul5g,뚱냥인거 같다? 들어와라,Looks like a fat cat? Come in.,https://www.youtube.com/shorts/qDpBpaVul5g,https://www.youtube.com/watch?v=qDpBpaVul5g,shorts,shorts,shorts,,,,111000,기타/엔터테인먼트,https://i.ytimg.com/vi/qDpBpaVul5g/oardefault.jpg?sqp=-oaymwEdCJUDENAFSFWQAgHyq4qpAwwIARUAAIhCcAHAAQY=&rs=AOn4CLDK1OzAmB3WdkdUO-ldVNYB_rKESg&usqp=CCk
907,ERtITH7Vyws,너무 쉬웡💊,It's so easy💊,https://www.youtube.com/shorts/ERtITH7Vyws,https://www.youtube.com/watch?v=ERtITH7Vyws,shorts,shorts,shorts,,,,57000,기타/엔터테인먼트,https://i.ytimg.com/vi/ERtITH7Vyws/oardefault.jpg?sqp=-oaymwEdCJUDENAFSFWQAgHyq4qpAwwIARUAAIhCcAHAAQY=&rs=AOn4CLCfK3qItxRNEIr2IuEJc01WcgVIsQ&usqp=CCk
908,QET1qEQxfQo,행복했다.. . ..,I was happy...,https://www.youtube.com/shorts/QET1qEQxfQo,https://www.youtube.com/watch?v=QET1qEQxfQo,shorts,shorts,shorts,,,,334000,기타/엔터테인먼트,https://i.ytimg.com/vi/QET1qEQxfQo/oardefault.jpg?sqp=-oaymwEdCJUDENAFSFWQAgHyq4qpAwwIARUAAIhCcAHAAQY=&rs=AOn4CLD1v6_lK9XK3j4TigWGjxvIRXERLQ&usqp=CCk
909,Kd-qqP32xf4,그알에 고양이가 많이 나오는 이유,Why there are so many cats in that egg,https://www.youtube.com/shorts/Kd-qqP32xf4,https://www.youtube.com/watch?v=Kd-qqP32xf4,shorts,shorts,shorts,,,,217000,기타/엔터테인먼트,https://i.ytimg.com/vi/Kd-qqP32xf4/oardefault.jpg?sqp=-oaymwEdCJUDENAFSFWQAgHyq4qpAwwIARUAAIhCcAHAAQY=&rs=AOn4CLBsjxSTPOYWWc7aPRJCXJzmBl0SKA&usqp=CCk
910,dVuHiRpm1Cw,하핫 귀여워! (머리 헝크러트림),하핫 귀여워! (머리 헝크러트림),https://www.youtube.com/shorts/dVuHiRpm1Cw,https://www.youtube.com/watch?v=dVuHiRpm1Cw,shorts,shorts,shorts,,,,833000,행동/감정,https://i.ytimg.com/vi/dVuHiRpm1Cw/oardefault.jpg?sqp=-oaymwEdCJUDENAFSFWQAgHyq4qpAwwIARUAAIhCcAHAAQY=&rs=AOn4CLBouf_-HIO4JsHceQ0x_jh8LhZFqQ&usqp=CCk
911,7TLOWxhdMKU,이거이거 뺑소니에요!,This is a hit and run!,https://www.youtube.com/shorts/7TLOWxhdMKU,https://www.youtube.com/watch?v=7TLOWxhdMKU,shorts,shorts,shorts,,,,391000,기타/엔터테인먼트,https://i.ytimg.com/vi/7TLOWxhdMKU/oardefault.jpg?sqp=-oaymwEdCJUDENAFSFWQAgHyq4qpAwwIARUAAIhCcAHAAQY=&rs=AOn4CLD1PDkxoIujTL__1LM0RWkAdAvDaA&usqp=CCk
912,9X5l6nx0XIM,도파민 터지는 고양이판 나솔,도파민 터지는 고양이판 나솔,https://www.youtube.com/shorts/9X5l6nx0XIM,https://www.youtube.com/watch?v=9X5l6nx0XIM,shorts,shorts,shorts,,,,63000,기타/엔터테인먼트,https://i.ytimg.com/vi/9X5l6nx0XIM/oardefault.jpg?sqp=-oaymwEdCJUDENAFSFWQAgHyq4qpAwwIARUAAIhCcAHAAQY=&rs=AOn4CLA_8pxDk-ndrq5-CppIwGAPfGymEw&usqp=CCk
913,eCsWvIAHdxo,초면인 고양이가 나보고 따라오라고 한다,초면인 고양이가 나보고 따라오라고 한다,https://www.youtube.com/shorts/eCsWvIAHdxo,https://www.youtube.com/watch?v=eCsWvIAHdxo,shorts,shorts,shorts,,,,195000,기타/엔터테인먼트,https://i.ytimg.com/vi/eCsWvIAHdxo/oardefault.jpg?sqp=-oaymwEdCJUDENAFSFWQAgHyq4qpAwwIARUAAIhCcAHAAQY=&rs=AOn4CLD7j8nICl1C55E34Cdrv5-7IEVHkA&usqp=CCk
914,J9dpupPgjmQ,장인어른에게 사랑받는 법,How to be loved by your father-in-law,https://www.youtube.com/shorts/J9dpupPgjmQ,https://www.youtube.com/watch?v=J9dpupPgjmQ,shorts,shorts,shorts,,,,74000,기타/엔터테인먼트,https://i.ytimg.com/vi/J9dpupPgjmQ/oardefault.jpg?sqp=-oaymwEdCJUDENAFSFWQAgHyq4qpAwwIARUAAIhCcAHAAQY=&rs=AOn4CLAlrYtjjxE_2P_dOEuyxJEtpu847Q&usqp=CCk
915,1QfeER38yMo,스쳐간 고양이를 그리워할까?,Will I miss the cat that passed by?,https://www.youtube.com/shorts/1QfeER38yMo,https://www.youtube.com/watch?v=1QfeER38yMo,shorts,shorts,shorts,,,,203000,기타/엔터테인먼트,https://i.ytimg.com/vi/1QfeER38yMo/oardefault.jpg?sqp=-oaymwEdCJUDENAFSFWQAgHyq4qpAwwIARUAAIhCcAHAAQY=&rs=AOn4CLDpjCJyogUy3Hm7O7UzjRo7KN3b4g&usqp=CCk
916,pIzVRriG3z0,훈련이라고요? 고양이를 위한거라고요?,훈련이라고요? 고양이를 위한거라고요?,https://www.youtube.com/shorts/pIzVRriG3z0,https://www.youtube.com/watch?v=pIzVRriG3z0,shorts,shorts,shorts,,,,126000,기타/엔터테인먼트,https://i.ytimg.com/vi/pIzVRriG3z0/oardefault.jpg?sqp=-oaymwEdCJUDENAFSFWQAgHyq4qpAwwIARUAAIhCcAHAAQY=&rs=AOn4CLBb3p0XKslTMLn1lJ7BqQ2klYnK-w&usqp=CCk
917,uJ5Bm-W-Fjo,오래오래 살아야한다~,오래오래 살아야한다~,https://www.youtube.com/shorts/uJ5Bm-W-Fjo,https://www.youtube.com/watch?v=uJ5Bm-W-Fjo,shorts,shorts,shorts,,,,178000,기타/엔터테인먼트,https://i.ytimg.com/vi/uJ5Bm-W-Fjo/oardefault.jpg?sqp=-oaymwEdCJUDENAFSFWQAgHyq4qpAwwIARUAAIhCcAHAAQY=&rs=AOn4CLCM3GL5vYKHtTCQOYp96a7LdLq5hw&usqp=CCk
918,QoO1Jc-LlGU,왜이래 우리 좋았잖아,Why are you like this? We had a good time.,https://www.youtube.com/shorts/QoO1Jc-LlGU,https://www.youtube.com/watch?v=QoO1Jc-LlGU,shorts,shorts,shorts,,,,824000,기타/엔터테인먼트,https://i.ytimg.com/vi/QoO1Jc-LlGU/oardefault.jpg?sqp=-oaymwEdCJUDENAFSFWQAgHyq4qpAwwIARUAAIhCcAHAAQY=&rs=AOn4CLAY-PEL0qL9Gn8Eg1SjeHVSbAe_Yw&usqp=CCk
919,WBszD25cATg,아들 중성화 한다고 명품쇼핑백 챙겨온 아버지,A father who brought luxury shopping bags to get his son neutered.,https://www.youtube.com/shorts/WBszD25cATg,https://www.youtube.com/watch?v=WBszD25cATg,shorts,shorts,shorts,,,,44000,건강/진료,https://i.ytimg.com/vi/WBszD25cATg/oardefault.jpg?sqp=-oaymwEdCJUDENAFSFWQAgHyq4qpAwwIARUAAIhCcAHAAQY=&rs=AOn4CLDU11jk64e1Q1S7iDGKtShBw6LjIQ&usqp=CCk
920,_27B8wkQtCs,cat walk,cat walk,https://www.youtube.com/shorts/_27B8wkQtCs,https://www.youtube.com/watch?v=_27B8wkQtCs,shorts,shorts,shorts,,,,232000,기타/엔터테인먼트,https://i.ytimg.com/vi/_27B8wkQtCs/oardefault.jpg?sqp=-oaymwEdCJUDENAFSFWQAgHyq4qpAwwIARUAAIhCcAHAAQY=&rs=AOn4CLDUuwoTiJejkBkynsl4BpmrVAABiQ&usqp=CCk
921,S2ZlzlV7i9w,냥관식,Cat food,https://www.youtube.com/shorts/S2ZlzlV7i9w,https://www.youtube.com/watch?v=S2ZlzlV7i9w,shorts,shorts,shorts,,,,352000,기타/엔터테인먼트,https://i.ytimg.com/vi/S2ZlzlV7i9w/oardefault.jpg?sqp=-oaymwEdCJUDENAFSFWQAgHyq4qpAwwIARUAAIhCcAHAAQY=&rs=AOn4CLCqhTkAI-c9iRjGS3OI1h13tZuzGQ&usqp=CCk
922,UdOrQmdaUnE,고양이가 쩝쩝거린다,The cat is meowing,https://www.youtube.com/shorts/UdOrQmdaUnE,https://www.youtube.com/watch?v=UdOrQmdaUnE,shorts,shorts,shorts,,,,59000,기타/엔터테인먼트,https://i.ytimg.com/vi/UdOrQmdaUnE/oardefault.jpg?sqp=-oaymwEdCJUDENAFSFWQAgHyq4qpAwwIARUAAIhCcAHAAQY=&rs=AOn4CLA5KVWY95q7QpLXw2YkoO4ur-31LQ&usqp=CCk
923,tvgVgsL-jOs,잠시 검문좀 하겠습니다 저는 '수의사'니까요,잠시 검문좀 하겠습니다 저는 '수의사'니까요,https://www.youtube.com/shorts/tvgVgsL-jOs,https://www.youtube.com/watch?v=tvgVgsL-jOs,shorts,shorts,shorts,,,,55000,건강/진료,https://i.ytimg.com/vi/tvgVgsL-jOs/oardefault.jpg?sqp=-oaymwEdCJUDENAFSFWQAgHyq4qpAwwIARUAAIhCcAHAAQY=&rs=AOn4CLD9Ot22enk2SdciIBrSSg_nTXd51Q&usqp=CCk
924,Jkip7eaF-c0,니가 뛰어,니가 뛰어,https://www.youtube.com/shorts/Jkip7eaF-c0,https://www.youtube.com/watch?v=Jkip7eaF-c0,shorts,shorts,shorts,,,,172000,기타/엔터테인먼트,https://i.ytimg.com/vi/Jkip7eaF-c0/oardefault.jpg?sqp=-oaymwEdCJUDENAFSFWQAgHyq4qpAwwIARUAAIhCcAHAAQY=&rs=AOn4CLA0MbLZr-HG4tuOjBg0jGdRNNUl8w&usqp=CCk
925,Er8cnlEfD6s,자다가 움찔!,I woke up with a start!,https://www.youtube.com/shorts/Er8cnlEfD6s,https://www.youtube.com/watch?v=Er8cnlEfD6s,shorts,shorts,shorts,,,,271000,기타/엔터테인먼트,https://i.ytimg.com/vi/Er8cnlEfD6s/oardefault.jpg?sqp=-oaymwEdCJUDENAFSFWQAgHyq4qpAwwIARUAAIhCcAHAAQY=&rs=AOn4CLA8j9gE_5RTxUaHhm-auFAxMSfmfA&usqp=CCk
926,-7gt9LugblM,지피티말 믿어요? 네 저는 믿어요,지피티말 믿어요? 네 저는 믿어요,https://www.youtube.com/shorts/-7gt9LugblM,https://www.youtube.com/watch?v=-7gt9LugblM,shorts,shorts,shorts,,,,38000,기타/엔터테인먼트,https://i.ytimg.com/vi/-7gt9LugblM/oardefault.jpg?sqp=-oaymwEdCJUDENAFSFWQAgHyq4qpAwwIARUAAIhCcAHAAQY=&rs=AOn4CLD4_9dx-w2kL48nRdfD0u-yS7zR-g&usqp=CCk
927,Mv2GyA7rpnk,둘이 같은 고양이라고요?,둘이 같은 고양이라고요?,https://www.youtube.com/shorts/Mv2GyA7rpnk,https://www.youtube.com/watch?v=Mv2GyA7rpnk,shorts,shorts,shorts,,,,89000,기타/엔터테인먼트,https://i.ytimg.com/vi/Mv2GyA7rpnk/oardefault.jpg?sqp=-oaymwEdCJUDENAFSFWQAgHyq4qpAwwIARUAAIhCcAHAAQY=&rs=AOn4CLDmZ-5KzJz63HpJAxXZdE7alVIuMQ&usqp=CCk
928,qkZYSsFEASo,(그-윽)(느-끼),(그-윽)(느-끼),https://www.youtube.com/shorts/qkZYSsFEASo,https://www.youtube.com/watch?v=qkZYSsFEASo,shorts,shorts,shorts,,,,293000,기타/엔터테인먼트,https://i.ytimg.com/vi/qkZYSsFEASo/oardefault.jpg?sqp=-oaymwEdCJUDENAFSFWQAgHyq4qpAwwIARUAAIhCcAHAAQY=&rs=AOn4CLC_IWDMpA99H7uGiMxBwx1rIp0Dew&usqp=CCk
929,F9a-hwuDxRc,너 내 동료가 되라!,너 내 동료가 되라!,https://www.youtube.com/shorts/F9a-hwuDxRc,https://www.youtube.com/watch?v=F9a-hwuDxRc,shorts,shorts,shorts,,,,157000,기타/엔터테인먼트,https://i.ytimg.com/vi/F9a-hwuDxRc/oardefault.jpg?sqp=-oaymwEdCJUDENAFSFWQAgHyq4qpAwwIARUAAIhCcAHAAQY=&rs=AOn4CLBGABPiXjq_VTpjOdktLwXbk2izEQ&usqp=CCk
930,RquM_2t8kTI,이걸 속네,이걸 속네,https://www.youtube.com/shorts/RquM_2t8kTI,https://www.youtube.com/watch?v=RquM_2t8kTI,shorts,shorts,shorts,,,,98000,기타/엔터테인먼트,https://i.ytimg.com/vi/RquM_2t8kTI/oardefault.jpg?sqp=-oaymwEdCJUDENAFSFWQAgHyq4qpAwwIARUAAIhCcAHAAQY=&rs=AOn4CLB9otC--9pqrFYtVlYhToTVUpd8sQ&usqp=CCk
931,26r6fe1CznM,세상에 이런 고양이가,세상에 이런 고양이가,https://www.youtube.com/shorts/26r6fe1CznM,https://www.youtube.com/watch?v=26r6fe1CznM,shorts,shorts,shorts,,,,234000,기타/엔터테인먼트,https://i.ytimg.com/vi/26r6fe1CznM/oardefault.jpg?sqp=-oaymwEdCJUDENAFSFWQAgHyq4qpAwwIARUAAIhCcAHAAQY=&rs=AOn4CLCHQm-z4K9l-FarKQRUgftDmk0zDQ&usqp=CCk
932,DhCyleF0Kyc,싸울까 말까 싸울까 말까,Should I fight or not? Should I fight or not?,https://www.youtube.com/shorts/DhCyleF0Kyc,https://www.youtube.com/watch?v=DhCyleF0Kyc,shorts,shorts,shorts,,,,306000,기타/엔터테인먼트,https://i.ytimg.com/vi/DhCyleF0Kyc/oardefault.jpg?sqp=-oaymwEdCJUDENAFSFWQAgHyq4qpAwwIARUAAIhCcAHAAQY=&rs=AOn4CLBgDQ49r6o1gd-jTsg0bxvVqECF6Q&usqp=CCk
933,j9JK0HXsvoE,궁디팡팡의 오해,Gungdi Pangpang's misunderstanding,https://www.youtube.com/shorts/j9JK0HXsvoE,https://www.youtube.com/watch?v=j9JK0HXsvoE,shorts,shorts,shorts,,,,170000,기타/엔터테인먼트,https://i.ytimg.com/vi/j9JK0HXsvoE/oardefault.jpg?sqp=-oaymwEdCJUDENAFSFWQAgHyq4qpAwwIARUAAIhCcAHAAQY=&rs=AOn4CLCnNEAOpDfrg2CofTVncf0yooQAIw&usqp=CCk
934,btH3G_Lkmpg,왕관의 무게,왕관의 무게,https://www.youtube.com/shorts/btH3G_Lkmpg,https://www.youtube.com/watch?v=btH3G_Lkmpg,shorts,shorts,shorts,,,,120000,기타/엔터테인먼트,https://i.ytimg.com/vi/btH3G_Lkmpg/oardefault.jpg?sqp=-oaymwEdCJUDENAFSFWQAgHyq4qpAwwIARUAAIhCcAHAAQY=&rs=AOn4CLArTeSUoi8IyFN702FqORfZl5UlKA&usqp=CCk
935,xX6MB-qWn34,하루아침에 고양이가...,"One day, a cat...",https://www.youtube.com/shorts/xX6MB-qWn34,https://www.youtube.com/watch?v=xX6MB-qWn34,shorts,shorts,shorts,,,,138000,기타/엔터테인먼트,https://i.ytimg.com/vi/xX6MB-qWn34/oardefault.jpg?sqp=-oaymwEdCJUDENAFSFWQAgHyq4qpAwwIARUAAIhCcAHAAQY=&rs=AOn4CLCHuS3jpCxvGufLmDmQqQ9-cyJbEQ&usqp=CCk
936,c1INKMDkNNM,고양이도 연애하려면 어쩔수 없구나,Even cats can't help but fall in love.,https://www.youtube.com/shorts/c1INKMDkNNM,https://www.youtube.com/watch?v=c1INKMDkNNM,shorts,shorts,shorts,,,,123000,기타/엔터테인먼트,https://i.ytimg.com/vi/c1INKMDkNNM/oardefault.jpg?sqp=-oaymwEdCJUDENAFSFWQAgHyq4qpAwwIARUAAIhCcAHAAQY=&rs=AOn4CLAbkvizlXDy8nZjzgWPvWbQpRbT1A&usqp=CCk
937,Y3qMWpf7rZI,집사야 눈치챙기자,"Butler, be careful",https://www.youtube.com/shorts/Y3qMWpf7rZI,https://www.youtube.com/watch?v=Y3qMWpf7rZI,shorts,shorts,shorts,,,,2200000,행동/감정;관계/윤리,https://i.ytimg.com/vi/Y3qMWpf7rZI/oardefault.jpg?sqp=-oaymwEdCJUDENAFSFWQAgHyq4qpAwwIARUAAIhCcAHAAQY=&rs=AOn4CLAfVkYQCcUh9vMDvioBoO4SGu4pPQ&usqp=CCk
938,LAlZ4AAya5U,오래오래 사는 고양이,오래오래 사는 고양이,https://www.youtube.com/shorts/LAlZ4AAya5U,https://www.youtube.com/watch?v=LAlZ4AAya5U,shorts,shorts,shorts,,,,236000,기타/엔터테인먼트,https://i.ytimg.com/vi/LAlZ4AAya5U/oardefault.jpg?sqp=-oaymwEdCJUDENAFSFWQAgHyq4qpAwwIARUAAIhCcAHAAQY=&rs=AOn4CLAHh69SZZXG7JEP-JyWKvJJBoEAkw&usqp=CCk
939,ceHPq_zs9vI,밥먹다 말고 머리는 왜 털어?,밥먹다 말고 머리는 왜 털어?,https://www.youtube.com/shorts/ceHPq_zs9vI,https://www.youtube.com/watch?v=ceHPq_zs9vI,shorts,shorts,shorts,,,,83000,생활/돌봄;품종/지식,https://i.ytimg.com/vi/ceHPq_zs9vI/oardefault.jpg?sqp=-oaymwEdCJUDENAFSFWQAgHyq4qpAwwIARUAAIhCcAHAAQY=&rs=AOn4CLDqJwbjy3vcbMo5xWcUHxEFtcwnxA&usqp=CCk
940,CnW_YvidpQQ,[근황올림픽] 생강 사오지 마세요!!! 그 고양이,[Recent Updates] Don't Buy Ginger!!! That Cat,https://www.youtube.com/shorts/CnW_YvidpQQ,https://www.youtube.com/watch?v=CnW_YvidpQQ,shorts,shorts,shorts,,,,375000,기타/엔터테인먼트,https://i.ytimg.com/vi/CnW_YvidpQQ/oardefault.jpg?sqp=-oaymwEdCJUDENAFSFWQAgHyq4qpAwwIARUAAIhCcAHAAQY=&rs=AOn4CLAkWis62bBx7iITGfYnFG2aaIV4cw&usqp=CCk
941,OUN7zj89UwE,고양이가 제 말에 대답했어요,고양이가 제 말에 대답했어요,https://www.youtube.com/shorts/OUN7zj89UwE,https://www.youtube.com/watch?v=OUN7zj89UwE,shorts,shorts,shorts,,,,311000,기타/엔터테인먼트,https://i.ytimg.com/vi/OUN7zj89UwE/oardefault.jpg?sqp=-oaymwEdCJUDENAFSFWQAgHyq4qpAwwIARUAAIhCcAHAAQY=&rs=AOn4CLCDNrFrNyMNuq6J_8Kt7hRNdi2i2A&usqp=CCk
942,pKZJ8bKe3XI,아들놈을 쥐어박은 이유,The reason I beat my son,https://www.youtube.com/shorts/pKZJ8bKe3XI,https://www.youtube.com/watch?v=pKZJ8bKe3XI,shorts,shorts,shorts,,,,137000,기타/엔터테인먼트,https://i.ytimg.com/vi/pKZJ8bKe3XI/oardefault.jpg?sqp=-oaymwEdCJUDENAFSFWQAgHyq4qpAwwIARUAAIhCcAHAAQY=&rs=AOn4CLA0hU261rVYLPp1rnslwsFMwFVa6A&usqp=CCk
943,eHIum8IGCbE,손만 싫어하는 고양이의 진심,The true feelings of a cat who hates only hands,https://www.youtube.com/shorts/eHIum8IGCbE,https://www.youtube.com/watch?v=eHIum8IGCbE,shorts,shorts,shorts,,,,89000,기타/엔터테인먼트,https://i.ytimg.com/vi/eHIum8IGCbE/oardefault.jpg?sqp=-oaymwEdCJUDENAFSFWQAgHyq4qpAwwIARUAAIhCcAHAAQY=&rs=AOn4CLDcVPL-xQkxL8hA6xzj0E5-rYqdKQ&usqp=CCk
944,XPexsErNzBs,첫!만남은 너무 어려워,First! Meeting is so hard,https://www.youtube.com/shorts/XPexsErNzBs,https://www.youtube.com/watch?v=XPexsErNzBs,shorts,shorts,shorts,,,,1300000,기타/엔터테인먼트,https://i.ytimg.com/vi/XPexsErNzBs/oardefault.jpg?sqp=-oaymwEdCJUDENAFSFWQAgHyq4qpAwwIARUAAIhCcAHAAQY=&rs=AOn4CLBIcU6KsvBBjTmuD8yPoTIUoIMG1g&usqp=CCk
945,g1qFnobBOLQ,탈모 온 고양이,A cat with bald spots,https://www.youtube.com/shorts/g1qFnobBOLQ,https://www.youtube.com/watch?v=g1qFnobBOLQ,shorts,shorts,shorts,,,,268000,기타/엔터테인먼트,https://i.ytimg.com/vi/g1qFnobBOLQ/oardefault.jpg?sqp=-oaymwEdCJUDENAFSFWQAgHyq4qpAwwIARUAAIhCcAHAAQY=&rs=AOn4CLBjFLZNVSUM4KG_YYa7dElQ7ov-rA&usqp=CCk
946,uapsc6p6lQE,고양아 화풀어,"Cat, vent your anger",https://www.youtube.com/shorts/uapsc6p6lQE,https://www.youtube.com/watch?v=uapsc6p6lQE,shorts,shorts,shorts,,,,144000,기타/엔터테인먼트,https://i.ytimg.com/vi/uapsc6p6lQE/oardefault.jpg?sqp=-oaymwEdCJUDENAFSFWQAgHyq4qpAwwIARUAAIhCcAHAAQY=&rs=AOn4CLC_jVWJh9groFgwv4-9LAK_zy1OcQ&usqp=CCk
947,Nw6H8ZZG3KI,중꺾마 고양이,Medium-length cat,https://www.youtube.com/shorts/Nw6H8ZZG3KI,https://www.youtube.com/watch?v=Nw6H8ZZG3KI,shorts,shorts,shorts,,,,194000,기타/엔터테인먼트,https://i.ytimg.com/vi/Nw6H8ZZG3KI/oardefault.jpg?sqp=-oaymwEdCJUDENAFSFWQAgHyq4qpAwwIARUAAIhCcAHAAQY=&rs=AOn4CLAnl9pRc9DWnG-KFuWvt5w2amfBKQ&usqp=CCk
948,qFZP4QJiEm0,후천적 물속성(?) 고양이,Acquired water attribute(?) cat,https://www.youtube.com/shorts/qFZP4QJiEm0,https://www.youtube.com/watch?v=qFZP4QJiEm0,shorts,shorts,shorts,,,,173000,기타/엔터테인먼트,https://i.ytimg.com/vi/qFZP4QJiEm0/oardefault.jpg?sqp=-oaymwEdCJUDENAFSFWQAgHyq4qpAwwIARUAAIhCcAHAAQY=&rs=AOn4CLAC-CBdvxy9dvwXSP0nsytiKuiWDg&usqp=CCk
949,-l_jnjAe2lI,할짝...할짜악...할짝...👅,Slap...slap...slap...👅,https://www.youtube.com/shorts/-l_jnjAe2lI,https://www.youtube.com/watch?v=-l_jnjAe2lI,shorts,shorts,shorts,,,,1100000,기타/엔터테인먼트,https://i.ytimg.com/vi/-l_jnjAe2lI/oardefault.jpg?sqp=-oaymwEdCJUDENAFSFWQAgHyq4qpAwwIARUAAIhCcAHAAQY=&rs=AOn4CLBFbUdl7_agzby5wkmI-hHt8ffnVg&usqp=CCk
950,l0-v5CGsdjc,또 나만 붓지...나만 진심이지...,또 나만 붓지...나만 진심이지...,https://www.youtube.com/shorts/l0-v5CGsdjc,https://www.youtube.com/watch?v=l0-v5CGsdjc,shorts,shorts,shorts,,,,114000,기타/엔터테인먼트,https://i.ytimg.com/vi/l0-v5CGsdjc/oardefault.jpg?sqp=-oaymwEdCJUDENAFSFWQAgHyq4qpAwwIARUAAIhCcAHAAQY=&rs=AOn4CLBKwooaipQILgrSYqryc2iSGqX5tg&usqp=CCk
951,e6EwAiDYLqo,기썬을 제압해,기썬을 제압해,https://www.youtube.com/shorts/e6EwAiDYLqo,https://www.youtube.com/watch?v=e6EwAiDYLqo,shorts,shorts,shorts,,,,32000,기타/엔터테인먼트,https://i.ytimg.com/vi/e6EwAiDYLqo/oardefault.jpg?sqp=-oaymwEdCJUDENAFSFWQAgHyq4qpAwwIARUAAIhCcAHAAQY=&rs=AOn4CLDqdMqmSRRaP4EpQNBkgygWYUPd3A&usqp=CCk
952,MWdkAXcK5RQ,천재고양이 특,천재고양이 특,https://www.youtube.com/shorts/MWdkAXcK5RQ,https://www.youtube.com/watch?v=MWdkAXcK5RQ,shorts,shorts,shorts,,,,94000,기타/엔터테인먼트,https://i.ytimg.com/vi/MWdkAXcK5RQ/oardefault.jpg?sqp=-oaymwEdCJUDENAFSFWQAgHyq4qpAwwIARUAAIhCcAHAAQY=&rs=AOn4CLC1wpXFpJ8qXyf6VR6hNKYhFdT3Tg&usqp=CCk
953,G5d-GkKK7iE,집사를 하찮게 여길수도 있는거임? 그럴수 있으니 조심해라,Could it be possible to look down on the butler? Be careful.,https://www.youtube.com/shorts/G5d-GkKK7iE,https://www.youtube.com/watch?v=G5d-GkKK7iE,shorts,shorts,shorts,,,,4300000,관계/윤리,https://i.ytimg.com/vi/G5d-GkKK7iE/oardefault.jpg?sqp=-oaymwEdCJUDENAFSFWQAgHyq4qpAwwIARUAAIhCcAHAAQY=&rs=AOn4CLBEjQ4HbLqc0X59_Gd5bP7uCF9qdQ&usqp=CCk
954,hgBcDVkDRSg,민들레 날아가유~,민들레 날아가유~,https://www.youtube.com/shorts/hgBcDVkDRSg,https://www.youtube.com/watch?v=hgBcDVkDRSg,shorts,shorts,shorts,,,,270000,기타/엔터테인먼트,https://i.ytimg.com/vi/hgBcDVkDRSg/oardefault.jpg?sqp=-oaymwEdCJUDENAFSFWQAgHyq4qpAwwIARUAAIhCcAHAAQY=&rs=AOn4CLAbG9u4N5YZHENG-DAyZTS9H-kBRQ&usqp=CCk
955,s09pi_Bl20s,짜장밥이거덩요🍛,짜장밥이거덩요🍛,https://www.youtube.com/shorts/s09pi_Bl20s,https://www.youtube.com/watch?v=s09pi_Bl20s,shorts,shorts,shorts,,,,,생활/돌봄,https://i.ytimg.com/vi/s09pi_Bl20s/oar2.jpg?sqp=-oaymwEdCJUDENAFSFWQAgHyq4qpAwwIARUAAIhCcAHAAQY=&rs=AOn4CLD_HYtCeS8MGiCOqVuqKi-NVBhHQg&usqp=CCk
956,V-RdBJVoBrw,똥만 싸면 우사인 볼트,"If you just take a shit, you're like Usain Bolt",https://www.youtube.com/shorts/V-RdBJVoBrw,https://www.youtube.com/watch?v=V-RdBJVoBrw,shorts,shorts,shorts,,,,353000,기타/엔터테인먼트,https://i.ytimg.com/vi/V-RdBJVoBrw/oardefault.jpg?sqp=-oaymwEdCJUDENAFSFWQAgHyq4qpAwwIARUAAIhCcAHAAQY=&rs=AOn4CLD4x6-hhUi2i0O02uaATCHS_uWcFw&usqp=CCk
957,zxbklU3snFw,나랑 대화하려고 성대까지 갈아끼는 고양이,나랑 대화하려고 성대까지 갈아끼는 고양이,https://www.youtube.com/shorts/zxbklU3snFw,https://www.youtube.com/watch?v=zxbklU3snFw,shorts,shorts,shorts,,,,73000,기타/엔터테인먼트,https://i.ytimg.com/vi/zxbklU3snFw/oardefault.jpg?sqp=-oaymwEdCJUDENAFSFWQAgHyq4qpAwwIARUAAIhCcAHAAQY=&rs=AOn4CLA9oYV63m8Isf_RyuLy8gFyQoWbSw&usqp=CCk
958,tKp7mn0s9X4,아 아기고양이는 못참지,아 아기고양이는 못참지,https://www.youtube.com/shorts/tKp7mn0s9X4,https://www.youtube.com/watch?v=tKp7mn0s9X4,shorts,shorts,shorts,,,,679000,관계/윤리,https://i.ytimg.com/vi/tKp7mn0s9X4/oardefault.jpg?sqp=-oaymwEdCJUDENAFSFWQAgHyq4qpAwwIARUAAIhCcAHAAQY=&rs=AOn4CLCtC6o5kDw709ZLn_lcrlBf8moZvg&usqp=CCk
959,2HxBfIozEvI,너무 깔끔한 사람에겐 고양이가 별로인 이유,Why Cats Don't Work for People Who Are Too Neat,https://www.youtube.com/shorts/2HxBfIozEvI,https://www.youtube.com/watch?v=2HxBfIozEvI,shorts,shorts,shorts,,,,380000,기타/엔터테인먼트,https://i.ytimg.com/vi/2HxBfIozEvI/oardefault.jpg?sqp=-oaymwEdCJUDENAFSFWQAgHyq4qpAwwIARUAAIhCcAHAAQY=&rs=AOn4CLCsBykI66MFI03WdoSxTocFD0uOYQ&usqp=CCk
960,KKtND4mys9s,집에 고양이가 두마리 이상이면 벌어지는 일,What happens when you have more than one cat in the house?,https://www.youtube.com/shorts/KKtND4mys9s,https://www.youtube.com/watch?v=KKtND4mys9s,shorts,shorts,shorts,,,,71000,기타/엔터테인먼트,https://i.ytimg.com/vi/KKtND4mys9s/oardefault.jpg?sqp=-oaymwEdCJUDENAFSFWQAgHyq4qpAwwIARUAAIhCcAHAAQY=&rs=AOn4CLAcYH13TIX9mUBsWbffBNyfzsNS7Q&usqp=CCk
961,uMfHO1xNIt0,아기 고양이들 주목! 지금부터 파티를 시작한다,아기 고양이들 주목! 지금부터 파티를 시작한다,https://www.youtube.com/shorts/uMfHO1xNIt0,https://www.youtube.com/watch?v=uMfHO1xNIt0,shorts,shorts,shorts,,,,115000,관계/윤리,https://i.ytimg.com/vi/uMfHO1xNIt0/oardefault.jpg?sqp=-oaymwEdCJUDENAFSFWQAgHyq4qpAwwIARUAAIhCcAHAAQY=&rs=AOn4CLCLJ1E7e3unk3aTbA2z4dVUzumeUg&usqp=CCk
962,fjPPTMqElHo,훙 할부지 나 똑땅해😾,훙 할부지 나 똑땅해😾,https://www.youtube.com/shorts/fjPPTMqElHo,https://www.youtube.com/watch?v=fjPPTMqElHo,shorts,shorts,shorts,,,,857000,기타/엔터테인먼트,https://i.ytimg.com/vi/fjPPTMqElHo/oardefault.jpg?sqp=-oaymwEdCJUDENAFSFWQAgHyq4qpAwwIARUAAIhCcAHAAQY=&rs=AOn4CLDFNnIssFiS6Or4mkSUs-cRwF8X4A&usqp=CCk
963,yA5dI_aV0VE,집사가 야옹하면 고양이도 야옹~,"When the butler meows, the cat meows too~",https://www.youtube.com/shorts/yA5dI_aV0VE,https://www.youtube.com/watch?v=yA5dI_aV0VE,shorts,shorts,shorts,,,,354000,관계/윤리,https://i.ytimg.com/vi/yA5dI_aV0VE/oardefault.jpg?sqp=-oaymwEdCJUDENAFSFWQAgHyq4qpAwwIARUAAIhCcAHAAQY=&rs=AOn4CLC_-fmkx6IL3NDgK7f9PORJ9fBMYA&usqp=CCk
964,gLR-D6wCxjQ,아닌데요 우리고양이 저 사랑해서 핥아주는거 맞는데요!,It is a human illusion,https://www.youtube.com/shorts/gLR-D6wCxjQ,https://www.youtube.com/watch?v=gLR-D6wCxjQ,shorts,shorts,shorts,,,,850000,기타/엔터테인먼트,https://i.ytimg.com/vi/gLR-D6wCxjQ/oardefault.jpg?sqp=-oaymwEdCJUDENAFSFWQAgHyq4qpAwwIARUAAIhCcAHAAQY=&rs=AOn4CLBw3peud1U9mneZojMgFg7fAw0nkA&usqp=CCk
965,3teUmC7ZbKU,뽀갈하고 함냐함냐 하고싶은건 과학적인거임,What I want to say is scientific.,https://www.youtube.com/shorts/3teUmC7ZbKU,https://www.youtube.com/watch?v=3teUmC7ZbKU,shorts,shorts,shorts,,,,120000,기타/엔터테인먼트,https://i.ytimg.com/vi/3teUmC7ZbKU/oardefault.jpg?sqp=-oaymwEdCJUDENAFSFWQAgHyq4qpAwwIARUAAIhCcAHAAQY=&rs=AOn4CLCmOYE0wwQg4BYI5KGSxXo5EE-IrA&usqp=CCk
966,Vng7zdSwVDQ,개킹..바지벗기는 경박한 고양이👖,a cat that takes off my pants,https://www.youtube.com/shorts/Vng7zdSwVDQ,https://www.youtube.com/watch?v=Vng7zdSwVDQ,shorts,shorts,shorts,,,,179000,기타/엔터테인먼트,https://i.ytimg.com/vi/Vng7zdSwVDQ/oardefault.jpg?sqp=-oaymwEdCJUDENAFSFWQAgHyq4qpAwwIARUAAIhCcAHAAQY=&rs=AOn4CLC0z1zHVuVpMf65ymQG0XzpFZfThA&usqp=CCk
967,D0PAsZeMQVg,고양이를 살리는 심폐소생술,Cat CPR,https://www.youtube.com/shorts/D0PAsZeMQVg,https://www.youtube.com/watch?v=D0PAsZeMQVg,shorts,shorts,shorts,,,,121000,기타/엔터테인먼트,https://i.ytimg.com/vi/D0PAsZeMQVg/oardefault.jpg?sqp=-oaymwEdCJUDENAFSFWQAgHyq4qpAwwIARUAAIhCcAHAAQY=&rs=AOn4CLApWC1AH24jDPgqEHinJAoyxIF74g&usqp=CCk
968,okBbPCcvZOQ,고양이면 이거 다~할줄 안다,Veterinarian's Cat Education 3 Things,https://www.youtube.com/shorts/okBbPCcvZOQ,https://www.youtube.com/watch?v=okBbPCcvZOQ,shorts,shorts,shorts,,,,887000,기타/엔터테인먼트,https://i.ytimg.com/vi/okBbPCcvZOQ/oardefault.jpg?sqp=-oaymwEdCJUDENAFSFWQAgHyq4qpAwwIARUAAIhCcAHAAQY=&rs=AOn4CLA_q6fBrfoYroicMNY_VOrLURezVA&usqp=CCk
969,eFVGs-pVopA,고양이가 '이곳'에서 잔다면?,고양이가 '이곳'에서 잔다면?,https://www.youtube.com/shorts/eFVGs-pVopA,https://www.youtube.com/watch?v=eFVGs-pVopA,shorts,shorts,shorts,,,,165000,기타/엔터테인먼트,https://i.ytimg.com/vi/eFVGs-pVopA/oardefault.jpg?sqp=-oaymwEdCJUDENAFSFWQAgHyq4qpAwwIARUAAIhCcAHAAQY=&rs=AOn4CLAR2OLMHYGSDV18BX7EnuZcIyEEOg&usqp=CCk
970,WcxWeI-L2BU,고영희 너 눈을 왜 그렇게 뜨고 째려봐?,a lovely confession from a cat,https://www.youtube.com/shorts/WcxWeI-L2BU,https://www.youtube.com/watch?v=WcxWeI-L2BU,shorts,shorts,shorts,,,,329000,행동/감정,https://i.ytimg.com/vi/WcxWeI-L2BU/oardefault.jpg?sqp=-oaymwEdCJUDENAFSFWQAgHyq4qpAwwIARUAAIhCcAHAAQY=&rs=AOn4CLBqtGhdQKl22u-t7du6HQS5R_y04A&usqp=CCk
971,YEGQvU5zCgw,"사르르...집사 맘도,, 수의사 아저씨 맘도 녹여요...",Slurp... It melts the butler's heart and the vet's heart too...,https://www.youtube.com/shorts/YEGQvU5zCgw,https://www.youtube.com/watch?v=YEGQvU5zCgw,shorts,shorts,shorts,,,,309000,건강/진료;관계/윤리,https://i.ytimg.com/vi/YEGQvU5zCgw/oardefault.jpg?sqp=-oaymwEdCJUDENAFSFWQAgHyq4qpAwwIARUAAIhCcAHAAQY=&rs=AOn4CLCzlDuWqNQ5-Sq7Ie_u17DBQ0BqbQ&usqp=CCk
972,geVwhxOkjp8,"인형으로만 봤던 고양이, 이제 진짜 친해질 때가 됐습니다","인형으로만 봤던 고양이, 이제 진짜 친해질 때가 됐습니다",https://www.youtube.com/shorts/geVwhxOkjp8,https://www.youtube.com/watch?v=geVwhxOkjp8,shorts,shorts,shorts,,,,20000,기타/엔터테인먼트,https://i.ytimg.com/vi/geVwhxOkjp8/oardefault.jpg?sqp=-oaymwEdCJUDENAFSFWQAgHyq4qpAwwIARUAAIhCcAHAAQY=&rs=AOn4CLA9Sh3Z6el_evniUcWFJGEF6LWA5w&usqp=CCk
973,JNWY7Cew-Ts,참집사,True butler,https://www.youtube.com/shorts/JNWY7Cew-Ts,https://www.youtube.com/watch?v=JNWY7Cew-Ts,shorts,shorts,shorts,,,,125000,관계/윤리,https://i.ytimg.com/vi/JNWY7Cew-Ts/oardefault.jpg?sqp=-oaymwEdCJUDENAFSFWQAgHyq4qpAwwIARUAAIhCcAHAAQY=&rs=AOn4CLBQaGcqnohG4OwD1AlpmsN36ZjOJw&usqp=CCk
974,cRq1Jfeq1ak,자꾸 화장실도 따라와야 한다고 떼를 쓰는 고양이,Why do you follow me to the bathroom?,https://www.youtube.com/shorts/cRq1Jfeq1ak,https://www.youtube.com/watch?v=cRq1Jfeq1ak,shorts,shorts,shorts,,,,194000,생활/돌봄,https://i.ytimg.com/vi/cRq1Jfeq1ak/oardefault.jpg?sqp=-oaymwEdCJUDENAFSFWQAgHyq4qpAwwIARUAAIhCcAHAAQY=&rs=AOn4CLBQJD513gI9WEHVIYvGzZDp-1q3gw&usqp=CCk
975,wjVRLWxV3PI,멋부리는 고양이는 최악이에요,멋부리는 고양이는 최악이에요,https://www.youtube.com/shorts/wjVRLWxV3PI,https://www.youtube.com/watch?v=wjVRLWxV3PI,shorts,shorts,shorts,,,,20000,기타/엔터테인먼트,https://i.ytimg.com/vi/wjVRLWxV3PI/oardefault.jpg?sqp=-oaymwEdCJUDENAFSFWQAgHyq4qpAwwIARUAAIhCcAHAAQY=&rs=AOn4CLCZAESDDT5Y_6DhNk3sEpziCveJ-A&usqp=CCk
976,pEIklC9JNPA,고양이가 이렇게 잔다면 걱정해야 합니다,고양이가 이렇게 잔다면 걱정해야 합니다,https://www.youtube.com/shorts/pEIklC9JNPA,https://www.youtube.com/watch?v=pEIklC9JNPA,shorts,shorts,shorts,,,,110000,기타/엔터테인먼트,https://i.ytimg.com/vi/pEIklC9JNPA/oardefault.jpg?sqp=-oaymwEdCJUDENAFSFWQAgHyq4qpAwwIARUAAIhCcAHAAQY=&rs=AOn4CLBWb8_7MLdXPDhg1t-9BmOh3uCDLA&usqp=CCk
977,dK91zxx-Fek,막 몽글하구☁️말랑하구☁️...zzZ...😴,막 몽글하구☁️말랑하구☁️...zzZ...😴,https://www.youtube.com/shorts/dK91zxx-Fek,https://www.youtube.com/watch?v=dK91zxx-Fek,shorts,shorts,shorts,,,,19000,기타/엔터테인먼트,https://i.ytimg.com/vi/dK91zxx-Fek/oar2.jpg?sqp=-oaymwEdCPYCENAFSFWQAgHyq4qpAwwIARUAAIhCcAHAAQY=&rs=AOn4CLAu-En73_nyBwjSx62nWf6Mo9UX0w&usqp=CCk
978,A-JRdboBxAM,고양이를 죽일 수도 있는 식물 🪴,Plants that can kill cats 🪴,https://www.youtube.com/shorts/A-JRdboBxAM,https://www.youtube.com/watch?v=A-JRdboBxAM,shorts,shorts,shorts,,,,37000,기타/엔터테인먼트,https://i.ytimg.com/vi/A-JRdboBxAM/oardefault.jpg?sqp=-oaymwEdCJUDENAFSFWQAgHyq4qpAwwIARUAAIhCcAHAAQY=&rs=AOn4CLCiJoXe9aQ6weYYo4oWdgBiBUDfXQ&usqp=CCk
979,DrfAymax6A8,오징어 사와 오징어🦑 한국말 하는 고양이의 진실,Buy squid and squid🦑 The truth about the cat that speaks Korean,https://www.youtube.com/shorts/DrfAymax6A8,https://www.youtube.com/watch?v=DrfAymax6A8,shorts,shorts,shorts,,,,54000,기타/엔터테인먼트,https://i.ytimg.com/vi/DrfAymax6A8/oardefault.jpg?sqp=-oaymwEdCJUDENAFSFWQAgHyq4qpAwwIARUAAIhCcAHAAQY=&rs=AOn4CLBke6P41u99smKKrQRQPHMypax_Kw&usqp=CCk
980,fTO6fzvFf4s,고양이가 겨울을 나는 방법 ⛄️,고양이가 겨울을 나는 방법 ⛄️,https://www.youtube.com/shorts/fTO6fzvFf4s,https://www.youtube.com/watch?v=fTO6fzvFf4s,shorts,shorts,shorts,,,,42000,기타/엔터테인먼트,https://i.ytimg.com/vi/fTO6fzvFf4s/oardefault.jpg?sqp=-oaymwEdCJUDENAFSFWQAgHyq4qpAwwIARUAAIhCcAHAAQY=&rs=AOn4CLB1avEJ90INNEQFvn0XmRE5Kn9j1w&usqp=CCk
981,OfnYS5uAmoA,이 그루밍을 좀 봐 대박임,이 그루밍을 좀 봐 대박임,https://www.youtube.com/shorts/OfnYS5uAmoA,https://www.youtube.com/watch?v=OfnYS5uAmoA,shorts,shorts,shorts,,,,177000,기타/엔터테인먼트,https://i.ytimg.com/vi/OfnYS5uAmoA/oardefault.jpg?sqp=-oaymwEdCJUDENAFSFWQAgHyq4qpAwwIARUAAIhCcAHAAQY=&rs=AOn4CLC58vvBSyAvQG-T6_RQ6UmKvSOKig&usqp=CCk
982,Hu7oBqabNBI,밥먹을 때 서로 눈치 보는거 국룰,밥먹을 때 서로 눈치 보는거 국룰,https://www.youtube.com/shorts/Hu7oBqabNBI,https://www.youtube.com/watch?v=Hu7oBqabNBI,shorts,shorts,shorts,,,,27000,행동/감정;생활/돌봄,https://i.ytimg.com/vi/Hu7oBqabNBI/oardefault.jpg?sqp=-oaymwEdCJUDENAFSFWQAgHyq4qpAwwIARUAAIhCcAHAAQY=&rs=AOn4CLAIvKubIw-WuF5-LUK8UBbICCYTAQ&usqp=CCk
983,2vjau9OTEaM,내가.....고양이의 엄마?,I'm a mother to a cat? A colleague?,https://www.youtube.com/shorts/2vjau9OTEaM,https://www.youtube.com/watch?v=2vjau9OTEaM,shorts,shorts,shorts,,,,1600000,서사/상담,https://i.ytimg.com/vi/2vjau9OTEaM/oardefault.jpg?sqp=-oaymwEdCJUDENAFSFWQAgHyq4qpAwwIARUAAIhCcAHAAQY=&rs=AOn4CLCo_Kuz1aHSTQlwqfU4H_d7NKWG8g&usqp=CCk
984,0IHMSyIgH_w,릴스에서 많이 본 비명지르는 '그 고양이',릴스에서 많이 본 비명지르는 '그 고양이',https://www.youtube.com/shorts/0IHMSyIgH_w,https://www.youtube.com/watch?v=0IHMSyIgH_w,shorts,shorts,shorts,,,,90000,기타/엔터테인먼트,https://i.ytimg.com/vi/0IHMSyIgH_w/oardefault.jpg?sqp=-oaymwEdCJUDENAFSFWQAgHyq4qpAwwIARUAAIhCcAHAAQY=&rs=AOn4CLAv_jDjrJWPzh17LafDOKHDc-9PKA&usqp=CCk
985,qHIqtxJAhKg,"⛄️추운 겨울, 고양이와 운전자의 안전을 지키는 작은 습관","⛄️추운 겨울, 고양이와 운전자의 안전을 지키는 작은 습관",https://www.youtube.com/shorts/qHIqtxJAhKg,https://www.youtube.com/watch?v=qHIqtxJAhKg,shorts,shorts,shorts,,,,18000,관계/윤리,https://i.ytimg.com/vi/qHIqtxJAhKg/oardefault.jpg?sqp=-oaymwEdCJUDENAFSFWQAgHyq4qpAwwIARUAAIhCcAHAAQY=&rs=AOn4CLCoJL8OGa6zuUlJ7fb39f1Jsj7wUQ&usqp=CCk
986,iXM485uUiUw,꿍~심장 아픈 고양이 머리 박치기의 의미,꿍~심장 아픈 고양이 머리 박치기의 의미,https://www.youtube.com/shorts/iXM485uUiUw,https://www.youtube.com/watch?v=iXM485uUiUw,shorts,shorts,shorts,,,,42000,기타/엔터테인먼트,https://i.ytimg.com/vi/iXM485uUiUw/oardefault.jpg?sqp=-oaymwEdCJUDENAFSFWQAgHyq4qpAwwIARUAAIhCcAHAAQY=&rs=AOn4CLCZPOpkY_xr_6YNr54Ehueh5cSvbw&usqp=CCk
987,VH_NCK6DK2k,매일 남의 집 창고에 들어가는 도동고양이의 최후,매일 남의 집 창고에 들어가는 도동고양이의 최후,https://www.youtube.com/shorts/VH_NCK6DK2k,https://www.youtube.com/watch?v=VH_NCK6DK2k,shorts,shorts,shorts,,,,48000,기타/엔터테인먼트,https://i.ytimg.com/vi/VH_NCK6DK2k/oardefault.jpg?sqp=-oaymwEdCJUDENAFSFWQAgHyq4qpAwwIARUAAIhCcAHAAQY=&rs=AOn4CLBC1TkmnfhdlJoQN6wRYORMvx_hwg&usqp=CCk
988,dbWUL89KVEI,이 고양이에게 이름을 주지 않은 이유,이 고양이에게 이름을 주지 않은 이유,https://www.youtube.com/shorts/dbWUL89KVEI,https://www.youtube.com/watch?v=dbWUL89KVEI,shorts,shorts,shorts,,,,113000,서사/상담,https://i.ytimg.com/vi/dbWUL89KVEI/oardefault.jpg?sqp=-oaymwEdCJUDENAFSFWQAgHyq4qpAwwIARUAAIhCcAHAAQY=&rs=AOn4CLAl_DS_kcztyGKAK-UmkGT2Ici99A&usqp=CCk
989,BRnM4aqMS38,간식도 안먹는 입짧은 고양이 주목!,Attention picky cats who don't even eat snacks!,https://www.youtube.com/shorts/BRnM4aqMS38,https://www.youtube.com/watch?v=BRnM4aqMS38,shorts,shorts,shorts,,,,69000,생활/돌봄,https://i.ytimg.com/vi/BRnM4aqMS38/oardefault.jpg?sqp=-oaymwEdCJUDENAFSFWQAgHyq4qpAwwIARUAAIhCcAHAAQY=&rs=AOn4CLCWkIMDAcojHGlISB94yUWZM6GY2w&usqp=CCk
990,dy9sqEtKbIA,행복한 동물의 숲에 나타난 병든 고양이 주민🙀,A sick cat villager appears in Happy Animal Forest🙀,https://www.youtube.com/shorts/dy9sqEtKbIA,https://www.youtube.com/watch?v=dy9sqEtKbIA,shorts,shorts,shorts,,,,15000,기타/엔터테인먼트,https://i.ytimg.com/vi/dy9sqEtKbIA/oardefault.jpg?sqp=-oaymwEdCJUDENAFSFWQAgHyq4qpAwwIARUAAIhCcAHAAQY=&rs=AOn4CLDZ2CitTrcEfrIwonLDPbg0bze4SQ&usqp=CCk
991,LSSV9NW16W0,너를 키운건 얇디 얇은 내 지갑이란다😌💸,너를 키운건 얇디 얇은 내 지갑이란다😌💸,https://www.youtube.com/shorts/LSSV9NW16W0,https://www.youtube.com/watch?v=LSSV9NW16W0,shorts,shorts,shorts,,,,185000,기타/엔터테인먼트,https://i.ytimg.com/vi/LSSV9NW16W0/oardefault.jpg?sqp=-oaymwEdCJUDENAFSFWQAgHyq4qpAwwIARUAAIhCcAHAAQY=&rs=AOn4CLCHRplBJKQpX1ddYTz-FKzMeBZzqQ&usqp=CCk
992,p5966x1-R18,맵다 매워🌶️동물병원에 오는 고양이 환자 유형,맵다 매워🌶️동물병원에 오는 고양이 환자 유형,https://www.youtube.com/shorts/p5966x1-R18,https://www.youtube.com/watch?v=p5966x1-R18,shorts,shorts,shorts,,,,238000,건강/진료,https://i.ytimg.com/vi/p5966x1-R18/oardefault.jpg?sqp=-oaymwEdCJUDENAFSFWQAgHyq4qpAwwIARUAAIhCcAHAAQY=&rs=AOn4CLBLeMkz8MAkYIhfgRQEJNL-NdSX-g&usqp=CCk
993,LWXUNol1HNE,맞고 있는게 아닙니다,Why does this cat keep getting hit?,https://www.youtube.com/shorts/LWXUNol1HNE,https://www.youtube.com/watch?v=LWXUNol1HNE,shorts,shorts,shorts,,,,854000,기타/엔터테인먼트,https://i.ytimg.com/vi/LWXUNol1HNE/oardefault.jpg?sqp=-oaymwEdCJUDENAFSFWQAgHyq4qpAwwIARUAAIhCcAHAAQY=&rs=AOn4CLBQsVAqn16OEE-K-2AcwEfhEykwhA&usqp=CCk
994,xs9OVvjxrTI,까만코 고양이 특(농담입니다),까만코 고양이 특(농담입니다),https://www.youtube.com/shorts/xs9OVvjxrTI,https://www.youtube.com/watch?v=xs9OVvjxrTI,shorts,shorts,shorts,,,,81000,기타/엔터테인먼트,https://i.ytimg.com/vi/xs9OVvjxrTI/oardefault.jpg?sqp=-oaymwEdCJUDENAFSFWQAgHyq4qpAwwIARUAAIhCcAHAAQY=&rs=AOn4CLBOgkpHkIPgQfVk9v1wOf76RKpD8Q&usqp=CCk
995,GAMS9r5lUt4,고양이를 불행하게 하고 있진 않나요?,고양이를 불행하게 하고 있진 않나요?,https://www.youtube.com/shorts/GAMS9r5lUt4,https://www.youtube.com/watch?v=GAMS9r5lUt4,shorts,shorts,shorts,,,,69000,기타/엔터테인먼트,https://i.ytimg.com/vi/GAMS9r5lUt4/oardefault.jpg?sqp=-oaymwEdCJUDENAFSFWQAgHyq4qpAwwIARUAAIhCcAHAAQY=&rs=AOn4CLCABAPvmRwZxhScgxL4ImhflfBgdg&usqp=CCk
996,FuK5v4aLI_0,유명 고양이수의사의 민낯🫢,유명 고양이수의사의 민낯🫢,https://www.youtube.com/shorts/FuK5v4aLI_0,https://www.youtube.com/watch?v=FuK5v4aLI_0,shorts,shorts,shorts,,,,59000,건강/진료,https://i.ytimg.com/vi/FuK5v4aLI_0/oar2.jpg?sqp=-oaymwEdCJUDENAFSFWQAgHyq4qpAwwIARUAAIhCcAHAAQY=&rs=AOn4CLCy3gKdtE2QfJIGTUxsmEhrM7Ro9g&usqp=CCk
997,Vg7C7CE8QNk,[근황올림픽] 그렇게 생강은 안 먹는다던 그 고양이😅,[근황올림픽] 그렇게 생강은 안 먹는다던 그 고양이😅,https://www.youtube.com/shorts/Vg7C7CE8QNk,https://www.youtube.com/watch?v=Vg7C7CE8QNk,shorts,shorts,shorts,,,,143000,기타/엔터테인먼트,https://i.ytimg.com/vi/Vg7C7CE8QNk/oardefault.jpg?sqp=-oaymwEdCJUDENAFSFWQAgHyq4qpAwwIARUAAIhCcAHAAQY=&rs=AOn4CLABXc10gQ5ULAgfjXRELg6KiIeGcQ&usqp=CCk
998,vR_flyhUtZA,똥관종,Shit-eater,https://www.youtube.com/shorts/vR_flyhUtZA,https://www.youtube.com/watch?v=vR_flyhUtZA,shorts,shorts,shorts,,,,99000,기타/엔터테인먼트,https://i.ytimg.com/vi/vR_flyhUtZA/oardefault.jpg?sqp=-oaymwEdCJUDENAFSFWQAgHyq4qpAwwIARUAAIhCcAHAAQY=&rs=AOn4CLAEM7EophrjLCw7HTB2r2PU6uA6QA&usqp=CCk
999,AV6ZAg7P564,고양이가 혼자 병원에 왔다?!,A cat came to the hospital alone?!,https://www.youtube.com/shorts/AV6ZAg7P564,https://www.youtube.com/watch?v=AV6ZAg7P564,shorts,shorts,shorts,,,,96000,건강/진료,https://i.ytimg.com/vi/AV6ZAg7P564/oardefault.jpg?sqp=-oaymwEdCJUDENAFSFWQAgHyq4qpAwwIARUAAIhCcAHAAQY=&rs=AOn4CLD8wWaIPT36AekxrWRJbf6gfnPCbg&usqp=CCk
1000,YFt1vSEvE6o,이게 고양인지 늑댄지 왜 밤만 되면 우는지,Is this a cat or a wolf? Why does it cry at night?,https://www.youtube.com/shorts/YFt1vSEvE6o,https://www.youtube.com/watch?v=YFt1vSEvE6o,shorts,shorts,shorts,,,,51000,기타/엔터테인먼트,https://i.ytimg.com/vi/YFt1vSEvE6o/oardefault.jpg?sqp=-oaymwEdCJUDENAFSFWQAgHyq4qpAwwIARUAAIhCcAHAAQY=&rs=AOn4CLB-K0Mav5pOdQFmN5ywBygOVblgDg&usqp=CCk
1001,JTxXKTqs6nA,나를 불쌍해 하는 고양이...왜 먹다 남긴거 주는건데,A cat that gives me food,https://www.youtube.com/shorts/JTxXKTqs6nA,https://www.youtube.com/watch?v=JTxXKTqs6nA,shorts,shorts,shorts,,,,581000,기타/엔터테인먼트,https://i.ytimg.com/vi/JTxXKTqs6nA/oardefault.jpg?sqp=-oaymwEdCJUDENAFSFWQAgHyq4qpAwwIARUAAIhCcAHAAQY=&rs=AOn4CLCvUoA353AqzRWOE1k8Smv-l0UmFw&usqp=CCk
1002,cIJxHJrmxTA,우리 고양이 조금 모자라지만 착한 고앵이에요,우리 고양이 조금 모자라지만 착한 고앵이에요,https://www.youtube.com/shorts/cIJxHJrmxTA,https://www.youtube.com/watch?v=cIJxHJrmxTA,shorts,shorts,shorts,,,,136000,기타/엔터테인먼트,https://i.ytimg.com/vi/cIJxHJrmxTA/oardefault.jpg?sqp=-oaymwEdCJUDENAFSFWQAgHyq4qpAwwIARUAAIhCcAHAAQY=&rs=AOn4CLAp6HaOrSFExRIJRE-Rv_Km9_NnGg&usqp=CCk
1003,xVaFvIV56dc,길냥이가 맛있는 걸 먹자마자 하는 행동,What cats do when they eat something delicious,https://www.youtube.com/shorts/xVaFvIV56dc,https://www.youtube.com/watch?v=xVaFvIV56dc,shorts,shorts,shorts,,,,1000000,행동/감정,https://i.ytimg.com/vi/xVaFvIV56dc/oardefault.jpg?sqp=-oaymwEdCJUDENAFSFWQAgHyq4qpAwwIARUAAIhCcAHAAQY=&rs=AOn4CLBnCNknjma42eEWSdc-We3_3JDYeQ&usqp=CCk
1004,6RAKxIwyDhA,고양이가 사냥놀이 안 하는 이유,Why Cats Don't Play Hunting,https://www.youtube.com/shorts/6RAKxIwyDhA,https://www.youtube.com/watch?v=6RAKxIwyDhA,shorts,shorts,shorts,,,,213000,행동/감정,https://i.ytimg.com/vi/6RAKxIwyDhA/oardefault.jpg?sqp=-oaymwEdCJUDENAFSFWQAgHyq4qpAwwIARUAAIhCcAHAAQY=&rs=AOn4CLAEdcAKlKQhY-sG9nDCC3NR84qImw&usqp=CCk
1005,3z1gn9B_Vi0,수의사가 동물병원 게임을 하면 생기는 일,수의사가 동물병원 게임을 하면 생기는 일,https://www.youtube.com/shorts/3z1gn9B_Vi0,https://www.youtube.com/watch?v=3z1gn9B_Vi0,shorts,shorts,shorts,,,,31000,건강/진료,https://i.ytimg.com/vi/3z1gn9B_Vi0/oardefault.jpg?sqp=-oaymwEdCJUDENAFSFWQAgHyq4qpAwwIARUAAIhCcAHAAQY=&rs=AOn4CLDjg23pHrHw9qQa5ijk-W-hkGKuiQ&usqp=CCk
1006,4nNyn-N3WX4,앞으론 고양이 이렇게 안아주세요,Hold the cat like this,https://www.youtube.com/shorts/4nNyn-N3WX4,https://www.youtube.com/watch?v=4nNyn-N3WX4,shorts,shorts,shorts,,,,4700000,기타/엔터테인먼트,https://i.ytimg.com/vi/4nNyn-N3WX4/oardefault.jpg?sqp=-oaymwEdCJUDENAFSFWQAgHyq4qpAwwIARUAAIhCcAHAAQY=&rs=AOn4CLDHCdv5p1pL2DUeIIpS0PUb4EjqSA&usqp=CCk
1007,93LZr7KTdO0,고양이 중에서 성격이 가장 순하다는 이 고양이,This cat is said to have the most gentle personality among cats.,https://www.youtube.com/shorts/93LZr7KTdO0,https://www.youtube.com/watch?v=93LZr7KTdO0,shorts,shorts,shorts,,,,205000,행동/감정,https://i.ytimg.com/vi/93LZr7KTdO0/oardefault.jpg?sqp=-oaymwEdCJUDENAFSFWQAgHyq4qpAwwIARUAAIhCcAHAAQY=&rs=AOn4CLAA6Ev08Pn3b1ffydbxu2FTP0eMPw&usqp=CCk
1008,QfPoIFZaA3o,생강 사오지 마세요 고양이의 진심,"Don't Buy Ginger, Cat's Truth",https://www.youtube.com/shorts/QfPoIFZaA3o,https://www.youtube.com/watch?v=QfPoIFZaA3o,shorts,shorts,shorts,,,,239000,기타/엔터테인먼트,https://i.ytimg.com/vi/QfPoIFZaA3o/oardefault.jpg?sqp=-oaymwEdCJUDENAFSFWQAgHyq4qpAwwIARUAAIhCcAHAAQY=&rs=AOn4CLCZUBCuAMspBM5Sp2AQMHs_FIi5bw&usqp=CCk
1009,_c6Mg-qrAmk,고양이가 집사를 엄마로 생각할 때 이 행동을 합니다,Evidence that cats think I'm a mother,https://www.youtube.com/shorts/_c6Mg-qrAmk,https://www.youtube.com/watch?v=_c6Mg-qrAmk,shorts,shorts,shorts,,,,276000,행동/감정;관계/윤리;서사/상담,https://i.ytimg.com/vi/_c6Mg-qrAmk/oardefault.jpg?sqp=-oaymwEdCJUDENAFSFWQAgHyq4qpAwwIARUAAIhCcAHAAQY=&rs=AOn4CLCXZZaqinslM3uDDXhGEpjBVOCzQQ&usqp=CCk
1010,ewYro5kUu8g,인간 고양이 그 자체라는 이 MBTI,인간 고양이 그 자체라는 이 MBTI,https://www.youtube.com/shorts/ewYro5kUu8g,https://www.youtube.com/watch?v=ewYro5kUu8g,shorts,shorts,shorts,,,,87000,기타/엔터테인먼트,https://i.ytimg.com/vi/ewYro5kUu8g/oardefault.jpg?sqp=-oaymwEdCJUDENAFSFWQAgHyq4qpAwwIARUAAIhCcAHAAQY=&rs=AOn4CLAXyGM7w5D87oRzUYO3EZIu8cLiXQ&usqp=CCk
1011,oPN6NCMjeNU,동물병원에 오는 고양이 특징,the cat types that come to the veterinary clinic,https://www.youtube.com/shorts/oPN6NCMjeNU,https://www.youtube.com/watch?v=oPN6NCMjeNU,shorts,shorts,shorts,,,,105000,건강/진료,https://i.ytimg.com/vi/oPN6NCMjeNU/oardefault.jpg?sqp=-oaymwEdCJUDENAFSFWQAgHyq4qpAwwIARUAAIhCcAHAAQY=&rs=AOn4CLDSJAUz7nWB3ZCB4mubMjt5Z4_mSA&usqp=CCk
1012,TRW0YhT6VF0,집에서 쉽게 만드는 초간단 먹이퍼즐,집에서 쉽게 만드는 초간단 먹이퍼즐,https://www.youtube.com/shorts/TRW0YhT6VF0,https://www.youtube.com/watch?v=TRW0YhT6VF0,shorts,shorts,shorts,,,,40000,기타/엔터테인먼트,https://i.ytimg.com/vi/TRW0YhT6VF0/oardefault.jpg?sqp=-oaymwEdCJUDENAFSFWQAgHyq4qpAwwIARUAAIhCcAHAAQY=&rs=AOn4CLBTpGNOQ_0jAatwCt64NN5W0oMGQg&usqp=CCk
1013,xKGc42vLKtE,수의사가 보는 동숲 인기 주민 잭슨의 실체,What if Jackson in 'Animal Crossing' was a real cat?,https://www.youtube.com/shorts/xKGc42vLKtE,https://www.youtube.com/watch?v=xKGc42vLKtE,shorts,shorts,shorts,,,,41000,건강/진료,https://i.ytimg.com/vi/xKGc42vLKtE/oardefault.jpg?sqp=-oaymwEdCJUDENAFSFWQAgHyq4qpAwwIARUAAIhCcAHAAQY=&rs=AOn4CLDfKQ0Ml-Iw2Jd4bJvGStncT3G_pw&usqp=CCk
1014,RPEJVZJRQKk,고양이가 모래 안 덮고 벽 긁는 이유,Why Cats Scratch Bathroom Walls,https://www.youtube.com/shorts/RPEJVZJRQKk,https://www.youtube.com/watch?v=RPEJVZJRQKk,shorts,shorts,shorts,,,,80000,생활/돌봄,https://i.ytimg.com/vi/RPEJVZJRQKk/oardefault.jpg?sqp=-oaymwEdCJUDENAFSFWQAgHyq4qpAwwIARUAAIhCcAHAAQY=&rs=AOn4CLDwxtZdQHuRxYa_kS1_duWxDzaNzQ&usqp=CCk
1015,ouZxAO55gHc,고양이가 나를 친구로 생각하는지 아는 방법,How to know if cats think I'm a friend,https://www.youtube.com/shorts/ouZxAO55gHc,https://www.youtube.com/watch?v=ouZxAO55gHc,shorts,shorts,shorts,,,,2900000,기타/엔터테인먼트,https://i.ytimg.com/vi/ouZxAO55gHc/oardefault.jpg?sqp=-oaymwEdCJUDENAFSFWQAgHyq4qpAwwIARUAAIhCcAHAAQY=&rs=AOn4CLDHuzxt9wEHg_r8kPVux6srqamE9A&usqp=CCk
1016,0ABEaXl2QOQ,고양이밈 원본을 분석했더니..!,a cat's foul language,https://www.youtube.com/shorts/0ABEaXl2QOQ,https://www.youtube.com/watch?v=0ABEaXl2QOQ,shorts,shorts,shorts,,,,667000,기타/엔터테인먼트,https://i.ytimg.com/vi/0ABEaXl2QOQ/oardefault.jpg?sqp=-oaymwEdCJUDENAFSFWQAgHyq4qpAwwIARUAAIhCcAHAAQY=&rs=AOn4CLA88UrcHStL0DyplPXV06es1oUV0w&usqp=CCk
1017,DMdWAY1mQgw,왜 망했는지 미야옹철만 모르는 조회수 꼴등 영상,"The video with the lowest number of views, only Meow Cheol doesn't know why it failed.",https://www.youtube.com/shorts/DMdWAY1mQgw,https://www.youtube.com/watch?v=DMdWAY1mQgw,shorts,shorts,shorts,,,,58000,기타/엔터테인먼트,https://i.ytimg.com/vi/DMdWAY1mQgw/oardefault.jpg?sqp=-oaymwEdCJUDENAFSFWQAgHyq4qpAwwIARUAAIhCcAHAAQY=&rs=AOn4CLBkW5AyAoxUQ6e-fl0dSblaL8ZtsA&usqp=CCk
1018,JrLnmyNAuGw,고양이가 식빵자세로 자는 이유,Why Cats Sleep in the Loaf of Bread Position,https://www.youtube.com/shorts/JrLnmyNAuGw,https://www.youtube.com/watch?v=JrLnmyNAuGw,shorts,shorts,shorts,,,,168000,기타/엔터테인먼트,https://i.ytimg.com/vi/JrLnmyNAuGw/oardefault.jpg?sqp=-oaymwEdCJUDENAFSFWQAgHyq4qpAwwIARUAAIhCcAHAAQY=&rs=AOn4CLBQF4ayeS81QyCLR4iW2QedL4YFew&usqp=CCk
1019,McJwp5oGvzQ,고양이와 안 맞는 MBTI 특징,MBTI with cats,https://www.youtube.com/shorts/McJwp5oGvzQ,https://www.youtube.com/watch?v=McJwp5oGvzQ,shorts,shorts,shorts,,,,80000,기타/엔터테인먼트,https://i.ytimg.com/vi/McJwp5oGvzQ/oardefault.jpg?sqp=-oaymwEdCJUDENAFSFWQAgHyq4qpAwwIARUAAIhCcAHAAQY=&rs=AOn4CLCNMQ28S2hwYDSTU4HSz-5az7cdbQ&usqp=CCk
1020,RMb8NAhZktM,고양이랑 이렇게 닮은 집사 처음 봅니다,This is the first time I've seen a butler who looks so much like a cat.,https://www.youtube.com/shorts/RMb8NAhZktM,https://www.youtube.com/watch?v=RMb8NAhZktM,shorts,shorts,shorts,,,,150000,관계/윤리,https://i.ytimg.com/vi/RMb8NAhZktM/oardefault.jpg?sqp=-oaymwEdCJUDENAFSFWQAgHyq4qpAwwIARUAAIhCcAHAAQY=&rs=AOn4CLAYgSp6HlghJfPQaVF5dAUPD8oUfA&usqp=CCk
1021,wpAhU0PTrH8,고양이가 간식 냄새만 맡고 발로 덮는 이유,the psychology of a cat that buries its prey without eating it,https://www.youtube.com/shorts/wpAhU0PTrH8,https://www.youtube.com/watch?v=wpAhU0PTrH8,shorts,shorts,shorts,,,,263000,생활/돌봄,https://i.ytimg.com/vi/wpAhU0PTrH8/oardefault.jpg?sqp=-oaymwEdCJUDENAFSFWQAgHyq4qpAwwIARUAAIhCcAHAAQY=&rs=AOn4CLB9JxujLqNSUOfg7dDJqxCTWwVZog&usqp=CCk
1022,WvDnnQPEhto,수의사도 무서워하는 고양이의 정체는?,수의사도 무서워하는 고양이의 정체는?,https://www.youtube.com/shorts/WvDnnQPEhto,https://www.youtube.com/watch?v=WvDnnQPEhto,shorts,shorts,shorts,,,,177000,건강/진료,https://i.ytimg.com/vi/WvDnnQPEhto/oardefault.jpg?sqp=-oaymwEdCJUDENAFSFWQAgHyq4qpAwwIARUAAIhCcAHAAQY=&rs=AOn4CLD9niRbfRlvExyEPKCeL5hkulYSpw&usqp=CCk
1023,tf72X8W8YeA,주문하신 고양이 부리또 나왔습니다🌯,a burrito-like cat,https://www.youtube.com/shorts/tf72X8W8YeA,https://www.youtube.com/watch?v=tf72X8W8YeA,shorts,shorts,shorts,,,,2500000,기타/엔터테인먼트,https://i.ytimg.com/vi/tf72X8W8YeA/oardefault.jpg?sqp=-oaymwEdCJUDENAFSFWQAgHyq4qpAwwIARUAAIhCcAHAAQY=&rs=AOn4CLBmCsI2gzEkzh77EY_Y-mLe861bYg&usqp=CCk
1024,QNmMjlrj8tY,고양이가 개보다 집사를 더 사랑한다는 증거,Cats follow their owners better than dogs?,https://www.youtube.com/shorts/QNmMjlrj8tY,https://www.youtube.com/watch?v=QNmMjlrj8tY,shorts,shorts,shorts,,,,185000,관계/윤리,https://i.ytimg.com/vi/QNmMjlrj8tY/oardefault.jpg?sqp=-oaymwEdCJUDENAFSFWQAgHyq4qpAwwIARUAAIhCcAHAAQY=&rs=AOn4CLDZDafGlfp8X3P77UvCG3yWbvjb2w&usqp=CCk
1025,J2JMgfBIT9M,고양이가 여기서 잔다면 집사를 진짜 신뢰하는 겁니다,"If a cat sleeps here, it means it trusts the butler",https://www.youtube.com/shorts/J2JMgfBIT9M,https://www.youtube.com/watch?v=J2JMgfBIT9M,shorts,shorts,shorts,,,,986000,관계/윤리,https://i.ytimg.com/vi/J2JMgfBIT9M/oardefault.jpg?sqp=-oaymwEdCJUDENAFSFWQAgHyq4qpAwwIARUAAIhCcAHAAQY=&rs=AOn4CLBOos_ocMLy_J14JN-lKrT6wJyeeA&usqp=CCk
1026,Th9igPP144A,가장 병원에 많이 오는 고양이 질병 1위!,Why cats come to the animal hospital,https://www.youtube.com/shorts/Th9igPP144A,https://www.youtube.com/watch?v=Th9igPP144A,shorts,shorts,shorts,,,,48000,건강/진료,https://i.ytimg.com/vi/Th9igPP144A/oardefault.jpg?sqp=-oaymwEdCJUDENAFSFWQAgHyq4qpAwwIARUAAIhCcAHAAQY=&rs=AOn4CLAPCYVczBwe6LohoAF_NhOA8qm4_A&usqp=CCk
1027,ZHCh4IRqHiM,고양이가 나를 사랑하는지 확인하는 법,How to make sure my cat loves me,https://www.youtube.com/shorts/ZHCh4IRqHiM,https://www.youtube.com/watch?v=ZHCh4IRqHiM,shorts,shorts,shorts,,,,118000,기타/엔터테인먼트,https://i.ytimg.com/vi/ZHCh4IRqHiM/oardefault.jpg?sqp=-oaymwEdCJUDENAFSFWQAgHyq4qpAwwIARUAAIhCcAHAAQY=&rs=AOn4CLBAXsAvEt0IvUaL9S2E-BT7H_5urg&usqp=CCk
1028,MMzo_HTfI7c,고양이 사료토 어느 정도면 정상인가요?,Why cats should watch their eating behavior carefully,https://www.youtube.com/shorts/MMzo_HTfI7c,https://www.youtube.com/watch?v=MMzo_HTfI7c,shorts,shorts,shorts,,,,148000,건강/진료;생활/돌봄,https://i.ytimg.com/vi/MMzo_HTfI7c/oardefault.jpg?sqp=-oaymwEdCJUDENAFSFWQAgHyq4qpAwwIARUAAIhCcAHAAQY=&rs=AOn4CLAaMEOYq78a_B11XGINgylPR5AFCw&usqp=CCk
1029,hXtZWz4O30E,물 위를 걷는 수속성 고양이의 등장,a cat walking on water,https://www.youtube.com/shorts/hXtZWz4O30E,https://www.youtube.com/watch?v=hXtZWz4O30E,shorts,shorts,shorts,,,,58000,기타/엔터테인먼트,https://i.ytimg.com/vi/hXtZWz4O30E/oardefault.jpg?sqp=-oaymwEdCJUDENAFSFWQAgHyq4qpAwwIARUAAIhCcAHAAQY=&rs=AOn4CLDFsjU-_XNnZPUR2ChHHFfLyaDalQ&usqp=CCk
1030,8J2ngDNb-TM,고양이 집사가 더 똑똑하다는 연구 결과가 있다고?,고양이 집사가 더 똑똑하다는 연구 결과가 있다고?,https://www.youtube.com/shorts/8J2ngDNb-TM,https://www.youtube.com/watch?v=8J2ngDNb-TM,shorts,shorts,shorts,,,,24000,관계/윤리,https://i.ytimg.com/vi/8J2ngDNb-TM/oardefault.jpg?sqp=-oaymwEdCJUDENAFSFWQAgHyq4qpAwwIARUAAIhCcAHAAQY=&rs=AOn4CLAcMlBBqzpJUSDatMoEF4mQDVe7MQ&usqp=CCk
1031,RdqdsLvvmkE,사람을 무는 고양이는 이렇게 대처하세요,Why Cats Bite,https://www.youtube.com/shorts/RdqdsLvvmkE,https://www.youtube.com/watch?v=RdqdsLvvmkE,shorts,shorts,shorts,,,,952000,행동/감정,https://i.ytimg.com/vi/RdqdsLvvmkE/oardefault.jpg?sqp=-oaymwEdCJUDENAFSFWQAgHyq4qpAwwIARUAAIhCcAHAAQY=&rs=AOn4CLBSF-HBnHUrgLTByu8_2jvat4RCJg&usqp=CCk
1032,pK9tlsJ7DZQ,역대급 묘한 관상을 가진 고양이,A cat with an unusual physiognomy,https://www.youtube.com/shorts/pK9tlsJ7DZQ,https://www.youtube.com/watch?v=pK9tlsJ7DZQ,shorts,shorts,shorts,,,,23000,기타/엔터테인먼트,https://i.ytimg.com/vi/pK9tlsJ7DZQ/oardefault.jpg?sqp=-oaymwEdCJUDENAFSFWQAgHyq4qpAwwIARUAAIhCcAHAAQY=&rs=AOn4CLAtrEMLRpluDmK1z2QXJE-sUytCrg&usqp=CCk
1033,rI7pb6mc9_c,고양이밈 해피캣 실체가 이렇다고?,A cat jumping up and down because it's happy?,https://www.youtube.com/shorts/rI7pb6mc9_c,https://www.youtube.com/watch?v=rI7pb6mc9_c,shorts,shorts,shorts,,,,56000,기타/엔터테인먼트,https://i.ytimg.com/vi/rI7pb6mc9_c/oardefault.jpg?sqp=-oaymwEdCJUDENAFSFWQAgHyq4qpAwwIARUAAIhCcAHAAQY=&rs=AOn4CLD49-O5FyQxOZi1bg8VusX8cNWpuw&usqp=CCk
1034,EU4z2WPTSnc,집사 바지 벗기는 게 취미인 고양이가 있다?,집사 바지 벗기는 게 취미인 고양이가 있다?,https://www.youtube.com/shorts/EU4z2WPTSnc,https://www.youtube.com/watch?v=EU4z2WPTSnc,shorts,shorts,shorts,,,,26000,관계/윤리,https://i.ytimg.com/vi/EU4z2WPTSnc/oardefault.jpg?sqp=-oaymwEdCJUDENAFSFWQAgHyq4qpAwwIARUAAIhCcAHAAQY=&rs=AOn4CLA2VS7vzs9ovsLalCj-sOn11ZJLNw&usqp=CCk
1035,fX7a5GSwhfk,마음이 불안한 고양이는 이렇게 울어요,"If a cat cries like this, it's a serious problem!",https://www.youtube.com/shorts/fX7a5GSwhfk,https://www.youtube.com/watch?v=fX7a5GSwhfk,shorts,shorts,shorts,,,,418000,행동/감정,https://i.ytimg.com/vi/fX7a5GSwhfk/oardefault.jpg?sqp=-oaymwEdCJUDENAFSFWQAgHyq4qpAwwIARUAAIhCcAHAAQY=&rs=AOn4CLCBU9wifelivr5gZvhMJBVdsxl1Iw&usqp=CCk
1036,MpW3aXdQO2g,고양이 앞에서 옷 벗지 마세요🫣,Don't take off your clothes in front of the cat,https://www.youtube.com/shorts/MpW3aXdQO2g,https://www.youtube.com/watch?v=MpW3aXdQO2g,shorts,shorts,shorts,,,,242000,기타/엔터테인먼트,https://i.ytimg.com/vi/MpW3aXdQO2g/oardefault.jpg?sqp=-oaymwEdCJUDENAFSFWQAgHyq4qpAwwIARUAAIhCcAHAAQY=&rs=AOn4CLDjwkIHLm0BMjz70bafWJTwnSlO9Q&usqp=CCk
1037,FAWWSSgfuek,나에게는 과분한 너의 돈고..,나에게는 과분한 너의 돈고..,https://www.youtube.com/shorts/FAWWSSgfuek,https://www.youtube.com/watch?v=FAWWSSgfuek,shorts,shorts,shorts,,,,575000,기타/엔터테인먼트,https://i.ytimg.com/vi/FAWWSSgfuek/oardefault.jpg?sqp=-oaymwEdCJUDENAFSFWQAgHyq4qpAwwIARUAAIhCcAHAAQY=&rs=AOn4CLAS0KaMDU5h8XTdjjU_L0OCL2JeAg&usqp=CCk
1038,du2OGiDBNqI,길냥이에게 사랑을 주면 생기는 엄청난 변화,The altered appearance of a cat living with a human being,https://www.youtube.com/shorts/du2OGiDBNqI,https://www.youtube.com/watch?v=du2OGiDBNqI,shorts,shorts,shorts,,,,53000,기타/엔터테인먼트,https://i.ytimg.com/vi/du2OGiDBNqI/oardefault.jpg?sqp=-oaymwEdCJUDENAFSFWQAgHyq4qpAwwIARUAAIhCcAHAAQY=&rs=AOn4CLBsZDV8jql6ywJ_cGuzxOdvPcVQkw&usqp=CCk
1039,V975wWVAwJg,수의사에게 동숲을 시켜보았다 (절망편),수의사에게 동숲을 시켜보았다 (절망편),https://www.youtube.com/shorts/V975wWVAwJg,https://www.youtube.com/watch?v=V975wWVAwJg,shorts,shorts,shorts,,,,24000,건강/진료,https://i.ytimg.com/vi/V975wWVAwJg/oardefault.jpg?sqp=-oaymwEdCJUDENAFSFWQAgHyq4qpAwwIARUAAIhCcAHAAQY=&rs=AOn4CLBOyPflBLR2YZuwcS6B4k_A1YUJjA&usqp=CCk
1040,VA8ecACrg0k,고양이가 밥 먹을 때 5초만 지켜보세요,Watch your cat for just 5 seconds while it eats.,https://www.youtube.com/shorts/VA8ecACrg0k,https://www.youtube.com/watch?v=VA8ecACrg0k,shorts,shorts,shorts,,,,243000,생활/돌봄,https://i.ytimg.com/vi/VA8ecACrg0k/oardefault.jpg?sqp=-oaymwEdCJUDENAFSFWQAgHyq4qpAwwIARUAAIhCcAHAAQY=&rs=AOn4CLB7ES_o7aWC-Rze_yjBWxPQmez_og&usqp=CCk
1041,rjeVwJgof48,식탁 빌런 고양이,식탁 빌런 고양이,https://www.youtube.com/shorts/rjeVwJgof48,https://www.youtube.com/watch?v=rjeVwJgof48,shorts,shorts,shorts,,,,513000,기타/엔터테인먼트,https://i.ytimg.com/vi/rjeVwJgof48/oardefault.jpg?sqp=-oaymwEdCJUDENAFSFWQAgHyq4qpAwwIARUAAIhCcAHAAQY=&rs=AOn4CLBAkd6yEx8eQdX2pBhBtIJWzJ1VGg&usqp=CCk
1042,fFD5vF1RVIk,쇼츠에 자주 보이던 고양이의 진실,"The real meaning of ""meme"" is cat",https://www.youtube.com/shorts/fFD5vF1RVIk,https://www.youtube.com/watch?v=fFD5vF1RVIk,shorts,shorts,shorts,,,,64000,기타/엔터테인먼트,https://i.ytimg.com/vi/fFD5vF1RVIk/oardefault.jpg?sqp=-oaymwEdCJUDENAFSFWQAgHyq4qpAwwIARUAAIhCcAHAAQY=&rs=AOn4CLB7G1xL7d_E_8fO3XhvAnHc30g5Qw&usqp=CCk
1043,3bfMMiCSjSA,우린 그걸 호랑이라고 부르기로 했어요,"Balance game, what's the vet's choice?",https://www.youtube.com/shorts/3bfMMiCSjSA,https://www.youtube.com/watch?v=3bfMMiCSjSA,shorts,shorts,shorts,,,,43000,기타/엔터테인먼트,https://i.ytimg.com/vi/3bfMMiCSjSA/oardefault.jpg?sqp=-oaymwEdCJUDENAFSFWQAgHyq4qpAwwIARUAAIhCcAHAAQY=&rs=AOn4CLCnP8__FnnQZar8k3WEnr7uc7vGQA&usqp=CCk
1044,Oc80dQw6sQM,코숏 이 무늬 고양이는 선택받았습니다,The cat in this color was chosen,https://www.youtube.com/shorts/Oc80dQw6sQM,https://www.youtube.com/watch?v=Oc80dQw6sQM,shorts,shorts,shorts,,,,1300000,품종/지식,https://i.ytimg.com/vi/Oc80dQw6sQM/oardefault.jpg?sqp=-oaymwEdCJUDENAFSFWQAgHyq4qpAwwIARUAAIhCcAHAAQY=&rs=AOn4CLAtrg7jj_IOEnN38TseQQZwJCWudg&usqp=CCk
1045,VhYrZb48ADU,수의사 17년이면 고양이어를 배웁니다,수의사 17년이면 고양이어를 배웁니다,https://www.youtube.com/shorts/VhYrZb48ADU,https://www.youtube.com/watch?v=VhYrZb48ADU,shorts,shorts,shorts,,,,64000,건강/진료,https://i.ytimg.com/vi/VhYrZb48ADU/oardefault.jpg?sqp=-oaymwEdCJUDENAFSFWQAgHyq4qpAwwIARUAAIhCcAHAAQY=&rs=AOn4CLAG6MwO8i-dvWM5vxFLm6q21Y0O7w&usqp=CCk
1046,mEWden4lV1o,꼬순내로 고양이가 아픈지 알 수 있다?,꼬순내로 고양이가 아픈지 알 수 있다?,https://www.youtube.com/shorts/mEWden4lV1o,https://www.youtube.com/watch?v=mEWden4lV1o,shorts,shorts,shorts,,,,84000,기타/엔터테인먼트,https://i.ytimg.com/vi/mEWden4lV1o/oardefault.jpg?sqp=-oaymwEdCJUDENAFSFWQAgHyq4qpAwwIARUAAIhCcAHAAQY=&rs=AOn4CLDPug-hHrKCwuCJHsI01zyCviJA6A&usqp=CCk
1047,uxf3zzInjEk,고양이와 오래 함께 하고 싶은 분은 보세요,고양이와 오래 함께 하고 싶은 분은 보세요,https://www.youtube.com/shorts/uxf3zzInjEk,https://www.youtube.com/watch?v=uxf3zzInjEk,shorts,shorts,shorts,,,,73000,기타/엔터테인먼트,https://i.ytimg.com/vi/uxf3zzInjEk/oardefault.jpg?sqp=-oaymwEdCJUDENAFSFWQAgHyq4qpAwwIARUAAIhCcAHAAQY=&rs=AOn4CLCshOvGeKBqjEiNrymV5Rcr43nICQ&usqp=CCk
1048,piUaAAHolrs,길가다가 이런 고양이를 유심히 보세요,How to recognize a cat who will pick me in 3 sec,https://www.youtube.com/shorts/piUaAAHolrs,https://www.youtube.com/watch?v=piUaAAHolrs,shorts,shorts,shorts,,,,528000,기타/엔터테인먼트,https://i.ytimg.com/vi/piUaAAHolrs/oardefault.jpg?sqp=-oaymwEdCJUDENAFSFWQAgHyq4qpAwwIARUAAIhCcAHAAQY=&rs=AOn4CLADEF2yaEyvzy55-PSupFvet_zBuQ&usqp=CCk
1049,sGExDWcp7OQ,나오세요 고양이!월세 따블로 내세요.,나오세요 고양이!월세 따블로 내세요.,https://www.youtube.com/shorts/sGExDWcp7OQ,https://www.youtube.com/watch?v=sGExDWcp7OQ,shorts,shorts,shorts,,,,38000,기타/엔터테인먼트,https://i.ytimg.com/vi/sGExDWcp7OQ/oardefault.jpg?sqp=-oaymwEdCJUDENAFSFWQAgHyq4qpAwwIARUAAIhCcAHAAQY=&rs=AOn4CLDBsgJkwDLwrZcTLeLQ_bG8JUYnCg&usqp=CCk
1050,ESteDIVFsC8,고양이가 '이곳'에서는 절대로 자면 안됩니다!,A place where cats should never sleep,https://www.youtube.com/shorts/ESteDIVFsC8,https://www.youtube.com/watch?v=ESteDIVFsC8,shorts,shorts,shorts,,,,1000000,기타/엔터테인먼트,https://i.ytimg.com/vi/ESteDIVFsC8/oardefault.jpg?sqp=-oaymwEdCJUDENAFSFWQAgHyq4qpAwwIARUAAIhCcAHAAQY=&rs=AOn4CLCfJ1GCXhX7UWkIPB5mCBk6Kw2KDg&usqp=CCk
1051,l1VS9tv2VEk,우리집 주인님이 날 좋아하는지 궁금하다면?,If you're wondering if your landlord likes you?,https://www.youtube.com/shorts/l1VS9tv2VEk,https://www.youtube.com/watch?v=l1VS9tv2VEk,shorts,shorts,shorts,,,,230000,기타/엔터테인먼트,https://i.ytimg.com/vi/l1VS9tv2VEk/oardefault.jpg?sqp=-oaymwEdCJUDENAFSFWQAgHyq4qpAwwIARUAAIhCcAHAAQY=&rs=AOn4CLDL4_QdcHQ8V97rIwKDoHpjtvaHgg&usqp=CCk
1052,vqCMKVQZbH4,이 세 가지는 꼭 조심하세요!,the behavior of a cat that comes to an animal hospital,https://www.youtube.com/shorts/vqCMKVQZbH4,https://www.youtube.com/watch?v=vqCMKVQZbH4,shorts,shorts,shorts,,,,35000,기타/엔터테인먼트,https://i.ytimg.com/vi/vqCMKVQZbH4/oardefault.jpg?sqp=-oaymwEdCJUDENAFSFWQAgHyq4qpAwwIARUAAIhCcAHAAQY=&rs=AOn4CLBaCVYiYyf2dRhlHVzSiwSKvxZiVg&usqp=CCk
1053,WbaWi5c1rzc,우리 고양이가 달라졌어요,우리 고양이가 달라졌어요,https://www.youtube.com/shorts/WbaWi5c1rzc,https://www.youtube.com/watch?v=WbaWi5c1rzc,shorts,shorts,shorts,,,,124000,기타/엔터테인먼트,https://i.ytimg.com/vi/WbaWi5c1rzc/oardefault.jpg?sqp=-oaymwEdCJUDENAFSFWQAgHyq4qpAwwIARUAAIhCcAHAAQY=&rs=AOn4CLDZB7PJS13H89wMfnOsuMFWzTpk2g&usqp=CCk
1054,Tqhz-ddJhqg,세계에서 가장 못생긴 동물 1위,세계에서 가장 못생긴 동물 1위,https://www.youtube.com/shorts/Tqhz-ddJhqg,https://www.youtube.com/watch?v=Tqhz-ddJhqg,shorts,shorts,shorts,,,,24000,기타/엔터테인먼트,https://i.ytimg.com/vi/Tqhz-ddJhqg/oardefault.jpg?sqp=-oaymwEdCJUDENAFSFWQAgHyq4qpAwwIARUAAIhCcAHAAQY=&rs=AOn4CLDEovKOg-9bY6lQWOonFZ7uvHtUzQ&usqp=CCk
1055,C3dkXAkF6D8,인간보다 먼저 ○○에 간 고양이,인간보다 먼저 ○○에 간 고양이,https://www.youtube.com/shorts/C3dkXAkF6D8,https://www.youtube.com/watch?v=C3dkXAkF6D8,shorts,shorts,shorts,,,,16000,기타/엔터테인먼트,https://i.ytimg.com/vi/C3dkXAkF6D8/oardefault.jpg?sqp=-oaymwEdCJUDENAFSFWQAgHyq4qpAwwIARUAAIhCcAHAAQY=&rs=AOn4CLD0Wy-HqhFsokM2GDUPSk8SAaa6GA&usqp=CCk
1056,Qfn1ZKKoRSY,질병과 바로 이어지는 음수량 관리!,질병과 바로 이어지는 음수량 관리!,https://www.youtube.com/shorts/Qfn1ZKKoRSY,https://www.youtube.com/watch?v=Qfn1ZKKoRSY,shorts,shorts,shorts,,,,89000,생활/돌봄,https://i.ytimg.com/vi/Qfn1ZKKoRSY/oardefault.jpg?sqp=-oaymwEdCJUDENAFSFWQAgHyq4qpAwwIARUAAIhCcAHAAQY=&rs=AOn4CLALcVKUWg1Xyg30s-PuLCdlx_WyIw&usqp=CCk
1057,CEO8XZUF2xQ,냥생역전한 보호소 고양이,냥생역전한 보호소 고양이,https://www.youtube.com/shorts/CEO8XZUF2xQ,https://www.youtube.com/watch?v=CEO8XZUF2xQ,shorts,shorts,shorts,,,,90000,기타/엔터테인먼트,https://i.ytimg.com/vi/CEO8XZUF2xQ/oardefault.jpg?sqp=-oaymwEdCJUDENAFSFWQAgHyq4qpAwwIARUAAIhCcAHAAQY=&rs=AOn4CLC-b362-xWU7N5n_BlXihzn1Y2Ixw&usqp=CCk
1058,TRj6tovs4o4,여러분의 선택은?,여러분의 선택은?,https://www.youtube.com/shorts/TRj6tovs4o4,https://www.youtube.com/watch?v=TRj6tovs4o4,shorts,shorts,shorts,,,,31000,기타/엔터테인먼트,https://i.ytimg.com/vi/TRj6tovs4o4/oardefault.jpg?sqp=-oaymwEdCJUDENAFSFWQAgHyq4qpAwwIARUAAIhCcAHAAQY=&rs=AOn4CLBcZPVstqFbz6kKlBncKiRW-5JZDg&usqp=CCk
1059,q5kDs8WyXj0,고양이 목에 카메라를 달아봤다,고양이 목에 카메라를 달아봤다,https://www.youtube.com/shorts/q5kDs8WyXj0,https://www.youtube.com/watch?v=q5kDs8WyXj0,shorts,shorts,shorts,,,,3200000,기타/엔터테인먼트,https://i.ytimg.com/vi/q5kDs8WyXj0/oardefault.jpg?sqp=-oaymwEdCJUDENAFSFWQAgHyq4qpAwwIARUAAIhCcAHAAQY=&rs=AOn4CLAA7-givUh6BdfhgdYpBzIoJV1Y6w&usqp=CCk
1060,SFiKzDqFgYI,사람이 고양이에게 옮기는 병,diseases that humans carry to cats,https://www.youtube.com/shorts/SFiKzDqFgYI,https://www.youtube.com/watch?v=SFiKzDqFgYI,shorts,shorts,shorts,,,,41000,기타/엔터테인먼트,https://i.ytimg.com/vi/SFiKzDqFgYI/oardefault.jpg?sqp=-oaymwEdCJUDENAFSFWQAgHyq4qpAwwIARUAAIhCcAHAAQY=&rs=AOn4CLA_BnoEGBAhAJUOvvYcHyk3aSt3lA&usqp=CCk
1061,oPH49GxQsk8,위태롭던 길냥이 구조 후 엄청난 변화,위태롭던 길냥이 구조 후 엄청난 변화,https://www.youtube.com/shorts/oPH49GxQsk8,https://www.youtube.com/watch?v=oPH49GxQsk8,shorts,shorts,shorts,,,,37000,관계/윤리,https://i.ytimg.com/vi/oPH49GxQsk8/oardefault.jpg?sqp=-oaymwEdCJUDENAFSFWQAgHyq4qpAwwIARUAAIhCcAHAAQY=&rs=AOn4CLD1wPFi1KhGWE64-0_V5wEnerlwQA&usqp=CCk
1062,wZxx37YounY,이런 사람이 실제로 있다고?;;,Is there really such a person?;;,https://www.youtube.com/shorts/wZxx37YounY,https://www.youtube.com/watch?v=wZxx37YounY,shorts,shorts,shorts,,,,22000,기타/엔터테인먼트,https://i.ytimg.com/vi/wZxx37YounY/oardefault.jpg?sqp=-oaymwEdCJUDENAFSFWQAgHyq4qpAwwIARUAAIhCcAHAAQY=&rs=AOn4CLCGrNH5DW9MFrs2cySiaREg6azsWg&usqp=CCk
1063,WsBBZbAR22k,이 고양이는 천재입니다!,이 고양이는 천재입니다!,https://www.youtube.com/shorts/WsBBZbAR22k,https://www.youtube.com/watch?v=WsBBZbAR22k,shorts,shorts,shorts,,,,113000,기타/엔터테인먼트,https://i.ytimg.com/vi/WsBBZbAR22k/oardefault.jpg?sqp=-oaymwEdCJUDENAFSFWQAgHyq4qpAwwIARUAAIhCcAHAAQY=&rs=AOn4CLDGN6kgWc6EJryUCZSvoFzIYea2ig&usqp=CCk
1064,xTCX89NWS6w,고양이를 보면 화가 나는 과학적인 이유,고양이를 보면 화가 나는 과학적인 이유,https://www.youtube.com/shorts/xTCX89NWS6w,https://www.youtube.com/watch?v=xTCX89NWS6w,shorts,shorts,shorts,,,,18000,기타/엔터테인먼트,https://i.ytimg.com/vi/xTCX89NWS6w/oardefault.jpg?sqp=-oaymwEdCJUDENAFSFWQAgHyq4qpAwwIARUAAIhCcAHAAQY=&rs=AOn4CLCZMKMMmeUfpNSq7BIiEn2wDmxwAQ&usqp=CCk
1065,SbArropA5_s,집사라면 멈출 수 없다는 이 행동!,집사라면 멈출 수 없다는 이 행동!,https://www.youtube.com/shorts/SbArropA5_s,https://www.youtube.com/watch?v=SbArropA5_s,shorts,shorts,shorts,,,,28000,행동/감정;관계/윤리,https://i.ytimg.com/vi/SbArropA5_s/oardefault.jpg?sqp=-oaymwEdCJUDENAFSFWQAgHyq4qpAwwIARUAAIhCcAHAAQY=&rs=AOn4CLDWwG1P41sCvGWckNqNLYkEWHdI6g&usqp=CCk
1066,LeA-ZjaBLm0,뽀뽀해 줘야 밥 먹는 고양이,뽀뽀해 줘야 밥 먹는 고양이,https://www.youtube.com/shorts/LeA-ZjaBLm0,https://www.youtube.com/watch?v=LeA-ZjaBLm0,shorts,shorts,shorts,,,,218000,생활/돌봄,https://i.ytimg.com/vi/LeA-ZjaBLm0/oardefault.jpg?sqp=-oaymwEdCJUDENAFSFWQAgHyq4qpAwwIARUAAIhCcAHAAQY=&rs=AOn4CLARUuvqg8nuq6fi6TAT0b1EAJPMyQ&usqp=CCk
1067,BXbxicTTkyM,행복한 고양이는 이렇게 잡니다,행복한 고양이는 이렇게 잡니다,https://www.youtube.com/shorts/BXbxicTTkyM,https://www.youtube.com/watch?v=BXbxicTTkyM,shorts,shorts,shorts,,,,1500000,기타/엔터테인먼트,https://i.ytimg.com/vi/BXbxicTTkyM/oardefault.jpg?sqp=-oaymwEdCJUDENAFSFWQAgHyq4qpAwwIARUAAIhCcAHAAQY=&rs=AOn4CLBBD-uhLar40QtQW2-ptgU_gcxV-w&usqp=CCk
1068,-IlM8MJCpmU,수의사가 고양이 배 만지는 방법ㅋㅋ,How a vet touches a cat's belly lol,https://www.youtube.com/shorts/-IlM8MJCpmU,https://www.youtube.com/watch?v=-IlM8MJCpmU,shorts,shorts,shorts,,,,106000,건강/진료,https://i.ytimg.com/vi/-IlM8MJCpmU/oardefault.jpg?sqp=-oaymwEdCJUDENAFSFWQAgHyq4qpAwwIARUAAIhCcAHAAQY=&rs=AOn4CLAonl0Xh50f_lERWVOKqM3i7nwHpA&usqp=CCk
1069,Ukj3kJd4sL0,고양이 집사 데일리 청소 루틴 공개!,Cat Butler's Daily Cleaning Routine Revealed!,https://www.youtube.com/shorts/Ukj3kJd4sL0,https://www.youtube.com/watch?v=Ukj3kJd4sL0,shorts,shorts,shorts,,,,296000,관계/윤리,https://i.ytimg.com/vi/Ukj3kJd4sL0/oardefault.jpg?sqp=-oaymwEdCJUDENAFSFWQAgHyq4qpAwwIARUAAIhCcAHAAQY=&rs=AOn4CLD1STiGhXXldQQ20nIXwqRwAGuQRg&usqp=CCk
1070,wYLJAW4CNXQ,인간 껌딱지라는 이 고양이!,This cat is a human gumdrop!,https://www.youtube.com/shorts/wYLJAW4CNXQ,https://www.youtube.com/watch?v=wYLJAW4CNXQ,shorts,shorts,shorts,,,,376000,기타/엔터테인먼트,https://i.ytimg.com/vi/wYLJAW4CNXQ/oardefault.jpg?sqp=-oaymwEdCJUDENAFSFWQAgHyq4qpAwwIARUAAIhCcAHAAQY=&rs=AOn4CLBMIGXdTiR331TG6u-8uzccmH82rw&usqp=CCk
1071,uyWBLFZG2l0,꽁꽁 얼어붙은 사모님 앞으로 비둘기가 지나갑니다,꽁꽁 얼어붙은 사모님 앞으로 비둘기가 지나갑니다,https://www.youtube.com/shorts/uyWBLFZG2l0,https://www.youtube.com/watch?v=uyWBLFZG2l0,shorts,shorts,shorts,,,,41000,기타/엔터테인먼트,https://i.ytimg.com/vi/uyWBLFZG2l0/oar2.jpg?sqp=-oaymwEdCJUDENAFSFWQAgHyq4qpAwwIARUAAIhCcAHAAQY=&rs=AOn4CLA-OwMj2Wmv1DC4nMlasfdbl0PFSQ&usqp=CCk
1072,lflWfCnm-C8,고양이 집사라면 과일 중 '이 부분' 조심하세요!,"If you're a cat owner, be careful of 'this part' of the fruit!",https://www.youtube.com/shorts/lflWfCnm-C8,https://www.youtube.com/watch?v=lflWfCnm-C8,shorts,shorts,shorts,,,,28000,관계/윤리,https://i.ytimg.com/vi/lflWfCnm-C8/oar2.jpg?sqp=-oaymwEdCJUDENAFSFWQAgHyq4qpAwwIARUAAIhCcAHAAQY=&rs=AOn4CLC8JKKx3ER2oSSp7id4cXMa7zsGbw&usqp=CCk
1073,JdmPPoPCkr4,고양이 식탐 3단 변화(갈수록 귀여움 주의),고양이 식탐 3단 변화(갈수록 귀여움 주의),https://www.youtube.com/shorts/JdmPPoPCkr4,https://www.youtube.com/watch?v=JdmPPoPCkr4,shorts,shorts,shorts,,,,130000,행동/감정,https://i.ytimg.com/vi/JdmPPoPCkr4/oar2.jpg?sqp=-oaymwEdCJUDENAFSFWQAgHyq4qpAwwIARUAAIhCcAHAAQY=&rs=AOn4CLB-mW8geZP-xQTXPSUf4UOUZgmMXg&usqp=CCk
1074,ccfxmtu8dLk,고양이가 따라온다고 좋아하면 안되는 이유,고양이가 따라온다고 좋아하면 안되는 이유,https://www.youtube.com/shorts/ccfxmtu8dLk,https://www.youtube.com/watch?v=ccfxmtu8dLk,shorts,shorts,shorts,,,,201000,기타/엔터테인먼트,https://i.ytimg.com/vi/ccfxmtu8dLk/oardefault.jpg?sqp=-oaymwEdCJUDENAFSFWQAgHyq4qpAwwIARUAAIhCcAHAAQY=&rs=AOn4CLDIVbA9P25gO1BdVu13uoWvv7coQQ&usqp=CCk
1075,1Dqh3izdrqM,절대로! 보이스 피싱에 당하지 않는 방법,절대로! 보이스 피싱에 당하지 않는 방법,https://www.youtube.com/shorts/1Dqh3izdrqM,https://www.youtube.com/watch?v=1Dqh3izdrqM,shorts,shorts,shorts,,,,43000,기타/엔터테인먼트,https://i.ytimg.com/vi/1Dqh3izdrqM/oardefault.jpg?sqp=-oaymwEdCJUDENAFSFWQAgHyq4qpAwwIARUAAIhCcAHAAQY=&rs=AOn4CLCImevOeDAtEXlaLZIMWbNTAa4S1g&usqp=CCk
1076,mWY-jbhNYL4,고양이랑 악수하면 안되는 2가지 이유,Why don't cats like their paws touched?,https://www.youtube.com/shorts/mWY-jbhNYL4,https://www.youtube.com/watch?v=mWY-jbhNYL4,shorts,shorts,shorts,,,,1700000,기타/엔터테인먼트,https://i.ytimg.com/vi/mWY-jbhNYL4/oardefault.jpg?sqp=-oaymwEdCJUDENAFSFWQAgHyq4qpAwwIARUAAIhCcAHAAQY=&rs=AOn4CLAl6jkIED6n_544lgNBdzoB0nOVkQ&usqp=CCk
1077,T9osP7wJ5Bk,고양이 사진 건지는 가장 쉬운 방법,고양이 사진 건지는 가장 쉬운 방법,https://www.youtube.com/shorts/T9osP7wJ5Bk,https://www.youtube.com/watch?v=T9osP7wJ5Bk,shorts,shorts,shorts,,,,49000,기타/엔터테인먼트,https://i.ytimg.com/vi/T9osP7wJ5Bk/oardefault.jpg?sqp=-oaymwEdCJUDENAFSFWQAgHyq4qpAwwIARUAAIhCcAHAAQY=&rs=AOn4CLBb_qW9pCAm-H6qwUODPWSmzUPgHw&usqp=CCk
1078,_X0MlqTnFa4,고양이와 멀어지는 가장 간단한 방법,How to make my cat HATE me,https://www.youtube.com/shorts/_X0MlqTnFa4,https://www.youtube.com/watch?v=_X0MlqTnFa4,shorts,shorts,shorts,,,,1300000,기타/엔터테인먼트,https://i.ytimg.com/vi/_X0MlqTnFa4/oardefault.jpg?sqp=-oaymwEdCJUDENAFSFWQAgHyq4qpAwwIARUAAIhCcAHAAQY=&rs=AOn4CLCru0-rOIyyieLAJoM9PlkB7GLhdw&usqp=CCk
1079,-xsMUurlACw,안 본 사람은 있어도 한번만 본 사람은 없다는 영상,안 본 사람은 있어도 한번만 본 사람은 없다는 영상,https://www.youtube.com/shorts/-xsMUurlACw,https://www.youtube.com/watch?v=-xsMUurlACw,shorts,shorts,shorts,,,,103000,기타/엔터테인먼트,https://i.ytimg.com/vi/-xsMUurlACw/oardefault.jpg?sqp=-oaymwEdCJUDENAFSFWQAgHyq4qpAwwIARUAAIhCcAHAAQY=&rs=AOn4CLCtgeoErmueeKeEB-Wjvh9sZtiSlA&usqp=CCk
1080,vi9nlm8FTQ4,고양이가 나를 신뢰하는지 확인하는 법,How to know if your cat trusts you,https://www.youtube.com/shorts/vi9nlm8FTQ4,https://www.youtube.com/watch?v=vi9nlm8FTQ4,shorts,shorts,shorts,,,,830000,기타/엔터테인먼트,https://i.ytimg.com/vi/vi9nlm8FTQ4/oardefault.jpg?sqp=-oaymwEdCJUDENAFSFWQAgHyq4qpAwwIARUAAIhCcAHAAQY=&rs=AOn4CLC2aTq0fCMxoL8ypvSRp1BXgt0P9g&usqp=CCk
1081,Aj4DNRRGP_U,지금 당장! 고양이 코 색을 확인해보세요,Check your cat's nose color right now!,https://www.youtube.com/shorts/Aj4DNRRGP_U,https://www.youtube.com/watch?v=Aj4DNRRGP_U,shorts,shorts,shorts,,,,311000,기타/엔터테인먼트,https://i.ytimg.com/vi/Aj4DNRRGP_U/oardefault.jpg?sqp=-oaymwEdCJUDENAFSFWQAgHyq4qpAwwIARUAAIhCcAHAAQY=&rs=AOn4CLDQvp7bnS8DUwOXpJ9o375VASGIeA&usqp=CCk
1082,p798Z7HQus4,"고양이가 궁디팡팡을 좋아하는 ""진짜"" 이유","The ""Real"" Reason Cats Love Kkung-Dipang-Pang",https://www.youtube.com/shorts/p798Z7HQus4,https://www.youtube.com/watch?v=p798Z7HQus4,shorts,shorts,shorts,,,,428000,기타/엔터테인먼트,https://i.ytimg.com/vi/p798Z7HQus4/oardefault.jpg?sqp=-oaymwEdCJUDENAFSFWQAgHyq4qpAwwIARUAAIhCcAHAAQY=&rs=AOn4CLA_webj20csNFaTuOkrSyYxYcAOkA&usqp=CCk
1083,1SaZgaO8MOQ,"사실, 고양이는 이것을 가장 무서워합니다","사실, 고양이는 이것을 가장 무서워합니다",https://www.youtube.com/shorts/1SaZgaO8MOQ,https://www.youtube.com/watch?v=1SaZgaO8MOQ,shorts,shorts,shorts,,,,1100000,기타/엔터테인먼트,https://i.ytimg.com/vi/1SaZgaO8MOQ/oardefault.jpg?sqp=-oaymwEdCJUDENAFSFWQAgHyq4qpAwwIARUAAIhCcAHAAQY=&rs=AOn4CLAdZ3hFuupY-8ntHyJf_iGLOURqdQ&usqp=CCk
1084,WS_eOKv-6g0,얼굴형에 따른 고양이 성격?,Cat personality based on face shape?,https://www.youtube.com/shorts/WS_eOKv-6g0,https://www.youtube.com/watch?v=WS_eOKv-6g0,shorts,shorts,shorts,,,,262000,행동/감정,https://i.ytimg.com/vi/WS_eOKv-6g0/oardefault.jpg?sqp=-oaymwEdCJUDENAFSFWQAgHyq4qpAwwIARUAAIhCcAHAAQY=&rs=AOn4CLAq23APqIrGDQnKVeMKL9RdCHi6eA&usqp=CCk
1085,-n0zonMartY,반려동물과 사람은 닮을까?,반려동물과 사람은 닮을까?,https://www.youtube.com/shorts/-n0zonMartY,https://www.youtube.com/watch?v=-n0zonMartY,shorts,shorts,shorts,,,,90000,기타/엔터테인먼트,https://i.ytimg.com/vi/-n0zonMartY/oardefault.jpg?sqp=-oaymwEdCJUDENAFSFWQAgHyq4qpAwwIARUAAIhCcAHAAQY=&rs=AOn4CLBFwVVp6A-_e9bBrLwMxMq_0OMbaw&usqp=CCk
1086,NsyGKGVYEH8,이런 집사는 되지 마세요! (이유 포함),Don't Be This Butler! (Reasons Included),https://www.youtube.com/shorts/NsyGKGVYEH8,https://www.youtube.com/watch?v=NsyGKGVYEH8,shorts,shorts,shorts,,,,73000,관계/윤리,https://i.ytimg.com/vi/NsyGKGVYEH8/oardefault.jpg?sqp=-oaymwEdCJUDENAFSFWQAgHyq4qpAwwIARUAAIhCcAHAAQY=&rs=AOn4CLAWO4jNWNxArV7u0DNwt0GQqMdyKg&usqp=CCk
1087,Fwfhl1TH_dE,네 번째 특징이 가장 끌리시죠?,네 번째 특징이 가장 끌리시죠?,https://www.youtube.com/shorts/Fwfhl1TH_dE,https://www.youtube.com/watch?v=Fwfhl1TH_dE,shorts,shorts,shorts,,,,30000,기타/엔터테인먼트,https://i.ytimg.com/vi/Fwfhl1TH_dE/oardefault.jpg?sqp=-oaymwEdCJUDENAFSFWQAgHyq4qpAwwIARUAAIhCcAHAAQY=&rs=AOn4CLA90KGzpoB3PXKqZ6TnQGZjswUyig&usqp=CCk
1088,ht1cjEJeWA8,"""이런"" 고양이를 냥줍하세요 (feat. 수의사)",Pick up a cat like this (feat. vet),https://www.youtube.com/shorts/ht1cjEJeWA8,https://www.youtube.com/watch?v=ht1cjEJeWA8,shorts,shorts,shorts,,,,41000,건강/진료,https://i.ytimg.com/vi/ht1cjEJeWA8/oardefault.jpg?sqp=-oaymwEdCJUDENAFSFWQAgHyq4qpAwwIARUAAIhCcAHAAQY=&rs=AOn4CLC5nkOfHWgvnDJSoiL6bO02X2O5Bw&usqp=CCk
1089,l_o6169crog,수의사한테 입양 가기 전 vs 후,수의사한테 입양 가기 전 vs 후,https://www.youtube.com/shorts/l_o6169crog,https://www.youtube.com/watch?v=l_o6169crog,shorts,shorts,shorts,,,,20000,건강/진료;관계/윤리,https://i.ytimg.com/vi/l_o6169crog/oardefault.jpg?sqp=-oaymwEdCJUDENAFSFWQAgHyq4qpAwwIARUAAIhCcAHAAQY=&rs=AOn4CLBxm6Wc5qxnTPHdv-57ZBK16-1Cuw&usqp=CCk
1090,Z9VnyxLSZYM,사모 포캣츄 주기 체험 영상😽,사모 포캣츄 주기 체험 영상😽,https://www.youtube.com/shorts/Z9VnyxLSZYM,https://www.youtube.com/watch?v=Z9VnyxLSZYM,shorts,shorts,shorts,,,,,기타/엔터테인먼트,https://i.ytimg.com/vi/Z9VnyxLSZYM/oardefault.jpg?sqp=-oaymwEdCJUDENAFSFWQAgHyq4qpAwwIARUAAIhCcAHAAQY=&rs=AOn4CLAQ0065jZphxIurADKr_wfqqZg76g&usqp=CCk
1091,S3DoMNC4dnc,"고양이 ""잘"" 쳐다보는 방법","고양이 ""잘"" 쳐다보는 방법",https://www.youtube.com/shorts/S3DoMNC4dnc,https://www.youtube.com/watch?v=S3DoMNC4dnc,shorts,shorts,shorts,,,,35000,기타/엔터테인먼트,https://i.ytimg.com/vi/S3DoMNC4dnc/oardefault.jpg?sqp=-oaymwEdCJUDENAFSFWQAgHyq4qpAwwIARUAAIhCcAHAAQY=&rs=AOn4CLB7vuQHVfX-YzPsbgeID_yyab6wew&usqp=CCk
1092,sxFRHQ9Hum8,고양이 간식주기 체험 영상 😽,고양이 간식주기 체험 영상 😽,https://www.youtube.com/shorts/sxFRHQ9Hum8,https://www.youtube.com/watch?v=sxFRHQ9Hum8,shorts,shorts,shorts,,,,32000,생활/돌봄,https://i.ytimg.com/vi/sxFRHQ9Hum8/oardefault.jpg?sqp=-oaymwEdCJUDENAFSFWQAgHyq4qpAwwIARUAAIhCcAHAAQY=&rs=AOn4CLCzxdiwXc-ETa7x6RfdaYBhFaaaIA&usqp=CCk
1093,IFoQttNBHbM,수의사가 확실하게! 알려드립니다,수의사가 확실하게! 알려드립니다,https://www.youtube.com/shorts/IFoQttNBHbM,https://www.youtube.com/watch?v=IFoQttNBHbM,shorts,shorts,shorts,,,,61000,건강/진료,https://i.ytimg.com/vi/IFoQttNBHbM/oardefault.jpg?sqp=-oaymwEdCJUDENAFSFWQAgHyq4qpAwwIARUAAIhCcAHAAQY=&rs=AOn4CLDhvTBBWuwIjxn6P1HL_ruUnV4Rrw&usqp=CCk
1094,Ihk0DiGkOos,이거 맞히면 천재 (정답은 마지막에),이거 맞히면 천재 (정답은 마지막에),https://www.youtube.com/shorts/Ihk0DiGkOos,https://www.youtube.com/watch?v=Ihk0DiGkOos,shorts,shorts,shorts,,,,30000,기타/엔터테인먼트,https://i.ytimg.com/vi/Ihk0DiGkOos/oardefault.jpg?sqp=-oaymwEdCJUDENAFSFWQAgHyq4qpAwwIARUAAIhCcAHAAQY=&rs=AOn4CLCuLVoOTUjN3cJvQ_Dpob-bw2SpjQ&usqp=CCk
1095,i7xHfb5mvYQ,고양이 특(마지막ㅋㅋㅋㅋ),고양이 특(마지막ㅋㅋㅋㅋ),https://www.youtube.com/shorts/i7xHfb5mvYQ,https://www.youtube.com/watch?v=i7xHfb5mvYQ,shorts,shorts,shorts,,,,81000,기타/엔터테인먼트,https://i.ytimg.com/vi/i7xHfb5mvYQ/oardefault.jpg?sqp=-oaymwEdCJUDENAFSFWQAgHyq4qpAwwIARUAAIhCcAHAAQY=&rs=AOn4CLAHhO_GKu3mIFPliykHcNtAeairyA&usqp=CCk
1096,33tMPELlwR0,고양이 싸울 때 내는 소리 TOP3,고양이 싸울 때 내는 소리 TOP3,https://www.youtube.com/shorts/33tMPELlwR0,https://www.youtube.com/watch?v=33tMPELlwR0,shorts,shorts,shorts,,,,27000,기타/엔터테인먼트,https://i.ytimg.com/vi/33tMPELlwR0/oardefault.jpg?sqp=-oaymwEdCJUDENAFSFWQAgHyq4qpAwwIARUAAIhCcAHAAQY=&rs=AOn4CLCvDCv5j1nDFytf02p3G0qGJhG9XA&usqp=CCk
1097,H-9EggnQsGw,고양이 신체에서 2미터인 것은?,고양이 신체에서 2미터인 것은?,https://www.youtube.com/shorts/H-9EggnQsGw,https://www.youtube.com/watch?v=H-9EggnQsGw,shorts,shorts,shorts,,,,20000,기타/엔터테인먼트,https://i.ytimg.com/vi/H-9EggnQsGw/oardefault.jpg?sqp=-oaymwEdCJUDENAFSFWQAgHyq4qpAwwIARUAAIhCcAHAAQY=&rs=AOn4CLCIkUG6bl1bTx-YMnwqw6-Of3HvfA&usqp=CCk
1098,oidEtI4TDBc,고양이가 똑똑한 건 장점이 아니다?,고양이가 똑똑한 건 장점이 아니다?,https://www.youtube.com/shorts/oidEtI4TDBc,https://www.youtube.com/watch?v=oidEtI4TDBc,shorts,shorts,shorts,,,,58000,기타/엔터테인먼트,https://i.ytimg.com/vi/oidEtI4TDBc/oardefault.jpg?sqp=-oaymwEdCJUDENAFSFWQAgHyq4qpAwwIARUAAIhCcAHAAQY=&rs=AOn4CLDuefzi9HrioFe6VwJhnCr5yUo-Uw&usqp=CCk
1099,Nyp8eD2xt0s,애기씨는 거기 살아 엄마는 갈 거야,애기씨는 거기 살아 엄마는 갈 거야,https://www.youtube.com/shorts/Nyp8eD2xt0s,https://www.youtube.com/watch?v=Nyp8eD2xt0s,shorts,shorts,shorts,,,,49000,서사/상담,https://i.ytimg.com/vi/Nyp8eD2xt0s/oardefault.jpg?sqp=-oaymwEdCJUDENAFSFWQAgHyq4qpAwwIARUAAIhCcAHAAQY=&rs=AOn4CLD1GwOQoa42J3nz4ttwATez4sHdaQ&usqp=CCk
1100,EutZiRCODF8,여러분이 아는 삼색이는 어떤가요?,여러분이 아는 삼색이는 어떤가요?,https://www.youtube.com/shorts/EutZiRCODF8,https://www.youtube.com/watch?v=EutZiRCODF8,shorts,shorts,shorts,,,,53000,기타/엔터테인먼트,https://i.ytimg.com/vi/EutZiRCODF8/oardefault.jpg?sqp=-oaymwEdCJUDENAFSFWQAgHyq4qpAwwIARUAAIhCcAHAAQY=&rs=AOn4CLBO4nExHXdeePhkwgp-tdD5omXxBg&usqp=CCk
1101,buKJCfGtzcs,고양이면 사랑하는 장소 (반전주의),고양이면 사랑하는 장소 (반전주의),https://www.youtube.com/shorts/buKJCfGtzcs,https://www.youtube.com/watch?v=buKJCfGtzcs,shorts,shorts,shorts,,,,55000,기타/엔터테인먼트,https://i.ytimg.com/vi/buKJCfGtzcs/oardefault.jpg?sqp=-oaymwEdCJUDENAFSFWQAgHyq4qpAwwIARUAAIhCcAHAAQY=&rs=AOn4CLA0eZszo5W6oSgGXCd70G4skjCvdw&usqp=CCk
1102,kT4qImsbe5M,고양이에게 뽀뽀하면 벌어지는 충격적인 일(꼭 끝까지 보세요!),The shocking thing that happens when you kiss a cat (be sure to watch until the end!),https://www.youtube.com/shorts/kT4qImsbe5M,https://www.youtube.com/watch?v=kT4qImsbe5M,shorts,shorts,shorts,,,,461000,기타/엔터테인먼트,https://i.ytimg.com/vi/kT4qImsbe5M/oardefault.jpg?sqp=-oaymwEdCJUDENAFSFWQAgHyq4qpAwwIARUAAIhCcAHAAQY=&rs=AOn4CLA1z7szh0ay00yX_y43x0N4Ov6pUQ&usqp=CCk
1103,EKaCH7o6UtE,😶사료😶의 브이로그,Cat feed's Vlog,https://www.youtube.com/shorts/EKaCH7o6UtE,https://www.youtube.com/watch?v=EKaCH7o6UtE,shorts,shorts,shorts,,,,33000,서사/상담;생활/돌봄,https://i.ytimg.com/vi/EKaCH7o6UtE/oardefault.jpg?sqp=-oaymwEdCJUDENAFSFWQAgHyq4qpAwwIARUAAIhCcAHAAQY=&rs=AOn4CLB5adK5qzDSeZecz1Z31dCB3iWp3A&usqp=CCk
1104,C3ckmqHyiEE,집사들도 몰랐던 사실 (꼭 끝까지 보세요!),Facts Even Butlers Didn't Know (Make sure to watch till the end!),https://www.youtube.com/shorts/C3ckmqHyiEE,https://www.youtube.com/watch?v=C3ckmqHyiEE,shorts,shorts,shorts,,,,878000,관계/윤리,https://i.ytimg.com/vi/C3ckmqHyiEE/oardefault.jpg?sqp=-oaymwEdCJUDENAFSFWQAgHyq4qpAwwIARUAAIhCcAHAAQY=&rs=AOn4CLD86ryk4LbliCluHFJ8t0KKjdXn0Q&usqp=CCk
1105,KOAlF6PfizA,우리집 고양이에게 꼭 따라해주세요!,우리집 고양이에게 꼭 따라해주세요!,https://www.youtube.com/shorts/KOAlF6PfizA,https://www.youtube.com/watch?v=KOAlF6PfizA,shorts,shorts,shorts,,,,144000,기타/엔터테인먼트,https://i.ytimg.com/vi/KOAlF6PfizA/oardefault.jpg?sqp=-oaymwEdCJUDENAFSFWQAgHyq4qpAwwIARUAAIhCcAHAAQY=&rs=AOn4CLDMRE9TH8Hz_H01gXkq6za8V3XHcA&usqp=CCk
1106,ocpNvzqD5uM,고양이 기분 1초 만에 파악하는 법,고양이 기분 1초 만에 파악하는 법,https://www.youtube.com/shorts/ocpNvzqD5uM,https://www.youtube.com/watch?v=ocpNvzqD5uM,shorts,shorts,shorts,,,,73000,기타/엔터테인먼트,https://i.ytimg.com/vi/ocpNvzqD5uM/oardefault.jpg?sqp=-oaymwEdCJUDENAFSFWQAgHyq4qpAwwIARUAAIhCcAHAAQY=&rs=AOn4CLD1P7pJ0NKkO7YfmO4tXHW8TX-v-A&usqp=CCk
1107,RZHCG9WZkf8,"유튜브 3대 얼짱냥 ""그 고양이""의 애교","유튜브 3대 얼짱냥 ""그 고양이""의 애교",https://www.youtube.com/shorts/RZHCG9WZkf8,https://www.youtube.com/watch?v=RZHCG9WZkf8,shorts,shorts,shorts,,,,233000,기타/엔터테인먼트,https://i.ytimg.com/vi/RZHCG9WZkf8/oardefault.jpg?sqp=-oaymwEdCJUDENAFSFWQAgHyq4qpAwwIARUAAIhCcAHAAQY=&rs=AOn4CLDmS5imIpZ7zNCwwCLsORGtLrNcIQ&usqp=CCk
1108,EEgM3ba40KA,(집사 공감 1000%) 고양이가 사랑하는 박스 특,(집사 공감 1000%) 고양이가 사랑하는 박스 특,https://www.youtube.com/shorts/EEgM3ba40KA,https://www.youtube.com/watch?v=EEgM3ba40KA,shorts,shorts,shorts,,,,38000,관계/윤리,https://i.ytimg.com/vi/EEgM3ba40KA/oar2.jpg?sqp=-oaymwEdCJUDENAFSFWQAgHyq4qpAwwIARUAAIhCcAHAAQY=&rs=AOn4CLAsuYCfOUglNbQMxInkEJvzeGesdQ&usqp=CCk
1109,aEWQ4Fh6NvU,"고양이가 ""이렇게"" 울면 뭔가 잘못된 겁니다","If a cat cries ""like this,"" something is wrong",https://www.youtube.com/shorts/aEWQ4Fh6NvU,https://www.youtube.com/watch?v=aEWQ4Fh6NvU,shorts,shorts,shorts,,,,283000,기타/엔터테인먼트,https://i.ytimg.com/vi/aEWQ4Fh6NvU/oardefault.jpg?sqp=-oaymwEdCJUDENAFSFWQAgHyq4qpAwwIARUAAIhCcAHAAQY=&rs=AOn4CLCrbbLyZbuN7Ar5AX1hanRh2SCENg&usqp=CCk
1110,vw_6S6IMhWs,"0원 고양이 장난감, 두 고양이의 반응은?","0원 고양이 장난감, 두 고양이의 반응은?",https://www.youtube.com/shorts/vw_6S6IMhWs,https://www.youtube.com/watch?v=vw_6S6IMhWs,shorts,shorts,shorts,,,,57000,생활/돌봄,https://i.ytimg.com/vi/vw_6S6IMhWs/oardefault.jpg?sqp=-oaymwEdCJUDENAFSFWQAgHyq4qpAwwIARUAAIhCcAHAAQY=&rs=AOn4CLB2HV9EPSfbMtTC_f5EBO4jwhRGzg&usqp=CCk
1111,0qSs8vJ2ETI,이게 개야 고양이야?,a cat like a dog,https://www.youtube.com/shorts/0qSs8vJ2ETI,https://www.youtube.com/watch?v=0qSs8vJ2ETI,shorts,shorts,shorts,,,,271000,기타/엔터테인먼트,https://i.ytimg.com/vi/0qSs8vJ2ETI/oardefault.jpg?sqp=-oaymwEdCJUDENAFSFWQAgHyq4qpAwwIARUAAIhCcAHAAQY=&rs=AOn4CLAkInq_bInWcTPDZxchDYiL5zrJZw&usqp=CCk
1112,v8yMvsxWGRo,"고양이 ""이렇게"" 쓰다듬지 마세요!","""Like this."" Don't pet the cat",https://www.youtube.com/shorts/v8yMvsxWGRo,https://www.youtube.com/watch?v=v8yMvsxWGRo,shorts,shorts,shorts,,,,1100000,기타/엔터테인먼트,https://i.ytimg.com/vi/v8yMvsxWGRo/oardefault.jpg?sqp=-oaymwEdCJUDENAFSFWQAgHyq4qpAwwIARUAAIhCcAHAAQY=&rs=AOn4CLBpj3xStplnLdvIFMg9UsL1I0EN7Q&usqp=CCk
1113,Q-Y8L7SIgLY,"고양이 ""야옹""소리의 진짜 뜻","The cat's ""Meow""",https://www.youtube.com/shorts/Q-Y8L7SIgLY,https://www.youtube.com/watch?v=Q-Y8L7SIgLY,shorts,shorts,shorts,,,,90000,기타/엔터테인먼트,https://i.ytimg.com/vi/Q-Y8L7SIgLY/oardefault.jpg?sqp=-oaymwEdCJUDENAFSFWQAgHyq4qpAwwIARUAAIhCcAHAAQY=&rs=AOn4CLDgk5iEANwpzgacmx1ZGs34Smnhow&usqp=CCk
1114,L-4JEh0hP0Y,(수의사 시범 有) 최신 유행 고양이 미용 TOP4,(Veterinarian Demonstration) Top 4 Latest Cat Grooming Trends,https://www.youtube.com/shorts/L-4JEh0hP0Y,https://www.youtube.com/watch?v=L-4JEh0hP0Y,shorts,shorts,shorts,,,,496000,건강/진료,https://i.ytimg.com/vi/L-4JEh0hP0Y/oardefault.jpg?sqp=-oaymwEdCJUDENAFSFWQAgHyq4qpAwwIARUAAIhCcAHAAQY=&rs=AOn4CLCxHUjH1D1YyL_0fzZEwgJ-2uHjPg&usqp=CCk
1115,ohvHo6Ci3mc,고양이가 극혐하는 사람 TOP3,Top 3 People Who Hate Cats,https://www.youtube.com/shorts/ohvHo6Ci3mc,https://www.youtube.com/watch?v=ohvHo6Ci3mc,shorts,shorts,shorts,,,,965000,기타/엔터테인먼트,https://i.ytimg.com/vi/ohvHo6Ci3mc/oardefault.jpg?sqp=-oaymwEdCJUDENAFSFWQAgHyq4qpAwwIARUAAIhCcAHAAQY=&rs=AOn4CLDvP-STIRP--Wtai9b9aHqAPUvC8w&usqp=CCk
1116,2LYZ7vWwjkk,고냥구 스캔들,고냥구 스캔들,https://www.youtube.com/shorts/2LYZ7vWwjkk,https://www.youtube.com/watch?v=2LYZ7vWwjkk,shorts,shorts,shorts,,,,,기타/엔터테인먼트,https://i.ytimg.com/vi/2LYZ7vWwjkk/oar2.jpg?sqp=-oaymwEdCJUDENAFSFWQAgHyq4qpAwwIARUAAIhCcAHAAQY=&rs=AOn4CLBf8xxLBQHTZ_ePU0G_PhmWi5KX6Q&usqp=CCk
1117,Vb3Wm6s6u8M,랍스타가 먹고싶었던 고양이가 결국 저지른 행동,랍스타가 먹고싶었던 고양이가 결국 저지른 행동,https://www.youtube.com/shorts/Vb3Wm6s6u8M,https://www.youtube.com/watch?v=Vb3Wm6s6u8M,shorts,shorts,shorts,,,,207000,행동/감정,https://i.ytimg.com/vi/Vb3Wm6s6u8M/oardefault.jpg?sqp=-oaymwEdCJUDENAFSFWQAgHyq4qpAwwIARUAAIhCcAHAAQY=&rs=AOn4CLCVNiAhnadzXmWSPl8CwnOj-bCnyQ&usqp=CCk
1118,NQwYrIEQWok,"고양이가 ""이 표정""을 한다면 이제 큰일난 겁니다","If you find this cat's expression, you must run away immediately",https://www.youtube.com/shorts/NQwYrIEQWok,https://www.youtube.com/watch?v=NQwYrIEQWok,shorts,shorts,shorts,,,,158000,기타/엔터테인먼트,https://i.ytimg.com/vi/NQwYrIEQWok/oardefault.jpg?sqp=-oaymwEdCJUDENAFSFWQAgHyq4qpAwwIARUAAIhCcAHAAQY=&rs=AOn4CLCNAzzNaTQLsRTf1lHJU3IGi0vdKg&usqp=CCk
1119,mLSx264kQic,아무도 몰랐던 고양이 입양 경로,아무도 몰랐던 고양이 입양 경로,https://www.youtube.com/shorts/mLSx264kQic,https://www.youtube.com/watch?v=mLSx264kQic,shorts,shorts,shorts,,,,447000,관계/윤리,https://i.ytimg.com/vi/mLSx264kQic/oardefault.jpg?sqp=-oaymwEdCJUDENAFSFWQAgHyq4qpAwwIARUAAIhCcAHAAQY=&rs=AOn4CLDDKEuOzScX7Wd1HUXsQdrIuj3VoA&usqp=CCk
1120,tY_yR_dPnao,고양이가 행복한지 1초만에 아는 법,How to know if your cat is happy in 1 sec,https://www.youtube.com/shorts/tY_yR_dPnao,https://www.youtube.com/watch?v=tY_yR_dPnao,shorts,shorts,shorts,,,,2000000,기타/엔터테인먼트,https://i.ytimg.com/vi/tY_yR_dPnao/oardefault.jpg?sqp=-oaymwEdCJUDENAFSFWQAgHyq4qpAwwIARUAAIhCcAHAAQY=&rs=AOn4CLDWM0M0n_Ma4k05nJwmsb1Dc64OJQ&usqp=CCk
1121,hD7yKcXaSTA,고양이 놀렸는데 반응이..?,고양이 놀렸는데 반응이..?,https://www.youtube.com/shorts/hD7yKcXaSTA,https://www.youtube.com/watch?v=hD7yKcXaSTA,shorts,shorts,shorts,,,,49000,기타/엔터테인먼트,https://i.ytimg.com/vi/hD7yKcXaSTA/oardefault.jpg?sqp=-oaymwEdCJUDENAFSFWQAgHyq4qpAwwIARUAAIhCcAHAAQY=&rs=AOn4CLAkgE8wHjYxDOjxYagz9UJh3kzChw&usqp=CCk
1122,T_baDRUwbA0,제발 이런 것 좀 만들지 마세요,a cat thing that a veterinarian doesn't buy,https://www.youtube.com/shorts/T_baDRUwbA0,https://www.youtube.com/watch?v=T_baDRUwbA0,shorts,shorts,shorts,,,,96000,기타/엔터테인먼트,https://i.ytimg.com/vi/T_baDRUwbA0/oardefault.jpg?sqp=-oaymwEdCJUDENAFSFWQAgHyq4qpAwwIARUAAIhCcAHAAQY=&rs=AOn4CLC0nWYYePm9S4HhXxo3_zDNIOBQ0g&usqp=CCk
1123,7fvgXaw8O94,미야옹철입니다. 왕따설 해명합니다.,미야옹철입니다. 왕따설 해명합니다.,https://www.youtube.com/shorts/7fvgXaw8O94,https://www.youtube.com/watch?v=7fvgXaw8O94,shorts,shorts,shorts,,,,113000,기타/엔터테인먼트,https://i.ytimg.com/vi/7fvgXaw8O94/oardefault.jpg?sqp=-oaymwEdCJUDENAFSFWQAgHyq4qpAwwIARUAAIhCcAHAAQY=&rs=AOn4CLCBbAHJa1mNIoKFR90ULvXXmCqv5w&usqp=CCk
1124,XXljZPkW7y0,지금 당장 해보세요!,지금 당장 해보세요!,https://www.youtube.com/shorts/XXljZPkW7y0,https://www.youtube.com/watch?v=XXljZPkW7y0,shorts,shorts,shorts,,,,159000,기타/엔터테인먼트,https://i.ytimg.com/vi/XXljZPkW7y0/oardefault.jpg?sqp=-oaymwEdCJUDENAFSFWQAgHyq4qpAwwIARUAAIhCcAHAAQY=&rs=AOn4CLCqYKC9RvE_6RnPqMwkZKCxit4_TA&usqp=CCk
1125,0HbyP5_pEfw,전생에 덕 쌓은 집사만 할 수 있는 행동,전생에 덕 쌓은 집사만 할 수 있는 행동,https://www.youtube.com/shorts/0HbyP5_pEfw,https://www.youtube.com/watch?v=0HbyP5_pEfw,shorts,shorts,shorts,,,,156000,행동/감정;관계/윤리,https://i.ytimg.com/vi/0HbyP5_pEfw/oardefault.jpg?sqp=-oaymwEdCJUDENAFSFWQAgHyq4qpAwwIARUAAIhCcAHAAQY=&rs=AOn4CLBM5mJtIXrTyGebElTQiJsiQ4Nm3A&usqp=CCk
1126,trEsT0aGeAQ,이 무늬의 고양이는 까칠하다?!,Is this patterned cat grumpy?!,https://www.youtube.com/shorts/trEsT0aGeAQ,https://www.youtube.com/watch?v=trEsT0aGeAQ,shorts,shorts,shorts,,,,34000,기타/엔터테인먼트,https://i.ytimg.com/vi/trEsT0aGeAQ/oardefault.jpg?usqp=CCk
1127,VviL_AQsv0k,현실에선 고양이 전문가인 내가 이 세계에선 0표남?!,Cat expert in real world but outsider in this world?,https://www.youtube.com/shorts/VviL_AQsv0k,https://www.youtube.com/watch?v=VviL_AQsv0k,shorts,shorts,shorts,,,,532000,기타/엔터테인먼트,https://i.ytimg.com/vi/VviL_AQsv0k/oardefault.jpg?sqp=-oaymwEdCJUDENAFSFWQAgHyq4qpAwwIARUAAIhCcAHAAQY=&rs=AOn4CLBMeI-xEhMMoBWyjWryTRNyu5bAcg&usqp=CCk
1128,iLsa3UjSgMs,의외로 “이것”때문에 고양이들이 죽습니다,"Surprisingly, cats die because of “this”",https://www.youtube.com/shorts/iLsa3UjSgMs,https://www.youtube.com/watch?v=iLsa3UjSgMs,shorts,shorts,shorts,,,,58000,기타/엔터테인먼트,https://i.ytimg.com/vi/iLsa3UjSgMs/oardefault.jpg?usqp=CCk
1129,N6xQb7Kd8k8,1초만에 고양이 성격 파악하는 방법,1초만에 고양이 성격 파악하는 방법,https://www.youtube.com/shorts/N6xQb7Kd8k8,https://www.youtube.com/watch?v=N6xQb7Kd8k8,shorts,shorts,shorts,,,,226000,행동/감정,https://i.ytimg.com/vi/N6xQb7Kd8k8/oardefault.jpg?usqp=CCk
1130,2g3YxdZyJ5I,고양이가 이런다고 좋아하면 안되는 이유,When a cat feels lonely,https://www.youtube.com/shorts/2g3YxdZyJ5I,https://www.youtube.com/watch?v=2g3YxdZyJ5I,shorts,shorts,shorts,,,,55000,기타/엔터테인먼트,https://i.ytimg.com/vi/2g3YxdZyJ5I/oardefault.jpg?usqp=CCk
1131,_9KWGjH1rgA,애기씨씨티비,애기씨씨티비,https://www.youtube.com/shorts/_9KWGjH1rgA,https://www.youtube.com/watch?v=_9KWGjH1rgA,shorts,shorts,shorts,,,,,기타/엔터테인먼트,https://i.ytimg.com/vi/_9KWGjH1rgA/oar2.jpg?sqp=-oaymwEdCJUDENAFSFWQAgHyq4qpAwwIARUAAIhCcAHAAQY=&rs=AOn4CLCz6C0sAjDeMAiGcVT050o5LhLWWg&usqp=CCk
1132,JUD5V2-TS-w,붓으로 고양이를 그려보자👩‍🎨,붓으로 고양이를 그려보자👩‍🎨,https://www.youtube.com/shorts/JUD5V2-TS-w,https://www.youtube.com/watch?v=JUD5V2-TS-w,shorts,shorts,shorts,,,,42000,기타/엔터테인먼트,https://i.ytimg.com/vi/JUD5V2-TS-w/oar2.jpg?sqp=-oaymwEdCJUDENAFSFWQAgHyq4qpAwwIARUAAIhCcAHAAQY=&rs=AOn4CLDSUV4TpBNrXXtI1kNGKZAH9x6oSg&usqp=CCk
1133,JS5x_PfrfoU,이것만 있으면 나도 고양이 있어,이것만 있으면 나도 고양이 있어,https://www.youtube.com/shorts/JS5x_PfrfoU,https://www.youtube.com/watch?v=JS5x_PfrfoU,shorts,shorts,shorts,,,,133000,기타/엔터테인먼트,https://i.ytimg.com/vi/JS5x_PfrfoU/oar2.jpg?sqp=-oaymwEdCJUDENAFSFWQAgHyq4qpAwwIARUAAIhCcAHAAQY=&rs=AOn4CLDdgWwjod_yfa7-MzBT_qsEhcjdww&usqp=CCk
1134,_wAKhOZ1c70,집사 핸드폰 바꾼 이유2,집사 핸드폰 바꾼 이유2,https://www.youtube.com/shorts/_wAKhOZ1c70,https://www.youtube.com/watch?v=_wAKhOZ1c70,shorts,shorts,shorts,,,,70000,관계/윤리,https://i.ytimg.com/vi/_wAKhOZ1c70/oardefault.jpg?sqp=-oaymwEdCJUDENAFSFWQAgHyq4qpAwwIARUAAIhCcAHAAQY=&rs=AOn4CLBjCdahnmrLA32E75N5MPa4cxxUWA&usqp=CCk
1135,RYPnxyo5aCc,집사 핸드폰 바꾼 이유,집사 핸드폰 바꾼 이유,https://www.youtube.com/shorts/RYPnxyo5aCc,https://www.youtube.com/watch?v=RYPnxyo5aCc,shorts,shorts,shorts,,,,61000,관계/윤리,https://i.ytimg.com/vi/RYPnxyo5aCc/oardefault.jpg?sqp=-oaymwEdCJUDENAFSFWQAgHyq4qpAwwIARUAAIhCcAHAAQY=&rs=AOn4CLCo1i0mvlNDAMgDYLs8tjzfJs5V6Q&usqp=CCk
1136,gbI5E0umUz8,수의사가 경배하는 천사고양이 3대장,The three ANGELs of the cat world (even vet agrees),https://www.youtube.com/shorts/gbI5E0umUz8,https://www.youtube.com/watch?v=gbI5E0umUz8,shorts,shorts,shorts,,,,1600000,건강/진료,https://i.ytimg.com/vi/gbI5E0umUz8/oardefault.jpg?sqp=-oaymwEdCJUDENAFSFWQAgHyq4qpAwwIARUAAIhCcAHAAQY=&rs=AOn4CLBrOUQ3lr2D9LlQYuD3rXzZvmSEHQ&usqp=CCk
1137,X2g5kOgmDwk,고양이가 집사를 사랑할 때 하는 행동,고양이가 집사를 사랑할 때 하는 행동,https://www.youtube.com/shorts/X2g5kOgmDwk,https://www.youtube.com/watch?v=X2g5kOgmDwk,shorts,shorts,shorts,,,,223000,행동/감정;관계/윤리,https://i.ytimg.com/vi/X2g5kOgmDwk/oar2.jpg?sqp=-oaymwEdCJUDENAFSFWQAgHyq4qpAwwIARUAAIhCcAHAAQY=&rs=AOn4CLCKlaREMCYL97ltZ8mJr5Zn1cxXdQ&usqp=CCk
1138,RQ09F33Y3zw,날고있다냥✈️,날고있다냥✈️,https://www.youtube.com/shorts/RQ09F33Y3zw,https://www.youtube.com/watch?v=RQ09F33Y3zw,shorts,shorts,shorts,,,,50000,기타/엔터테인먼트,https://i.ytimg.com/vi/RQ09F33Y3zw/oar2.jpg?sqp=-oaymwEdCJUDENAFSFWQAgHyq4qpAwwIARUAAIhCcAHAAQY=&rs=AOn4CLAqQVAUjQueSZGhtSl17S6eP0sD2A&usqp=CCk
1139,wtonYQyjCzU,사람보다 타자 빨리 치는 고양이,사람보다 타자 빨리 치는 고양이,https://www.youtube.com/shorts/wtonYQyjCzU,https://www.youtube.com/watch?v=wtonYQyjCzU,shorts,shorts,shorts,,,,71000,기타/엔터테인먼트,https://i.ytimg.com/vi/wtonYQyjCzU/oar2.jpg?sqp=-oaymwEdCJUDENAFSFWQAgHyq4qpAwwIARUAAIhCcAHAAQY=&rs=AOn4CLBHSsAigZuwwOoPRNNRNfGf6lrpJQ&usqp=CCk
1140,Et3iDU-ebbg,애기씨 저녁 루틴,애기씨 저녁 루틴,https://www.youtube.com/shorts/Et3iDU-ebbg,https://www.youtube.com/watch?v=Et3iDU-ebbg,shorts,shorts,shorts,,,,,기타/엔터테인먼트,https://i.ytimg.com/vi/Et3iDU-ebbg/oar2.jpg?sqp=-oaymwEdCJUDENAFSFWQAgHyq4qpAwwIARUAAIhCcAHAAQY=&rs=AOn4CLAzQWC16SY9Alq2pFJrb7P_xB-PAA&usqp=CCk
1141,KDJv8m-42PQ,집사만 입이고 애기씬 주둥이냥!,집사만 입이고 애기씬 주둥이냥!,https://www.youtube.com/shorts/KDJv8m-42PQ,https://www.youtube.com/watch?v=KDJv8m-42PQ,shorts,shorts,shorts,,,,177000,관계/윤리,https://i.ytimg.com/vi/KDJv8m-42PQ/oar2.jpg?sqp=-oaymwEdCJUDENAFSFWQAgHyq4qpAwwIARUAAIhCcAHAAQY=&rs=AOn4CLA95zOsuV1TJLu01sLi-RqEz1PlMQ&usqp=CCk
1142,ICaRXB-2Iq8,마지막 손 위치가 킬포ㅋㅋㅋ,마지막 손 위치가 킬포ㅋㅋㅋ,https://www.youtube.com/shorts/ICaRXB-2Iq8,https://www.youtube.com/watch?v=ICaRXB-2Iq8,shorts,shorts,shorts,,,,54000,기타/엔터테인먼트,https://i.ytimg.com/vi/ICaRXB-2Iq8/oar2.jpg?sqp=-oaymwEdCJUDENAFSFWQAgHyq4qpAwwIARUAAIhCcAHAAQY=&rs=AOn4CLDNWmxs_29axPo_UaNUsNmqzGD53Q&usqp=CCk
1143,OBXfBCD5B4w,고양이는 피아노 나는 피아니스트🎹,고양이는 피아노 나는 피아니스트🎹,https://www.youtube.com/shorts/OBXfBCD5B4w,https://www.youtube.com/watch?v=OBXfBCD5B4w,shorts,shorts,shorts,,,,27000,기타/엔터테인먼트,https://i.ytimg.com/vi/OBXfBCD5B4w/oar2.jpg?sqp=-oaymwEdCJUDENAFSFWQAgHyq4qpAwwIARUAAIhCcAHAAQY=&rs=AOn4CLCzEaNfilmKx0mZyb3623V8OAEEtg&usqp=CCk
1144,ZKmXGa0CcHg,누가 더 서열이 높아보이나요?,누가 더 서열이 높아보이나요?,https://www.youtube.com/shorts/ZKmXGa0CcHg,https://www.youtube.com/watch?v=ZKmXGa0CcHg,shorts,shorts,shorts,,,,50000,기타/엔터테인먼트,https://i.ytimg.com/vi/ZKmXGa0CcHg/oar2.jpg?sqp=-oaymwEdCJUDENAFSFWQAgHyq4qpAwwIARUAAIhCcAHAAQY=&rs=AOn4CLCF6cRCDerTXub_hWjpBvOShj1KQw&usqp=CCk
1145,1M58BQ9Wpng,애기씨 몇층 살아?,애기씨 몇층 살아?,https://www.youtube.com/shorts/1M58BQ9Wpng,https://www.youtube.com/watch?v=1M58BQ9Wpng,shorts,shorts,shorts,,,,37000,기타/엔터테인먼트,https://i.ytimg.com/vi/1M58BQ9Wpng/oar2.jpg?sqp=-oaymwEdCI0DENAFSFWQAgHyq4qpAwwIARUAAIhCcAHAAQY=&rs=AOn4CLC_ttzpr5cxQnH01HnpBVlJO0YAgw&usqp=CCk
1146,WMEDizv0olw,이건 진짜 추천입니다,이건 진짜 추천입니다,https://www.youtube.com/shorts/WMEDizv0olw,https://www.youtube.com/watch?v=WMEDizv0olw,shorts,shorts,shorts,,,,44000,기타/엔터테인먼트,https://i.ytimg.com/vi/WMEDizv0olw/oar2.jpg?sqp=-oaymwEdCJUDENAFSFWQAgHyq4qpAwwIARUAAIhCcAHAAQY=&rs=AOn4CLCy1-Dg5-h3pK4pflg8ZTyOAhKqoA&usqp=CCk
1147,4RKRRNEnJTc,손은 좀 그래,손은 좀 그래,https://www.youtube.com/shorts/4RKRRNEnJTc,https://www.youtube.com/watch?v=4RKRRNEnJTc,shorts,shorts,shorts,,,,533000,기타/엔터테인먼트,https://i.ytimg.com/vi/4RKRRNEnJTc/hq720.jpg?sqp=-oaymwEdCJUDENAFSFXyq4qpAw8IARUAAIhCcAHAAQbQAQE=&rs=AOn4CLBFpMWXDDjVFxT6VsCI4w4jHsvIVA
1148,DviPyCiVosc,sub)고양이 기만하는 법,How to trick the cats,https://www.youtube.com/shorts/DviPyCiVosc,https://www.youtube.com/watch?v=DviPyCiVosc,shorts,shorts,shorts,,,,681000,기타/엔터테인먼트,https://i.ytimg.com/vi/DviPyCiVosc/oar2.jpg?sqp=-oaymwEdCJUDENAFSFWQAgHyq4qpAwwIARUAAIhCcAHAAQY=&rs=AOn4CLDaDMPDE55V8Jx9Qs4t8E2WiA-D4Q&usqp=CCk
1149,doIWXjW0g1o,고양이는 대체 왜 이럴까,고양이는 대체 왜 이럴까,https://www.youtube.com/shorts/doIWXjW0g1o,https://www.youtube.com/watch?v=doIWXjW0g1o,shorts,shorts,shorts,,,,46000,기타/엔터테인먼트,https://i.ytimg.com/vi/doIWXjW0g1o/oar2.jpg?sqp=-oaymwEdCJUDENAFSFWQAgHyq4qpAwwIARUAAIhCcAHAAQY=&rs=AOn4CLAvfitDqBcIhWLmBmPf0PxqHJilmg&usqp=CCk
1150,LGiRQFP8mng,상남자,"The real ""Guy"" cat",https://www.youtube.com/shorts/LGiRQFP8mng,https://www.youtube.com/watch?v=LGiRQFP8mng,shorts,shorts,shorts,,,,470000,기타/엔터테인먼트,https://i.ytimg.com/vi/LGiRQFP8mng/oar2.jpg?sqp=-oaymwEdCJUDENAFSFWQAgHyq4qpAwwIARUAAIhCcAHAAQY=&rs=AOn4CLA-ltaoYDOEgESSKcH4epa2vfFPzg&usqp=CCk
1151,uzPPmn-irGs,이불은 못참지,이불은 못참지,https://www.youtube.com/shorts/uzPPmn-irGs,https://www.youtube.com/watch?v=uzPPmn-irGs,shorts,shorts,shorts,,,,49000,기타/엔터테인먼트,https://i.ytimg.com/vi/uzPPmn-irGs/hq720.jpg?sqp=-oaymwEdCJUDENAFSFXyq4qpAw8IARUAAIhCcAHAAQbQAQE=&rs=AOn4CLC64ux7ay2j2r2gNCgnUNZyCZS3kQ
1152,xRkgCwF40dE,고양이가 치킨 훔쳐먹는 방법🍗,고양이가 치킨 훔쳐먹는 방법🍗,https://www.youtube.com/shorts/xRkgCwF40dE,https://www.youtube.com/watch?v=xRkgCwF40dE,shorts,shorts,shorts,,,,41000,기타/엔터테인먼트,https://i.ytimg.com/vi/xRkgCwF40dE/oar2.jpg?sqp=-oaymwEdCJUDENAFSFWQAgHyq4qpAwwIARUAAIhCcAHAAQY=&rs=AOn4CLBCe1qSVMx-ObEjmDK1tU_-JcMerA&usqp=CCk
1153,0yZOMqf4PK4,"명상하고, 번뇌하고","Meditate, and be troubled",https://www.youtube.com/shorts/0yZOMqf4PK4,https://www.youtube.com/watch?v=0yZOMqf4PK4,shorts,shorts,shorts,,,,33000,기타/엔터테인먼트,https://i.ytimg.com/vi/0yZOMqf4PK4/oar2.jpg?sqp=-oaymwEdCJUDENAFSFWQAgHyq4qpAwwIARUAAIhCcAHAAQY=&rs=AOn4CLBUpU-Y9VvYaP-XzHSLfoeFBSyq7w&usqp=CCk
1154,sf1tAqC3I7c,화장실 가고 싶어 But! 모래 덮긴 싫어,Why Cats Don't Cover Sand,https://www.youtube.com/shorts/sf1tAqC3I7c,https://www.youtube.com/watch?v=sf1tAqC3I7c,shorts,shorts,shorts,,,,212000,생활/돌봄,https://i.ytimg.com/vi/sf1tAqC3I7c/oar2.jpg?sqp=-oaymwEdCJUDENAFSFWQAgHyq4qpAwwIARUAAIhCcAHAAQY=&rs=AOn4CLBSCc5trCmyJPj0hHWQd1uW9vH7Vw&usqp=CCk
1155,lRx2sIhY3S4,다른집 고양이를 살리기 위해 우리집 고양이 헌혈을 허락했던 보호자👼,the wonderful owner of a cat,https://www.youtube.com/shorts/lRx2sIhY3S4,https://www.youtube.com/watch?v=lRx2sIhY3S4,shorts,shorts,shorts,,,,115000,관계/윤리,https://i.ytimg.com/vi/lRx2sIhY3S4/oar2.jpg?sqp=-oaymwEdCJUDENAFSFWQAgHyq4qpAwwIARUAAIhCcAHAAQY=&rs=AOn4CLDjWpxfdnKWSYZj4iNIckInkyYZJQ&usqp=CCk
1156,O0L7SMeRi1s,고양이는 공기의 저항과 온도 습도 조명마저 느낍니다만,고양이는 공기의 저항과 온도 습도 조명마저 느낍니다만,https://www.youtube.com/shorts/O0L7SMeRi1s,https://www.youtube.com/watch?v=O0L7SMeRi1s,shorts,shorts,shorts,,,,44000,기타/엔터테인먼트,https://i.ytimg.com/vi/O0L7SMeRi1s/oar2.jpg?sqp=-oaymwEdCJUDENAFSFWQAgHyq4qpAwwIARUAAIhCcAHAAQY=&rs=AOn4CLAAu-6kL5j5bRdQZe4-NqNpXAQ6Pg&usqp=CCk
1157,17CoAWyV7_g,살벌한 고양이 싸움의 실체,The Reality of a Fierce Cat Fight,https://www.youtube.com/shorts/17CoAWyV7_g,https://www.youtube.com/watch?v=17CoAWyV7_g,shorts,shorts,shorts,,,,70000,행동/감정,https://i.ytimg.com/vi/17CoAWyV7_g/oar2.jpg?sqp=-oaymwEdCJUDENAFSFWQAgHyq4qpAwwIARUAAIhCcAHAAQY=&rs=AOn4CLCDMioeF7c9zIBdycFJfwi3nqF34g&usqp=CCk
1158,3fRW5PilpRg,😏이거 아무나 못합니다,😏Not everyone can do this,https://www.youtube.com/shorts/3fRW5PilpRg,https://www.youtube.com/watch?v=3fRW5PilpRg,shorts,shorts,shorts,,,,49000,기타/엔터테인먼트,https://i.ytimg.com/vi/3fRW5PilpRg/oar2.jpg?sqp=-oaymwEdCJUDENAFSFWQAgHyq4qpAwwIARUAAIhCcAHAAQY=&rs=AOn4CLBs-vwDsAtNW8pK6VQcDAzb3Bqf_A&usqp=CCk
1159,fw4LEhXOXR4,카메라만 키면 잔소리하는 고양이의 속마음,카메라만 키면 잔소리하는 고양이의 속마음,https://www.youtube.com/shorts/fw4LEhXOXR4,https://www.youtube.com/watch?v=fw4LEhXOXR4,shorts,shorts,shorts,,,,93000,기타/엔터테인먼트,https://i.ytimg.com/vi/fw4LEhXOXR4/oar2.jpg?sqp=-oaymwEdCJUDENAFSFWQAgHyq4qpAwwIARUAAIhCcAHAAQY=&rs=AOn4CLD-FUt8DjBI_iLraJIV49k5bjtChQ&usqp=CCk
1160,eXlUglowu4s,고놈 참 애교가 넘치는구나!,That guy is so cute!,https://www.youtube.com/shorts/eXlUglowu4s,https://www.youtube.com/watch?v=eXlUglowu4s,shorts,shorts,shorts,,,,30000,기타/엔터테인먼트,https://i.ytimg.com/vi/eXlUglowu4s/oar2.jpg?sqp=-oaymwEdCJUDENAFSFWQAgHyq4qpAwwIARUAAIhCcAHAAQY=&rs=AOn4CLALA5EC0nbZAaDl1KxNW0-safg2fQ&usqp=CCk
1161,YYfuZZ5HYQg,집사가 수의사면 고양이는 배신감을 느낄까?,집사가 수의사면 고양이는 배신감을 느낄까?,https://www.youtube.com/shorts/YYfuZZ5HYQg,https://www.youtube.com/watch?v=YYfuZZ5HYQg,shorts,shorts,shorts,,,,167000,건강/진료;관계/윤리,https://i.ytimg.com/vi/YYfuZZ5HYQg/oar2.jpg?sqp=-oaymwEdCJUDENAFSFWQAgHyq4qpAwwIARUAAIhCcAHAAQY=&rs=AOn4CLCYb7PCesECUgF0z_2h9CsvGmVwEw&usqp=CCk
1162,qJ2XmH8UsfM,사모님 시간있어? 전화좀 받아봐,"Do you have time, ma'am? Please answer the phone.",https://www.youtube.com/shorts/qJ2XmH8UsfM,https://www.youtube.com/watch?v=qJ2XmH8UsfM,shorts,shorts,shorts,,,,45000,기타/엔터테인먼트,https://i.ytimg.com/vi/qJ2XmH8UsfM/oar2.jpg?sqp=-oaymwEdCJUDENAFSFWQAgHyq4qpAwwIARUAAIhCcAHAAQY=&rs=AOn4CLCSGsgvUoDjN3EcFDIj2pmWee3O-w&usqp=CCk
1163,iBT6jAS3atI,이것만 잘해도 기네스북에 등재됩니다,이것만 잘해도 기네스북에 등재됩니다,https://www.youtube.com/shorts/iBT6jAS3atI,https://www.youtube.com/watch?v=iBT6jAS3atI,shorts,shorts,shorts,,,,43000,기타/엔터테인먼트,https://i.ytimg.com/vi/iBT6jAS3atI/oar2.jpg?sqp=-oaymwEdCJUDENAFSFWQAgHyq4qpAwwIARUAAIhCcAHAAQY=&rs=AOn4CLBoRXum7vx2YAR3ViiBi0RCjAK0DA&usqp=CCk
1164,XmfAZnNZ0Tw,다 죽어가던 고양이를 살릴 수 있었던 바로 그 선택,다 죽어가던 고양이를 살릴 수 있었던 바로 그 선택,https://www.youtube.com/shorts/XmfAZnNZ0Tw,https://www.youtube.com/watch?v=XmfAZnNZ0Tw,shorts,shorts,shorts,,,,48000,기타/엔터테인먼트,https://i.ytimg.com/vi/XmfAZnNZ0Tw/oar2.jpg?sqp=-oaymwEdCJUDENAFSFWQAgHyq4qpAwwIARUAAIhCcAHAAQY=&rs=AOn4CLBZEVhGdfSmEap-UOpbz5JG6qNTIQ&usqp=CCk
1165,__GNqn6mCLY,집사님들 할수있습니다 좀더 힘내세요,"Butlers, you can do it. Please try harder.",https://www.youtube.com/shorts/__GNqn6mCLY,https://www.youtube.com/watch?v=__GNqn6mCLY,shorts,shorts,shorts,,,,120000,관계/윤리,https://i.ytimg.com/vi/__GNqn6mCLY/oar2.jpg?sqp=-oaymwEdCJUDENAFSFWQAgHyq4qpAwwIARUAAIhCcAHAAQY=&rs=AOn4CLCmeAo_0tK3nWjnJ7xhUq2xbTWJ6w&usqp=CCk
1166,pTpAHf4lOrU,sub) 고양이랑 친한 사람 특,sub) Characteristic of a person who is close to cats,https://www.youtube.com/shorts/pTpAHf4lOrU,https://www.youtube.com/watch?v=pTpAHf4lOrU,shorts,shorts,shorts,,,,112000,기타/엔터테인먼트,https://i.ytimg.com/vi/pTpAHf4lOrU/oar2.jpg?sqp=-oaymwEdCJUDENAFSFWQAgHyq4qpAwwIARUAAIhCcAHAAQY=&rs=AOn4CLAZLHTQNV1DIwquJfOqkqS1T6UYBg&usqp=CCk
1167,23Ivi0CDCno,sub) 고양이가 먹어도 괜찮은 식물 찾는법 🪴,How To Figure Out Which Plants Are Safe For Cats To Eat🪴,https://www.youtube.com/shorts/23Ivi0CDCno,https://www.youtube.com/watch?v=23Ivi0CDCno,shorts,shorts,shorts,,,,66000,기타/엔터테인먼트,https://i.ytimg.com/vi/23Ivi0CDCno/oar2.jpg?sqp=-oaymwEdCJUDENAFSFWQAgHyq4qpAwwIARUAAIhCcAHAAQY=&rs=AOn4CLBxTu6IsC6n_EbPQPJSEEBbGiXdqw&usqp=CCk
1168,MAW351_2wZI,sub) 벼는 익을수록 고개를 숙인다는데 고양이는,Cat with a saggy skin,https://www.youtube.com/shorts/MAW351_2wZI,https://www.youtube.com/watch?v=MAW351_2wZI,shorts,shorts,shorts,,,,113000,기타/엔터테인먼트,https://i.ytimg.com/vi/MAW351_2wZI/oar2.jpg?sqp=-oaymwEdCJUDENAFSFWQAgHyq4qpAwwIARUAAIhCcAHAAQY=&rs=AOn4CLDvENUnOgJ7P4UhBrDsiEtFpoidYw&usqp=CCk
1169,FaAdjROEkG4,고양이의 천재성을 깨워주는 방법,How to Unleash Your Cat's Inner Genius,https://www.youtube.com/shorts/FaAdjROEkG4,https://www.youtube.com/watch?v=FaAdjROEkG4,shorts,shorts,shorts,,,,71000,기타/엔터테인먼트,https://i.ytimg.com/vi/FaAdjROEkG4/oar2.jpg?sqp=-oaymwEdCJUDENAFSFWQAgHyq4qpAwwIARUAAIhCcAHAAQY=&rs=AOn4CLB1l5vneu0N36oB1mhpBrUQiMKs1w&usqp=CCk
1170,ZL5j1tJl3go,sub) 전기를 맛보는 고양이가 있다!!,A cat addicted to static electricity,https://www.youtube.com/shorts/ZL5j1tJl3go,https://www.youtube.com/watch?v=ZL5j1tJl3go,shorts,shorts,shorts,,,,33000,기타/엔터테인먼트,https://i.ytimg.com/vi/ZL5j1tJl3go/oar2.jpg?sqp=-oaymwEdCJUDENAFSFWQAgHyq4qpAwwIARUAAIhCcAHAAQY=&rs=AOn4CLA6363mll-8Z7gLH35_5moZVk0ZAg&usqp=CCk
1171,T9o7js9gvHU,sub) 난 누구의 명령도 듣지 않는다 사료? 힘으로 쟁취하겠어,I don't listen to anyone. I'll get my food by myself,https://www.youtube.com/shorts/T9o7js9gvHU,https://www.youtube.com/watch?v=T9o7js9gvHU,shorts,shorts,shorts,,,,37000,생활/돌봄,https://i.ytimg.com/vi/T9o7js9gvHU/oar2.jpg?sqp=-oaymwEdCJUDENAFSFWQAgHyq4qpAwwIARUAAIhCcAHAAQY=&rs=AOn4CLBd_Zol4ZNOeo1sHxZWQPlTK1rhhQ&usqp=CCk
1172,Kw3eNLRhM04,sub) 머리를 감다 못해 등목까지 하는 수속성 고양이😸🚿,sub) Water-Loving Cat That Takes Showers😸🚿,https://www.youtube.com/shorts/Kw3eNLRhM04,https://www.youtube.com/watch?v=Kw3eNLRhM04,shorts,shorts,shorts,,,,138000,기타/엔터테인먼트,https://i.ytimg.com/vi/Kw3eNLRhM04/oar2.jpg?sqp=-oaymwEdCJUDENAFSFWQAgHyq4qpAwwIARUAAIhCcAHAAQY=&rs=AOn4CLAo-3Oyh-ImXsyCF7xh8IUduVBfpQ&usqp=CCk
1173,oeSZ5Vwy9V0,오...이제 아빠도 사랑해주는거야?😻,오...이제 아빠도 사랑해주는거야?😻,https://www.youtube.com/shorts/oeSZ5Vwy9V0,https://www.youtube.com/watch?v=oeSZ5Vwy9V0,shorts,shorts,shorts,,,,65000,서사/상담,https://i.ytimg.com/vi/oeSZ5Vwy9V0/oar2.jpg?sqp=-oaymwEdCJUDENAFSFWQAgHyq4qpAwwIARUAAIhCcAHAAQY=&rs=AOn4CLBfbSy35Ypnx53R3OgDXtKw7UrLlw&usqp=CCk
1174,xhhKXcw-zrg,sub) 고양이는 은혜를 갚습니다 스즈메는 반성하라!,"Cats return the favor. Reflect on yourself, Suzume!",https://www.youtube.com/shorts/xhhKXcw-zrg,https://www.youtube.com/watch?v=xhhKXcw-zrg,shorts,shorts,shorts,,,,52000,기타/엔터테인먼트,https://i.ytimg.com/vi/xhhKXcw-zrg/oar2.jpg?sqp=-oaymwEdCJUDENAFSFWQAgHyq4qpAwwIARUAAIhCcAHAAQY=&rs=AOn4CLAZoDw9-O5G9d_8vQk4WIemsQUm8g&usqp=CCk
1175,S2_3079WSL4,sub) 이러면 고양이들이 사랑받지 못한다고 느껴요,"If you do this, cats will feel like they're not loved",https://www.youtube.com/shorts/S2_3079WSL4,https://www.youtube.com/watch?v=S2_3079WSL4,shorts,shorts,shorts,,,,640000,기타/엔터테인먼트,https://i.ytimg.com/vi/S2_3079WSL4/oar2.jpg?sqp=-oaymwEdCJUDENAFSFWQAgHyq4qpAwwIARUAAIhCcAHAAQY=&rs=AOn4CLAZURAbb3UnEqp1SGV2a0Rm7XurHA&usqp=CCk
1176,Uvn0Aohqekw,인내심 최고 20초나 참아주는 고양이,인내심 최고 20초나 참아주는 고양이,https://www.youtube.com/shorts/Uvn0Aohqekw,https://www.youtube.com/watch?v=Uvn0Aohqekw,shorts,shorts,shorts,,,,604000,기타/엔터테인먼트,https://i.ytimg.com/vi/Uvn0Aohqekw/oar2.jpg?sqp=-oaymwEdCJUDENAFSFWQAgHyq4qpAwwIARUAAIhCcAHAAQY=&rs=AOn4CLBxT5pYvJGDk0PqrX6BS--YHd6DzA&usqp=CCk
1177,Zfp2LUjEyz8,sub) 은근한 폭력(?) 고양이 그루밍,sub) Shouldn't they lick each other out of affection?,https://www.youtube.com/shorts/Zfp2LUjEyz8,https://www.youtube.com/watch?v=Zfp2LUjEyz8,shorts,shorts,shorts,,,,89000,기타/엔터테인먼트,https://i.ytimg.com/vi/Zfp2LUjEyz8/oar2.jpg?sqp=-oaymwEdCJUDENAFSFWQAgHyq4qpAwwIARUAAIhCcAHAAQY=&rs=AOn4CLB8Fk4UyZ1m_8PBXboMTfbUSacKIw&usqp=CCk
1178,3IMbyQiAI-E,내것이었으면...그게 너였으면....,내것이었으면...그게 너였으면....,https://www.youtube.com/shorts/3IMbyQiAI-E,https://www.youtube.com/watch?v=3IMbyQiAI-E,shorts,shorts,shorts,,,,26000,기타/엔터테인먼트,https://i.ytimg.com/vi/3IMbyQiAI-E/oar2.jpg?sqp=-oaymwEdCJUDENAFSFWQAgHyq4qpAwwIARUAAIhCcAHAAQY=&rs=AOn4CLDmvjnWDiDzmD7bmphbe2Lan8rwpQ&usqp=CCk
1179,Ew6jT8qOSdg,저기 좀 나와주세요,Please come out here,https://www.youtube.com/shorts/Ew6jT8qOSdg,https://www.youtube.com/watch?v=Ew6jT8qOSdg,shorts,shorts,shorts,,,,63000,기타/엔터테인먼트,https://i.ytimg.com/vi/Ew6jT8qOSdg/oar2.jpg?sqp=-oaymwEdCJUDENAFSFWQAgHyq4qpAwwIARUAAIhCcAHAAQY=&rs=AOn4CLA563_imoW9jECUefxoSTOOfn38wQ&usqp=CCk
1180,XDIaIZ4Bapg,이보다 야무진 꾹꾹이 본 적 있으세요?,😻cutest cat making biscuits,https://www.youtube.com/shorts/XDIaIZ4Bapg,https://www.youtube.com/watch?v=XDIaIZ4Bapg,shorts,shorts,shorts,,,,37000,행동/감정,https://i.ytimg.com/vi/XDIaIZ4Bapg/oar2.jpg?sqp=-oaymwEdCJUDENAFSFWQAgHyq4qpAwwIARUAAIhCcAHAAQY=&rs=AOn4CLBexW0lQNCPNkNiNqEMVQfqfLEC5g&usqp=CCk
1181,VVRGOnuLK3E,😱우리 집 고양이가 아비시니안이면 꼭 봐야하는 영상,You must watch this video if you have an Abyssinian cat.,https://www.youtube.com/shorts/VVRGOnuLK3E,https://www.youtube.com/watch?v=VVRGOnuLK3E,shorts,shorts,shorts,,,,96000,기타/엔터테인먼트,https://i.ytimg.com/vi/VVRGOnuLK3E/oar2.jpg?sqp=-oaymwEdCJUDENAFSFWQAgHyq4qpAwwIARUAAIhCcAHAAQY=&rs=AOn4CLA6df_BBn2KO1VeKSfXu1tCecVGNQ&usqp=CCk
1182,YmaRXsa_Uxc,'이것'만 있으면 이제 고양이는 제껍니다,'이것'만 있으면 이제 고양이는 제껍니다,https://www.youtube.com/shorts/YmaRXsa_Uxc,https://www.youtube.com/watch?v=YmaRXsa_Uxc,shorts,shorts,shorts,,,,66000,기타/엔터테인먼트,https://i.ytimg.com/vi/YmaRXsa_Uxc/oar2.jpg?sqp=-oaymwEdCJUDENAFSFWQAgHyq4qpAwwIARUAAIhCcAHAAQY=&rs=AOn4CLBhHXQAfjj7KgezWeJWoqAoXAwwyw&usqp=CCk
1183,XZlhmVsW6eM,sub) 고양이가 쥐를 잘 잡을 수 밖에 없는 이유,The reason why cats can't help but hunt mice,https://www.youtube.com/shorts/XZlhmVsW6eM,https://www.youtube.com/watch?v=XZlhmVsW6eM,shorts,shorts,shorts,,,,55000,기타/엔터테인먼트,https://i.ytimg.com/vi/XZlhmVsW6eM/oar2.jpg?sqp=-oaymwEdCJUDENAFSFWQAgHyq4qpAwwIARUAAIhCcAHAAQY=&rs=AOn4CLAvax-a7l6-7X7Y0urFGM4f3Qccmg&usqp=CCk
1184,A_uP_n75SZA,sub) 배 까고 드러누워 자는데 얘 고양이 맞나요?,Why does my cat sleep lying down belly up?,https://www.youtube.com/shorts/A_uP_n75SZA,https://www.youtube.com/watch?v=A_uP_n75SZA,shorts,shorts,shorts,,,,368000,기타/엔터테인먼트,https://i.ytimg.com/vi/A_uP_n75SZA/oar2.jpg?sqp=-oaymwEdCJUDENAFSFWQAgHyq4qpAwwIARUAAIhCcAHAAQY=&rs=AOn4CLCU8IbDtPyXrm6c1LLLhE2ZHf4HxQ&usqp=CCk
1185,IfQFjfpNldw,sub) 고양이랑 밥그릇 싸움,Fighting over a bowl of food with a cat,https://www.youtube.com/shorts/IfQFjfpNldw,https://www.youtube.com/watch?v=IfQFjfpNldw,shorts,shorts,shorts,,,,35000,행동/감정;생활/돌봄,https://i.ytimg.com/vi/IfQFjfpNldw/oar2.jpg?sqp=-oaymwEdCJUDENAFSFWQAgHyq4qpAwwIARUAAIhCcAHAAQY=&rs=AOn4CLBVLMlx3w5P7iEgZjXX_Bvd8i64Sg&usqp=CCk
1186,7Jr1QzAFi1Q,sub) 불편한 자세로 자는 고양이의 진심,The sincerity of the cat sleeping in an uncomfortable posture,https://www.youtube.com/shorts/7Jr1QzAFi1Q,https://www.youtube.com/watch?v=7Jr1QzAFi1Q,shorts,shorts,shorts,,,,184000,기타/엔터테인먼트,https://i.ytimg.com/vi/7Jr1QzAFi1Q/oar2.jpg?sqp=-oaymwEdCJUDENAFSFWQAgHyq4qpAwwIARUAAIhCcAHAAQY=&rs=AOn4CLApKcgn7BCGq80JIZPk56eYQg4_EA&usqp=CCk
1187,7Qc9pKYcdGA,고양이 집중력 레전드,고양이 집중력 레전드,https://www.youtube.com/shorts/7Qc9pKYcdGA,https://www.youtube.com/watch?v=7Qc9pKYcdGA,shorts,shorts,shorts,,,,87000,기타/엔터테인먼트,https://i.ytimg.com/vi/7Qc9pKYcdGA/oar2.jpg?sqp=-oaymwEdCJUDENAFSFWQAgHyq4qpAwwIARUAAIhCcAHAAQY=&rs=AOn4CLC4BpUeJdQ3XU1Fym4tgfIMnwnufg&usqp=CCk
1188,f-2k83--o7c,sub) 수의사에게 동물병원 게임을 시키면 안되는 이유.eu,Reason you shouldn't let a vet play an animal hospital game.eu,https://www.youtube.com/shorts/f-2k83--o7c,https://www.youtube.com/watch?v=f-2k83--o7c,shorts,shorts,shorts,,,,46000,건강/진료,https://i.ytimg.com/vi/f-2k83--o7c/oar2.jpg?sqp=-oaymwEdCJUDENAFSFWQAgHyq4qpAwwIARUAAIhCcAHAAQY=&rs=AOn4CLCAohAx_9ww8ZO0mN8wwOxtkBonZg&usqp=CCk
1189,fPnTRQWGYIs,sub) 임산부는 고양이 절대 키우지 마세요?!,Pregnant women should never keep a cat?!,https://www.youtube.com/shorts/fPnTRQWGYIs,https://www.youtube.com/watch?v=fPnTRQWGYIs,shorts,shorts,shorts,,,,35000,기타/엔터테인먼트,https://i.ytimg.com/vi/fPnTRQWGYIs/oar2.jpg?sqp=-oaymwEdCJUDENAFSFWQAgHyq4qpAwwIARUAAIhCcAHAAQY=&rs=AOn4CLDKVpd5X7IEY4MEd4hToZBu25lRSQ&usqp=CCk
1190,V3SCeXeVLVE,"sub) 펑펑 눈물 흘리는 고양이, 도대체 무슨 사연이? 😭",What's the story behind this crying cat? 😭,https://www.youtube.com/shorts/V3SCeXeVLVE,https://www.youtube.com/watch?v=V3SCeXeVLVE,shorts,shorts,shorts,,,,254000,행동/감정;서사/상담,https://i.ytimg.com/vi/V3SCeXeVLVE/oar2.jpg?sqp=-oaymwEdCJUDENAFSFWQAgHyq4qpAwwIARUAAIhCcAHAAQY=&rs=AOn4CLDhP77h17TRh54QldMXY8ImJwDNKw&usqp=CCk
1191,YJ9n7yZgl5k,sub) 사실 톰과 제리는 청소년 관람불가예요🙀 feat. 수의사,"To be honest, Tom and Jerry should be R-rated 🙀 feat. veterinarian",https://www.youtube.com/shorts/YJ9n7yZgl5k,https://www.youtube.com/watch?v=YJ9n7yZgl5k,shorts,shorts,shorts,,,,46000,건강/진료,https://i.ytimg.com/vi/YJ9n7yZgl5k/oar2.jpg?sqp=-oaymwEdCJUDENAFSFWQAgHyq4qpAwwIARUAAIhCcAHAAQY=&rs=AOn4CLBCzwWl75XW28HJGfSQ4-jN6cej_g&usqp=CCk
1192,OXjzSX00zDk,sub) 고양이들은 이런 사람을 싫어합니다! feat.수의사,The types of people cats hate! (feat. a vet),https://www.youtube.com/shorts/OXjzSX00zDk,https://www.youtube.com/watch?v=OXjzSX00zDk,shorts,shorts,shorts,,,,300000,건강/진료,https://i.ytimg.com/vi/OXjzSX00zDk/oar2.jpg?sqp=-oaymwEdCJUDENAFSFWQAgHyq4qpAwwIARUAAIhCcAHAAQY=&rs=AOn4CLA1Ju-jmLD1k2J-shV1fmQPiZonfw&usqp=CCk
1193,1ZJm-3uS9tI,sub) 우리집 고양이 하버드 보내야겠어요,Better enroll our cat in Harvard University,https://www.youtube.com/shorts/1ZJm-3uS9tI,https://www.youtube.com/watch?v=1ZJm-3uS9tI,shorts,shorts,shorts,,,,179000,기타/엔터테인먼트,https://i.ytimg.com/vi/1ZJm-3uS9tI/oar2.jpg?sqp=-oaymwEdCJUDENAFSFWQAgHyq4qpAwwIARUAAIhCcAHAAQY=&rs=AOn4CLAh4rQkPgcmfyzUXSNJ0n54jM_N8Q&usqp=CCk
1194,MUnkm6COQ50,"sub) 고양이 수의사, 이런 동물까지 수술했다면 믿으시겠습니까...",sub) Would you believe that a cat vet performed surgery on even this animal...,https://www.youtube.com/shorts/MUnkm6COQ50,https://www.youtube.com/watch?v=MUnkm6COQ50,shorts,shorts,shorts,,,,353000,건강/진료,https://i.ytimg.com/vi/MUnkm6COQ50/oar2.jpg?sqp=-oaymwEdCJUDENAFSFWQAgHyq4qpAwwIARUAAIhCcAHAAQY=&rs=AOn4CLAkAzMChGAVZ5H4LZLy5G22yjM7Uw&usqp=CCk
1195,tp9FSTrj9PU,sub) 물 잘먹으니 우리집 고양이 방광염은 문제 없겠죠?,"Since my cat drinks water well, it won't have cystitis, right?",https://www.youtube.com/shorts/tp9FSTrj9PU,https://www.youtube.com/watch?v=tp9FSTrj9PU,shorts,shorts,shorts,,,,93000,건강/진료,https://i.ytimg.com/vi/tp9FSTrj9PU/oar2.jpg?sqp=-oaymwEdCJUDENAFSFWQAgHyq4qpAwwIARUAAIhCcAHAAQY=&rs=AOn4CLDN4is-bXqC9udwCgImUX1Lv2oUEg&usqp=CCk
1196,5gI7lthkrFQ,sub) 고양이 꼬리펑! 이렇게 깊은 뜻이💥,This is why cats puff their tails💥,https://www.youtube.com/shorts/5gI7lthkrFQ,https://www.youtube.com/watch?v=5gI7lthkrFQ,shorts,shorts,shorts,,,,180000,행동/감정,https://i.ytimg.com/vi/5gI7lthkrFQ/oar2.jpg?sqp=-oaymwEdCJUDENAFSFWQAgHyq4qpAwwIARUAAIhCcAHAAQY=&rs=AOn4CLB7ZOcVetCGCpoD7fn9Mi2bj1ZhXw&usqp=CCk
1197,HCBWEBlL1p4,sub) 고양이 입에서 나는 심각한 질병의 냄새!,Serious cat's mouth stink that signifies illness!,https://www.youtube.com/shorts/HCBWEBlL1p4,https://www.youtube.com/watch?v=HCBWEBlL1p4,shorts,shorts,shorts,,,,68000,기타/엔터테인먼트,https://i.ytimg.com/vi/HCBWEBlL1p4/oar2.jpg?sqp=-oaymwEdCJUDENAFSFWQAgHyq4qpAwwIARUAAIhCcAHAAQY=&rs=AOn4CLD2-IDyYMGu-QQ99bGGoE1wvr0ewA&usqp=CCk
1198,Thho9I22rkU,sub) 고양이가 이 표정을 하면 돔황챠🏃‍♀️🏃‍♀️🏃‍♀️,Run away if you see a cat making this face🏃‍♀️🏃‍♀️🏃‍♀️,https://www.youtube.com/shorts/Thho9I22rkU,https://www.youtube.com/watch?v=Thho9I22rkU,shorts,shorts,shorts,,,,48000,기타/엔터테인먼트,https://i.ytimg.com/vi/Thho9I22rkU/oar2.jpg?sqp=-oaymwEdCJUDENAFSFWQAgHyq4qpAwwIARUAAIhCcAHAAQY=&rs=AOn4CLDyPrJshOiqIFuzPuYwxY7xw9P0qQ&usqp=CCk
1199,bpoDsdFZANE,수의사네집 고양이도 싸워요 #shorts,수의사네집 고양이도 싸워요 #shorts,https://www.youtube.com/shorts/bpoDsdFZANE,https://www.youtube.com/watch?v=bpoDsdFZANE,shorts,shorts,shorts,,,,247000,건강/진료,https://i.ytimg.com/vi/bpoDsdFZANE/oar2.jpg?sqp=-oaymwEdCJUDENAFSFWQAgHyq4qpAwwIARUAAIhCcAHAAQY=&rs=AOn4CLCwn_K63ip_-wpLxsDpiogGJn28hA&usqp=CCk
1200,SwctgzNpfcE,sub) 고양이는 인간보다 스트레스를 더 많이 받습니다 이유는요...,Why are cats more sensitive to stress than humans...?,https://www.youtube.com/shorts/SwctgzNpfcE,https://www.youtube.com/watch?v=SwctgzNpfcE,shorts,shorts,shorts,,,,134000,행동/감정,https://i.ytimg.com/vi/SwctgzNpfcE/oar2.jpg?sqp=-oaymwEdCJUDENAFSFWQAgHyq4qpAwwIARUAAIhCcAHAAQY=&rs=AOn4CLDT1msw3dK2t5AAHPg9mdNAQfQmTA&usqp=CCk
1201,ANCNyLLpWEg,sub) 고양이 하루 몇 끼 먹어야 하는지 수의사 총정리,The vet will tell you how many meals the cat should eat.,https://www.youtube.com/shorts/ANCNyLLpWEg,https://www.youtube.com/watch?v=ANCNyLLpWEg,shorts,shorts,shorts,,,,275000,건강/진료,https://i.ytimg.com/vi/ANCNyLLpWEg/oar2.jpg?sqp=-oaymwEdCJUDENAFSFWQAgHyq4qpAwwIARUAAIhCcAHAAQY=&rs=AOn4CLBsUxM8lob9MfUGgWDr6GAH0ShCXw&usqp=CCk
1202,aKSagOO7Yfk,sub) 고양이한테 말 너무 많이 걸면 큰일납니다 🤯,Be careful not to be too talkative with your cat 🤯,https://www.youtube.com/shorts/aKSagOO7Yfk,https://www.youtube.com/watch?v=aKSagOO7Yfk,shorts,shorts,shorts,,,,185000,기타/엔터테인먼트,https://i.ytimg.com/vi/aKSagOO7Yfk/oar2.jpg?sqp=-oaymwEdCJUDENAFSFWQAgHyq4qpAwwIARUAAIhCcAHAAQY=&rs=AOn4CLCn_TFBw3v2SfMEzdgZ4yU3-SA0YA&usqp=CCk
1203,t9zNadkur7k,sub) 고양이랑 살면 후회합니다 이 단점들 어떡합니까?,What you have to give up when you have a cat,https://www.youtube.com/shorts/t9zNadkur7k,https://www.youtube.com/watch?v=t9zNadkur7k,shorts,shorts,shorts,,,,200000,기타/엔터테인먼트,https://i.ytimg.com/vi/t9zNadkur7k/oar2.jpg?sqp=-oaymwEdCJUDENAFSFWQAgHyq4qpAwwIARUAAIhCcAHAAQY=&rs=AOn4CLAQMUlGwpmZ6QqMgxVAjvOMJAyDgQ&usqp=CCk
1204,DT8r4hgxatg,왜부르냥? 🐱,왜부르냥? 🐱,https://www.youtube.com/shorts/DT8r4hgxatg,https://www.youtube.com/watch?v=DT8r4hgxatg,shorts,shorts,shorts,,,,1100000,기타/엔터테인먼트,https://i.ytimg.com/vi/DT8r4hgxatg/oar2.jpg?sqp=-oaymwEdCJUDENAFSFWQAgHyq4qpAwwIARUAAIhCcAHAAQY=&rs=AOn4CLAYbW_TwaWfy9CFpUotDcmFydasnA&usqp=CCk
1205,-D4vU1WiUns,sub) 그건 아마 고양이의 잘못은 아닐거야 그냥 집사의 오해일거야...,"It's probably not the cat's fault, it's just the butler's misunderstanding...",https://www.youtube.com/shorts/-D4vU1WiUns,https://www.youtube.com/watch?v=-D4vU1WiUns,shorts,shorts,shorts,,,,153000,관계/윤리,https://i.ytimg.com/vi/-D4vU1WiUns/oar2.jpg?sqp=-oaymwEdCJUDENAFSFWQAgHyq4qpAwwIARUAAIhCcAHAAQY=&rs=AOn4CLCajZuiKGuGagHfj0JLZSPD9U4aww&usqp=CCk
1206,g8IUGxYC3lU,sub) 고양이가 좋아한다고 두면 안돼요! 이거 진짜 위험합니다,"Never let your cats do this, even if they love it! This is really dangerous.",https://www.youtube.com/shorts/g8IUGxYC3lU,https://www.youtube.com/watch?v=g8IUGxYC3lU,shorts,shorts,shorts,,,,908000,관계/윤리,https://i.ytimg.com/vi/g8IUGxYC3lU/oar2.jpg?sqp=-oaymwEdCJUDENAFSFWQAgHyq4qpAwwIARUAAIhCcAHAAQY=&rs=AOn4CLAdYrsNSWtYObBNvoRY_uB2b5dtCg&usqp=CCk
1207,Jm1iO-PdaJQ,sub) 마른 하늘을 달리던 고양이🙀,The cat who flew across the sky 🙀,https://www.youtube.com/shorts/Jm1iO-PdaJQ,https://www.youtube.com/watch?v=Jm1iO-PdaJQ,shorts,shorts,shorts,,,,2200000,기타/엔터테인먼트,https://i.ytimg.com/vi/Jm1iO-PdaJQ/oar2.jpg?sqp=-oaymwEdCJUDENAFSFWQAgHyq4qpAwwIARUAAIhCcAHAAQY=&rs=AOn4CLCXiMZaxns0LthDSP3GRtPRnUJlhg&usqp=CCk
1208,WJ0oWuLBA_I,sub) 고양이가 자꾸 제 노트북을 뺏습니다,My Cat Keeps Stealing My Laptop,https://www.youtube.com/shorts/WJ0oWuLBA_I,https://www.youtube.com/watch?v=WJ0oWuLBA_I,shorts,shorts,shorts,,,,190000,기타/엔터테인먼트,https://i.ytimg.com/vi/WJ0oWuLBA_I/oar2.jpg?usqp=CCk
1209,418OybIqKGc,sub) 0원 짜린데 고양이가 너무 좋아합니다,"It's worth 0 won, but the cat loves it so much",https://www.youtube.com/shorts/418OybIqKGc,https://www.youtube.com/watch?v=418OybIqKGc,shorts,shorts,shorts,,,,92000,기타/엔터테인먼트,https://i.ytimg.com/vi/418OybIqKGc/oar2.jpg?usqp=CCk
1210,L69EXs3evW4,sub) 갑자기 착해진 고양이...아프다는 뜻일 수 있다?,A cat suddenly acting docile...It could be a sign of sickness?,https://www.youtube.com/shorts/L69EXs3evW4,https://www.youtube.com/watch?v=L69EXs3evW4,shorts,shorts,shorts,,,,569000,건강/진료,https://i.ytimg.com/vi/L69EXs3evW4/oar2.jpg?usqp=CCk
1211,8yEwUew8Wz0,sub) 고양이가 💩을 토하는데...이게 맞는거임?,My cat's throwing up a poop...💩 Is this okay?,https://www.youtube.com/shorts/8yEwUew8Wz0,https://www.youtube.com/watch?v=8yEwUew8Wz0,shorts,shorts,shorts,,,,68000,건강/진료,https://i.ytimg.com/vi/8yEwUew8Wz0/oar2.jpg?usqp=CCk
1212,ZAzj-auJgPE,고양이 점구경,고양이 점구경,https://www.youtube.com/shorts/ZAzj-auJgPE,https://www.youtube.com/watch?v=ZAzj-auJgPE,shorts,shorts,shorts,,,,113000,기타/엔터테인먼트,https://i.ytimg.com/vi/ZAzj-auJgPE/oar2.jpg?sqp=-oaymwEdCJUDENAFSFWQAgHyq4qpAwwIARUAAIhCcAHAAQY=&rs=AOn4CLAOHqEyuKad_crCebaB2jlfcVC5LQ&usqp=CCk
1213,i4aLTFKppPc,sub) 고양이가 행복하면 이렇게 합니다,This is What a Cat Does When It's Happy,https://www.youtube.com/shorts/i4aLTFKppPc,https://www.youtube.com/watch?v=i4aLTFKppPc,shorts,shorts,shorts,,,,336000,기타/엔터테인먼트,https://i.ytimg.com/vi/i4aLTFKppPc/oar2.jpg?sqp=-oaymwEdCJUDENAFSFWQAgHyq4qpAwwIARUAAIhCcAHAAQY=&rs=AOn4CLCmykXyKzAaHh0eN1-0l1dx5yfaAw&usqp=CCk
1214,yAVwpr8JE5Q,sub) 빠르게 고양이 눈에 약 넣고 모른척 하는법👀,sub) How to sneakily put eye drops on your cat's eyes👀,https://www.youtube.com/shorts/yAVwpr8JE5Q,https://www.youtube.com/watch?v=yAVwpr8JE5Q,shorts,shorts,shorts,,,,214000,행동/감정,https://i.ytimg.com/vi/yAVwpr8JE5Q/oar2.jpg?usqp=CCk
1215,R0qAgxVgMno,sub) 고양이는 이렇게 복수한다?!,Cats take their revenges like this?,https://www.youtube.com/shorts/R0qAgxVgMno,https://www.youtube.com/watch?v=R0qAgxVgMno,shorts,shorts,shorts,,,,143000,기타/엔터테인먼트,https://i.ytimg.com/vi/R0qAgxVgMno/oar2.jpg?sqp=-oaymwEdCJUDENAFSFWQAgHyq4qpAwwIARUAAIhCcAHAAQY=&rs=AOn4CLAZEhlbwOLzhJBHfTpdxpNYoUqd0A&usqp=CCk
1216,htWP_5ajF0o,sub) 의외로 엄청난 역할을 하는 고양이 앞니,Cat's front teeth actually plays a great role,https://www.youtube.com/shorts/htWP_5ajF0o,https://www.youtube.com/watch?v=htWP_5ajF0o,shorts,shorts,shorts,,,,373000,기타/엔터테인먼트,https://i.ytimg.com/vi/htWP_5ajF0o/oar2.jpg?sqp=-oaymwEdCJUDENAFSFWQAgHyq4qpAwwIARUAAIhCcAHAAQY=&rs=AOn4CLAYcvmZvf4m1Fp3udF3VeALbhgTUA&usqp=CCk
1217,tEKxaeYCklg,sub) 고양이는 집사를 뭐라고 생각할까? 엄마? 친구? 웨...웬수?,How would the cat think of its owner? Mom? Friend? E..enemy?,https://www.youtube.com/shorts/tEKxaeYCklg,https://www.youtube.com/watch?v=tEKxaeYCklg,shorts,shorts,shorts,,,,376000,관계/윤리;서사/상담,https://i.ytimg.com/vi/tEKxaeYCklg/oar2.jpg?sqp=-oaymwEdCJUDENAFSFWQAgHyq4qpAwwIARUAAIhCcAHAAQY=&rs=AOn4CLCz_ehZQcGsWXGAMusIUrznPOuq9A&usqp=CCk
1218,Wyw0m7nZwP8,sub) 집사 삶의질 수직상승 꿀템🐱🥄,sub) Great items to enhance the life qualities of the cat owners🐱🥄,https://www.youtube.com/shorts/Wyw0m7nZwP8,https://www.youtube.com/watch?v=Wyw0m7nZwP8,shorts,shorts,shorts,,,,1500000,관계/윤리,https://i.ytimg.com/vi/Wyw0m7nZwP8/oar2.jpg?sqp=-oaymwEdCJUDENAFSFWQAgHyq4qpAwwIARUAAIhCcAHAAQY=&rs=AOn4CLBHzyry_en0k6nUnBoIPZUZxVri1g&usqp=CCk
1219,QjDeAlEEFU0,sub) 털색깔만 보면 고양이 mbti 딱 나온다?!,You get the cat's MBTI just by looking at the fur color?!,https://www.youtube.com/shorts/QjDeAlEEFU0,https://www.youtube.com/watch?v=QjDeAlEEFU0,shorts,shorts,shorts,,,,833000,품종/지식,https://i.ytimg.com/vi/QjDeAlEEFU0/oar2.jpg?sqp=-oaymwEdCJUDENAFSFWQAgHyq4qpAwwIARUAAIhCcAHAAQY=&rs=AOn4CLBIQhm3HAf_aR1pXqsoJGDlwqmK5g&usqp=CCk
1220,-qZENInFHQk,3년 전에 싼 비상가방을 발견했다…그런데 이제 고양이를 곁들인,3년 전에 싼 비상가방을 발견했다…그런데 이제 고양이를 곁들인,https://www.youtube.com/shorts/-qZENInFHQk,https://www.youtube.com/watch?v=-qZENInFHQk,shorts,shorts,shorts,,,,62000,기타/엔터테인먼트,https://i.ytimg.com/vi/-qZENInFHQk/hq720_2.jpg?sqp=-oaymwEdCJYDENAFSFXyq4qpAw8IARUAAIhCcAHAAQbQAQE=&rs=AOn4CLC2oe3uzltKTtih7nWhgWF6XhVriQ
1221,pz_N1zBHmN8,sub) 여태 겨드랑이 냄새 맡고 좋아했던거냐?,sub) Have I been enjoying armpit smells all this time?,https://www.youtube.com/shorts/pz_N1zBHmN8,https://www.youtube.com/watch?v=pz_N1zBHmN8,shorts,shorts,shorts,,,,169000,기타/엔터테인먼트,https://i.ytimg.com/vi/pz_N1zBHmN8/hq720_2.jpg?sqp=-oaymwEdCJYDENAFSFXyq4qpAw8IARUAAIhCcAHAAQbQAQE=&rs=AOn4CLBk6HHJ6aLFPFHbzSRuxg6x4qUzTA
1222,wQcUONUVhV0,sub) 오히려 고양이가 매달리는 양치법이 있다?🦷,There's a way to make cats want to brush their teeth🦷,https://www.youtube.com/shorts/wQcUONUVhV0,https://www.youtube.com/watch?v=wQcUONUVhV0,shorts,shorts,shorts,,,,450000,기타/엔터테인먼트,https://i.ytimg.com/vi/wQcUONUVhV0/oar2.jpg?sqp=-oaymwEdCJUDENAFSFWQAgHyq4qpAwwIARUAAIhCcAHAAQY=&rs=AOn4CLDxSl0YkT0uWJMEPBMgWeI_Wz0gkQ&usqp=CCk
1223,ZkIfQFglo0E,sub) 이렇게 만지면 고양이가 녹아내려요🫠,Cats love it when you pet them like this,https://www.youtube.com/shorts/ZkIfQFglo0E,https://www.youtube.com/watch?v=ZkIfQFglo0E,shorts,shorts,shorts,,,,283000,기타/엔터테인먼트,https://i.ytimg.com/vi/ZkIfQFglo0E/hq720_2.jpg?sqp=-oaymwEdCJYDENAFSFXyq4qpAw8IARUAAIhCcAHAAQbQAQE=&rs=AOn4CLBylEP2oHQVoUXSxihwrqbxyKbLXA
1224,5bedN7GX078,sub) 고양이가 사람을 밟고 다니는 이유🦶,Why Cats Step on People 🦶,https://www.youtube.com/shorts/5bedN7GX078,https://www.youtube.com/watch?v=5bedN7GX078,shorts,shorts,shorts,,,,1000000,기타/엔터테인먼트,https://i.ytimg.com/vi/5bedN7GX078/oar2.jpg?sqp=-oaymwEdCJUDENAFSFWQAgHyq4qpAwwIARUAAIhCcAHAAQY=&rs=AOn4CLBiF5RUk2JWWOGn1pScneEXI7OVcQ&usqp=CCk
1225,Tm_2oW471mk,sub) 수의사피셜 쥐도 새도 고양이도 모르게 약먹이는 방법!!,How to trick your cat into eating medicine like a vet!,https://www.youtube.com/shorts/Tm_2oW471mk,https://www.youtube.com/watch?v=Tm_2oW471mk,shorts,shorts,shorts,,,,127000,건강/진료,https://i.ytimg.com/vi/Tm_2oW471mk/hq720_2.jpg?sqp=-oaymwEdCJYDENAFSFXyq4qpAw8IARUAAIhCcAHAAQbQAQE=&rs=AOn4CLCB6NyXaJEEGBWn-QbhKB1kgccy8g
1226,uvYEQUxpjc8,sub) 고양이 집사의 화장실 청소 노동기,Cat butler's chronicle of cleaning litter box,https://www.youtube.com/shorts/uvYEQUxpjc8,https://www.youtube.com/watch?v=uvYEQUxpjc8,shorts,shorts,shorts,,,,249000,생활/돌봄;관계/윤리,https://i.ytimg.com/vi/uvYEQUxpjc8/hq720_2.jpg?sqp=-oaymwEdCJYDENAFSFXyq4qpAw8IARUAAIhCcAHAAQbQAQE=&rs=AOn4CLDHm4x5SDroYoefADH3ykxajMYhfg
1227,IrMhgi7UZ3U,sub) 아빠를 아빠라 부르지 못하고...왜냐면 아빠가 다르니까,Can't call my dad 'dad'... cuz he's not my real dad!,https://www.youtube.com/shorts/IrMhgi7UZ3U,https://www.youtube.com/watch?v=IrMhgi7UZ3U,shorts,shorts,shorts,,,,399000,서사/상담,https://i.ytimg.com/vi/IrMhgi7UZ3U/hq720_2.jpg?sqp=-oaymwEdCJYDENAFSFXyq4qpAw8IARUAAIhCcAHAAQbQAQE=&rs=AOn4CLA-ayjPU8QJwwjwiWiny5nVOGtRfg
1228,XXU5XBrSDfQ,sub) ???: 아~고양이는 외로움 안 탄다니까? 키워 키워~,???: Hey~ Cats don't feel lonely! Get one now!,https://www.youtube.com/shorts/XXU5XBrSDfQ,https://www.youtube.com/watch?v=XXU5XBrSDfQ,shorts,shorts,shorts,,,,94000,기타/엔터테인먼트,https://i.ytimg.com/vi/XXU5XBrSDfQ/hq720_2.jpg?sqp=-oaymwEdCJYDENAFSFXyq4qpAw8IARUAAIhCcAHAAQbQAQE=&rs=AOn4CLC9gh0f1aKk8K_s8IGo_5doWAPQWg
1229,UlxESrNA4_s,sub) 우리집 고양이가 이렇게 토하면!! 😱,If my cat vomits like this!! 😱,https://www.youtube.com/shorts/UlxESrNA4_s,https://www.youtube.com/watch?v=UlxESrNA4_s,shorts,shorts,shorts,,,,457000,건강/진료,https://i.ytimg.com/vi/UlxESrNA4_s/oar2.jpg?sqp=-oaymwEdCJUDENAFSFWQAgHyq4qpAwwIARUAAIhCcAHAAQY=&rs=AOn4CLCNIZDE3woYLmRIE8Es7L5j2NtVfQ&usqp=CCk
1230,XDJjAXAXwxI,sub) 이것만 알면 나도 방구석 고양이 전문 수의사!!,"If you know this, you can be the cat veterinarian at home!!",https://www.youtube.com/shorts/XDJjAXAXwxI,https://www.youtube.com/watch?v=XDJjAXAXwxI,shorts,shorts,shorts,,,,396000,건강/진료,https://i.ytimg.com/vi/XDJjAXAXwxI/hq720_2.jpg?sqp=-oaymwEdCJYDENAFSFXyq4qpAw8IARUAAIhCcAHAAQbQAQE=&rs=AOn4CLD_liLjeA3iBVGtBt0nGUSDj1ebGw
1231,U0uAHAFT7SQ,sub) 동물 너무 좋아하면 오히려 수의사 안하는게 나은 이유,Why You Shouldn't Become a Vet If You Love Animals Too Much,https://www.youtube.com/shorts/U0uAHAFT7SQ,https://www.youtube.com/watch?v=U0uAHAFT7SQ,shorts,shorts,shorts,,,,878000,건강/진료,https://i.ytimg.com/vi/U0uAHAFT7SQ/hq720_2.jpg?sqp=-oaymwEdCJYDENAFSFXyq4qpAw8IARUAAIhCcAHAAQbQAQE=&rs=AOn4CLCrKPMIt1ILJkihj3BzPqOSXX3n1A
1232,op-0lwaXns0,sub) 좀비 다 때려잡고 아포칼립스 종결가능한 미래 최고의 직업: 수의사ㅋㅋㅋ,The best job in the future where you can kill all the zombies and end an Apocalypse: Vet :),https://www.youtube.com/shorts/op-0lwaXns0,https://www.youtube.com/watch?v=op-0lwaXns0,shorts,shorts,shorts,,,,117000,건강/진료,https://i.ytimg.com/vi/op-0lwaXns0/hq720_2.jpg?sqp=-oaymwEdCJYDENAFSFXyq4qpAw8IARUAAIhCcAHAAQbQAQE=&rs=AOn4CLALICJ2ccye8ObppzRfPzSpw2RcWg
1233,ftPbUyH2mNQ,sub) 고양이가 안아달라면 안아줌?,"If the cat asks to be hugged, do you do it?",https://www.youtube.com/shorts/ftPbUyH2mNQ,https://www.youtube.com/watch?v=ftPbUyH2mNQ,shorts,shorts,shorts,,,,8700000,기타/엔터테인먼트,https://i.ytimg.com/vi/ftPbUyH2mNQ/oar2.jpg?usqp=CCk
1234,2Q-KyYDWcww,sub) 피의 응징...당신이 고양이에게 물리는 이유,Punishment of blood...The reason why you get bitten by a cat,https://www.youtube.com/shorts/2Q-KyYDWcww,https://www.youtube.com/watch?v=2Q-KyYDWcww,shorts,shorts,shorts,,,,238000,기타/엔터테인먼트,https://i.ytimg.com/vi/2Q-KyYDWcww/hq720_2.jpg?sqp=-oaymwEdCJYDENAFSFXyq4qpAw8IARUAAIhCcAHAAQbQAQE=&rs=AOn4CLAye-HFoF4eDvsz3DhtdexdCuLOvg
1235,w8wchZDIqS4,sub) 고양이소리 냥잘따라함;,Master Of Mimicking The Cat Sound...,https://www.youtube.com/shorts/w8wchZDIqS4,https://www.youtube.com/watch?v=w8wchZDIqS4,shorts,shorts,shorts,,,,420000,기타/엔터테인먼트,https://i.ytimg.com/vi/w8wchZDIqS4/hq720_2.jpg?sqp=-oaymwEdCJYDENAFSFXyq4qpAw8IARUAAIhCcAHAAQbQAQE=&rs=AOn4CLCixJL1l-HE04XKTndTx8Hhzpeg5A
1236,87At39iYuAA,sub) 고양이가 먹으면 진짜진짜 위험한 이거🧶,It is REALLY dangerous for cats to eat this🧶,https://www.youtube.com/shorts/87At39iYuAA,https://www.youtube.com/watch?v=87At39iYuAA,shorts,shorts,shorts,,,,169000,관계/윤리,https://i.ytimg.com/vi/87At39iYuAA/hq720_2.jpg?sqp=-oaymwEdCJYDENAFSFXyq4qpAw8IARUAAIhCcAHAAQbQAQE=&rs=AOn4CLBw9myw_AtubT5uzUi_kA2TiRzRaA
1237,xqQsqNwHJCM,무릉도원이세요?,무릉도원이세요?,https://www.youtube.com/shorts/xqQsqNwHJCM,https://www.youtube.com/watch?v=xqQsqNwHJCM,shorts,shorts,shorts,,,,86000,기타/엔터테인먼트,https://i.ytimg.com/vi/xqQsqNwHJCM/hq720_2.jpg?sqp=-oaymwEdCJYDENAFSFXyq4qpAw8IARUAAIhCcAHAAQbQAQE=&rs=AOn4CLB1jjjeH1u2LKacuexh5slSeowrOw
1238,YA79zq-NAb0,sub) 고양이 키우는 사람 공통점(진짠가요?),Common features of people who raise cats (are they real?).,https://www.youtube.com/shorts/YA79zq-NAb0,https://www.youtube.com/watch?v=YA79zq-NAb0,shorts,shorts,shorts,,,,185000,기타/엔터테인먼트,https://i.ytimg.com/vi/YA79zq-NAb0/hq720_2.jpg?sqp=-oaymwEdCJYDENAFSFXyq4qpAw8IARUAAIhCcAHAAQbQAQE=&rs=AOn4CLBZvlI7ZCDUpB_TbRkErWl1o-I-5A
1239,2QyMPxN_9yA,sub) 우리집 고양이가 불행하다,Cat's behavior when it's unhappy,https://www.youtube.com/shorts/2QyMPxN_9yA,https://www.youtube.com/watch?v=2QyMPxN_9yA,shorts,shorts,shorts,,,,80000,기타/엔터테인먼트,https://i.ytimg.com/vi/2QyMPxN_9yA/hq720_2.jpg?sqp=-oaymwEdCJYDENAFSFXyq4qpAw8IARUAAIhCcAHAAQbQAQE=&rs=AOn4CLD8CJgKUILi4E4SgTRzWQTJ_LshAw
1240,38GR37T21Jw,sub) 고양이 VS 고양이 왜싸우는데?,Cats vs cats. Why are they fighting?,https://www.youtube.com/shorts/38GR37T21Jw,https://www.youtube.com/watch?v=38GR37T21Jw,shorts,shorts,shorts,,,,50000,기타/엔터테인먼트,https://i.ytimg.com/vi/38GR37T21Jw/hq720_2.jpg?sqp=-oaymwEdCJYDENAFSFXyq4qpAw8IARUAAIhCcAHAAQbQAQE=&rs=AOn4CLA9DvkxPU42a965Pp9oQdueapEVnQ
1241,Owg8jxCUqm0,sub) 수의사가 절대 거르는 고양이제품😤,Cat products that veterinarians never use 😤,https://www.youtube.com/shorts/Owg8jxCUqm0,https://www.youtube.com/watch?v=Owg8jxCUqm0,shorts,shorts,shorts,,,,2000000,건강/진료,https://i.ytimg.com/vi/Owg8jxCUqm0/oar2.jpg?sqp=-oaymwEdCJUDENAFSFWQAgHyq4qpAwwIARUAAIhCcAHAAQY=&rs=AOn4CLCs2Gv4SHKJDdidOQSouVPs4mBtqg&usqp=CCk
1242,Ciyta1ZtcT8,sub) '고양이의 보은'에 성별이 다 바뀌어야하는 이유,"Sub) The reason why all genders should be changed in ""The cat returns""",https://www.youtube.com/shorts/Ciyta1ZtcT8,https://www.youtube.com/watch?v=Ciyta1ZtcT8,shorts,shorts,shorts,,,,202000,기타/엔터테인먼트,https://i.ytimg.com/vi/Ciyta1ZtcT8/hq720_2.jpg?sqp=-oaymwEdCJYDENAFSFXyq4qpAw8IARUAAIhCcAHAAQbQAQE=&rs=AOn4CLCO_FHBEDxQ_UvZ7hXhzALcsRvpFw
1243,abBj_dy0YMo,sub) 제발~고양이 키우지 마세요! 수의사가 본 최악의 보호자들,Please~ don't raise a cat! The worst owners a veterinarian has ever seen.,https://www.youtube.com/shorts/abBj_dy0YMo,https://www.youtube.com/watch?v=abBj_dy0YMo,shorts,shorts,shorts,,,,535000,건강/진료;관계/윤리,https://i.ytimg.com/vi/abBj_dy0YMo/hq720_2.jpg?sqp=-oaymwEdCJYDENAFSFXyq4qpAw8IARUAAIhCcAHAAQbQAQE=&rs=AOn4CLC01mwKGvCHECU5zTEp5CW6yS85NA
1244,2dSb-1VHLr8,시켜줘 너의 명예 구찌 앰배서더🐱,시켜줘 너의 명예 구찌 앰배서더🐱,https://www.youtube.com/shorts/2dSb-1VHLr8,https://www.youtube.com/watch?v=2dSb-1VHLr8,shorts,shorts,shorts,,,,53000,기타/엔터테인먼트,https://i.ytimg.com/vi/2dSb-1VHLr8/hq720_2.jpg?sqp=-oaymwEdCJYDENAFSFXyq4qpAw8IARUAAIhCcAHAAQbQAQE=&rs=AOn4CLDR0odZa3D4KPzKfQB1dup9-BzNHQ
1245,fZGvzEXBOG4,sub) 수의사도 벌벌떠는 고양이계 3대장...ㄸㄷ,"Even the veterinarians are shivering, the 3 Masters of the cat world...",https://www.youtube.com/shorts/fZGvzEXBOG4,https://www.youtube.com/watch?v=fZGvzEXBOG4,shorts,shorts,shorts,,,,3400000,건강/진료,https://i.ytimg.com/vi/fZGvzEXBOG4/oar2.jpg?sqp=-oaymwEdCJUDENAFSFWQAgHyq4qpAwwIARUAAIhCcAHAAQY=&rs=AOn4CLC09ai8D2PVOK76tz9z-K5nKt2KEg&usqp=CCk
1246,c3tj5noqmbk,새침떼기 고영🐱,새침떼기 고영🐱,https://www.youtube.com/shorts/c3tj5noqmbk,https://www.youtube.com/watch?v=c3tj5noqmbk,shorts,shorts,shorts,,,,76000,기타/엔터테인먼트,https://i.ytimg.com/vi/c3tj5noqmbk/hq720_2.jpg?sqp=-oaymwEdCJYDENAFSFXyq4qpAw8IARUAAIhCcAHAAQbQAQE=&rs=AOn4CLA_gCWwL0fEkjHSwt_mhj_uCYlxxg
1247,k0zlGE47CN8,같은 집에 살지만 성격이 너무 다른 고양이 자매🐱🐱,같은 집에 살지만 성격이 너무 다른 고양이 자매🐱🐱,https://www.youtube.com/shorts/k0zlGE47CN8,https://www.youtube.com/watch?v=k0zlGE47CN8,shorts,shorts,shorts,,,,185000,행동/감정,https://i.ytimg.com/vi/k0zlGE47CN8/hq720_2.jpg?sqp=-oaymwEdCJYDENAFSFXyq4qpAw8IARUAAIhCcAHAAQbQAQE=&rs=AOn4CLAbLWNvQPsHw-0BBpHHa-xW_SRXVQ
1248,EhNtGMoBLBY,생후 2개월 고양이 호섭이 민들레홀씨 시절,생후 2개월 고양이 호섭이 민들레홀씨 시절,https://www.youtube.com/shorts/EhNtGMoBLBY,https://www.youtube.com/watch?v=EhNtGMoBLBY,shorts,shorts,shorts,,,,88000,기타/엔터테인먼트,https://i.ytimg.com/vi/EhNtGMoBLBY/hq720_2.jpg?sqp=-oaymwEdCJYDENAFSFXyq4qpAw8IARUAAIhCcAHAAQbQAQE=&rs=AOn4CLAcqoBmZjM9QJ9narm0Bnr5c9KLrQ
1249,JjU50LFImIc,신소재 숙면 베개 털뿜뿜 에디션,신소재 숙면 베개 털뿜뿜 에디션,https://www.youtube.com/shorts/JjU50LFImIc,https://www.youtube.com/watch?v=JjU50LFImIc,shorts,shorts,shorts,,,,129000,품종/지식,https://i.ytimg.com/vi/JjU50LFImIc/hq720_2.jpg?sqp=-oaymwEdCJUDENAFSFXyq4qpAw8IARUAAIhCcAHAAQbQAQE=&rs=AOn4CLBOmVkUDQhQgJ_UWiQPVv_LVEF9iw
1250,omIMExA5ooY,인간매트 따뜻해🔥,인간매트 따뜻해🔥,https://www.youtube.com/shorts/omIMExA5ooY,https://www.youtube.com/watch?v=omIMExA5ooY,shorts,shorts,shorts,,,,99000,기타/엔터테인먼트,https://i.ytimg.com/vi/omIMExA5ooY/hq720_2.jpg?sqp=-oaymwEdCJUDENAFSFXyq4qpAw8IARUAAIhCcAHAAQbQAQE=&rs=AOn4CLC22EkgDQCwUOG8QduAahwkHaRqHQ
1251,yRENjHbJvzU,자유형 배우는 고양이 사모님🏊‍♀️,자유형 배우는 고양이 사모님🏊‍♀️,https://www.youtube.com/shorts/yRENjHbJvzU,https://www.youtube.com/watch?v=yRENjHbJvzU,shorts,shorts,shorts,,,,108000,기타/엔터테인먼트,https://i.ytimg.com/vi/yRENjHbJvzU/hq720_2.jpg?sqp=-oaymwEdCI4CEOADSFXyq4qpAw8IARUAAIhCcAHAAQbQAQE=&rs=AOn4CLBT_j9sTh5o0rI9CZXGxzP6wVc7cQ
1252,y2WZyHTHaJc,잠꼬대하는 고양이 애기씨,잠꼬대하는 고양이 애기씨,https://www.youtube.com/shorts/y2WZyHTHaJc,https://www.youtube.com/watch?v=y2WZyHTHaJc,shorts,shorts,shorts,,,,171000,기타/엔터테인먼트,https://i.ytimg.com/vi/y2WZyHTHaJc/hq720_2.jpg?sqp=-oaymwEdCJUDENAFSFXyq4qpAw8IARUAAIhCcAHAAQbQAQE=&rs=AOn4CLC9c76xsnNKJvphnazWZMFW-Y_G_w
1253,aQ1ekAtRdjE,겨드랑이 못참지,겨드랑이 못참지,https://www.youtube.com/shorts/aQ1ekAtRdjE,https://www.youtube.com/watch?v=aQ1ekAtRdjE,shorts,shorts,shorts,,,,79000,기타/엔터테인먼트,https://i.ytimg.com/vi/aQ1ekAtRdjE/hq720_2.jpg?sqp=-oaymwEdCI4CEOADSFXyq4qpAw8IARUAAIhCcAHAAQbQAQE=&rs=AOn4CLDaL9aZQsWqiDDHySqEOfD7lPdGKw
1254,zSWEJo85E74,이제 고양이옷 벗고 퇴근해도 돼,이제 고양이옷 벗고 퇴근해도 돼,https://www.youtube.com/shorts/zSWEJo85E74,https://www.youtube.com/watch?v=zSWEJo85E74,shorts,shorts,shorts,,,,163000,기타/엔터테인먼트,https://i.ytimg.com/vi/zSWEJo85E74/hq720_2.jpg?sqp=-oaymwEdCI4CEOADSFXyq4qpAw8IARUAAIhCcAHAAQbQAQE=&rs=AOn4CLAsBlx8WjayHUaA6r9ouE9-LupnWQ
1255,t6-C9peJEEc,"이렇게까지 꾹꾹이를 열심히하는 이유가,,,,,?","이렇게까지 꾹꾹이를 열심히하는 이유가,,,,,?",https://www.youtube.com/shorts/t6-C9peJEEc,https://www.youtube.com/watch?v=t6-C9peJEEc,shorts,shorts,shorts,,,,520000,행동/감정,https://i.ytimg.com/vi/t6-C9peJEEc/hq720_2.jpg?sqp=-oaymwEdCI4CEOADSFXyq4qpAw8IARUAAIhCcAHAAQbQAQE=&rs=AOn4CLDwNgN_hDVa-_sdaSck67snfXO-GQ
1256,004IJC8rYqg,470g아깽이 호섭처남 첫건강검진,470g아깽이 호섭처남 첫건강검진,https://www.youtube.com/shorts/004IJC8rYqg,https://www.youtube.com/watch?v=004IJC8rYqg,shorts,shorts,shorts,,,,201000,기타/엔터테인먼트,https://i.ytimg.com/vi/004IJC8rYqg/hq720_2.jpg?sqp=-oaymwEdCI4CEOADSFXyq4qpAw8IARUAAIhCcAHAAQbQAQE=&rs=AOn4CLDHCDHx8tyBH5mNFaIfwO048IfLYQ
1257,jJLuc8WDCcU,집사들 업무효율 0,집사들 업무효율 0,https://www.youtube.com/shorts/jJLuc8WDCcU,https://www.youtube.com/watch?v=jJLuc8WDCcU,shorts,shorts,shorts,,,,368000,관계/윤리,https://i.ytimg.com/vi/jJLuc8WDCcU/hq720_2.jpg?sqp=-oaymwEdCI4CEOADSFXyq4qpAw8IARUAAIhCcAHAAQbQAQE=&rs=AOn4CLBSoYWhCefaxcdu65Y4H4wvUJNYVA
1258,bdOycBGk_-c,"아빠 애기씨는 안졸린뎅,,,🙄","아빠 애기씨는 안졸린뎅,,,🙄",https://www.youtube.com/shorts/bdOycBGk_-c,https://www.youtube.com/watch?v=bdOycBGk_-c,shorts,shorts,shorts,,,,317000,서사/상담,https://i.ytimg.com/vi/bdOycBGk_-c/hq720_2.jpg?sqp=-oaymwEdCI4CEOADSFXyq4qpAw8IARUAAIhCcAHAAQbQAQE=&rs=AOn4CLBeq1Sy7SS2aT5J6QC4eMqZpjtJKw
1259,tQkwx8hdoHw,고양이라면 응당 싱크대정도는 들어가줘야지,"If it's a cat, it should at least fit into the sink.",https://www.youtube.com/shorts/tQkwx8hdoHw,https://www.youtube.com/watch?v=tQkwx8hdoHw,shorts,shorts,shorts,,,,183000,기타/엔터테인먼트,https://i.ytimg.com/vi/tQkwx8hdoHw/hq720_2.jpg?sqp=-oaymwEdCI4CEOADSFXyq4qpAw8IARUAAIhCcAHAAQbQAQE=&rs=AOn4CLDsNhL-iDMcy-RZ_MJWCJuVTrYV1A
1260,eVc9PhmkS9g,나보다 꼬리 길고 빵실한 고양이 본사람?,나보다 꼬리 길고 빵실한 고양이 본사람?,https://www.youtube.com/shorts/eVc9PhmkS9g,https://www.youtube.com/watch?v=eVc9PhmkS9g,shorts,shorts,shorts,,,,167000,행동/감정,https://i.ytimg.com/vi/eVc9PhmkS9g/hq720_2.jpg?sqp=-oaymwEdCJUDENAFSFXyq4qpAw8IARUAAIhCcAHAAQbQAQE=&rs=AOn4CLB3edu5lC8iRQ9mHImLgzmK2aNsaQ
1261,H_YCmLvQCEo,최선을 다하는 고양이 빨래방,최선을 다하는 고양이 빨래방,https://www.youtube.com/shorts/H_YCmLvQCEo,https://www.youtube.com/watch?v=H_YCmLvQCEo,shorts,shorts,shorts,,,,121000,기타/엔터테인먼트,https://i.ytimg.com/vi/H_YCmLvQCEo/hq720_2.jpg?sqp=-oaymwEdCJUDENAFSFXyq4qpAw8IARUAAIhCcAHAAQbQAQE=&rs=AOn4CLA0Hy--9MVfomFXtVXGb2mZCDC94g
1262,WaFC56cOh58,꾹ㄱ꾹꾹ㅇ꾹꾸욱꾹,꾹ㄱ꾹꾹ㅇ꾹꾸욱꾹,https://www.youtube.com/shorts/WaFC56cOh58,https://www.youtube.com/watch?v=WaFC56cOh58,shorts,shorts,shorts,,,,59000,행동/감정,https://i.ytimg.com/vi/WaFC56cOh58/hq720_2.jpg?sqp=-oaymwEdCJUDENAFSFXyq4qpAw8IARUAAIhCcAHAAQbQAQE=&rs=AOn4CLAU7Lhdwcj7dJpybCanxclTUIwcOg
1263,V_2s1rE3Pmc,극한직업 고양이편🐱,극한직업 고양이편🐱,https://www.youtube.com/shorts/V_2s1rE3Pmc,https://www.youtube.com/watch?v=V_2s1rE3Pmc,shorts,shorts,shorts,,,,262000,기타/엔터테인먼트,https://i.ytimg.com/vi/V_2s1rE3Pmc/hq720_2.jpg?sqp=-oaymwEdCI4CEOADSFXyq4qpAw8IARUAAIhCcAHAAQbQAQE=&rs=AOn4CLAwgQ5cPaiYbHM6hX4wxr4VTt_dbA
1264,B9-cKNRrgSc,폴댄스추는 고양이 애기씨,폴댄스추는 고양이 애기씨,https://www.youtube.com/shorts/B9-cKNRrgSc,https://www.youtube.com/watch?v=B9-cKNRrgSc,shorts,shorts,shorts,,,,98000,기타/엔터테인먼트,https://i.ytimg.com/vi/B9-cKNRrgSc/hq720_2.jpg?sqp=-oaymwEdCI4CEOADSFXyq4qpAw8IARUAAIhCcAHAAQbQAQE=&rs=AOn4CLBoYkoGhtOq8Neny2ZVX00m0mx_Ug
1265,KdCSaOD1AJ8,이거 안 해봤으면 고양이집사 절대 아님.,이거 안 해봤으면 고양이집사 절대 아님.,https://www.youtube.com/shorts/KdCSaOD1AJ8,https://www.youtube.com/watch?v=KdCSaOD1AJ8,shorts,shorts,shorts,,,,53000,관계/윤리,https://i.ytimg.com/vi/KdCSaOD1AJ8/hq720_2.jpg?sqp=-oaymwEdCJUDENAFSFXyq4qpAw8IARUAAIhCcAHAAQbQAQE=&rs=AOn4CLBucUx3p4TiadjKmd9rN9Kvd-cWjA
1266,OvUdqsNqtf8,고양이타고 용궁간 썰 푼다🐢🐢,고양이타고 용궁간 썰 푼다🐢🐢,https://www.youtube.com/shorts/OvUdqsNqtf8,https://www.youtube.com/watch?v=OvUdqsNqtf8,shorts,shorts,shorts,,,,168000,기타/엔터테인먼트,https://i.ytimg.com/vi/OvUdqsNqtf8/hq720_2.jpg?sqp=-oaymwEdCJUDENAFSFXyq4qpAw8IARUAAIhCcAHAAQbQAQE=&rs=AOn4CLC7L5RdVvZV8SYbhJQQf7X8pK7zCw
1267,n8e5cBLgTVc,수의사집 고양이 3년이면 손으로 문열기 정도는 식은츄르먹기🐱,수의사집 고양이 3년이면 손으로 문열기 정도는 식은츄르먹기🐱,https://www.youtube.com/shorts/n8e5cBLgTVc,https://www.youtube.com/watch?v=n8e5cBLgTVc,shorts,shorts,shorts,,,,111000,건강/진료;생활/돌봄,https://i.ytimg.com/vi/n8e5cBLgTVc/hq720_2.jpg?sqp=-oaymwEdCI4CEOADSFXyq4qpAw8IARUAAIhCcAHAAQbQAQE=&rs=AOn4CLDd5vfZKGFu35dmjnj8aVNQy7wO8w
1268,UWTWkATXU6s,에어 조단 고양이 애기씨💨,에어 조단 고양이 애기씨💨,https://www.youtube.com/shorts/UWTWkATXU6s,https://www.youtube.com/watch?v=UWTWkATXU6s,shorts,shorts,shorts,,,,140000,기타/엔터테인먼트,https://i.ytimg.com/vi/UWTWkATXU6s/hq720_2.jpg?sqp=-oaymwEdCI4CEOADSFXyq4qpAw8IARUAAIhCcAHAAQbQAQE=&rs=AOn4CLB3i0rqfqF0iudsGod0hUrH-LCcUA
1269,S8YB245fVeo,발꼬락 념념굿,발꼬락 념념굿,https://www.youtube.com/shorts/S8YB245fVeo,https://www.youtube.com/watch?v=S8YB245fVeo,shorts,shorts,shorts,,,,77000,기타/엔터테인먼트,https://i.ytimg.com/vi/S8YB245fVeo/hq720_2.jpg?sqp=-oaymwEdCI4CEOADSFXyq4qpAw8IARUAAIhCcAHAAQbQAQE=&rs=AOn4CLBb67_XptuMRbdNOJl6AnhHa47DaA
1270,gZqClMjR6ik,애기씨 귄카,애기씨 귄카,https://www.youtube.com/shorts/gZqClMjR6ik,https://www.youtube.com/watch?v=gZqClMjR6ik,shorts,shorts,shorts,,,,203000,기타/엔터테인먼트,https://i.ytimg.com/vi/gZqClMjR6ik/hq720_2.jpg?sqp=-oaymwEdCI4CEOADSFXyq4qpAw8IARUAAIhCcAHAAQbQAQE=&rs=AOn4CLDYkG3HO5bn3FHm6LROujbFMwpGkw
1271,WvJxY8tP1zc,사냥꾼,사냥꾼,https://www.youtube.com/shorts/WvJxY8tP1zc,https://www.youtube.com/watch?v=WvJxY8tP1zc,shorts,shorts,shorts,,,,92000,기타/엔터테인먼트,https://i.ytimg.com/vi/WvJxY8tP1zc/hq720_2.jpg?sqp=-oaymwEdCJUDENAFSFXyq4qpAw8IARUAAIhCcAHAAQbQAQE=&rs=AOn4CLA-ifbfKhs99O_ShfOgWyOTuxYmmQ
1272,zACvtEuOi5Q,고양이한테 닭가슴살 뺏길뻔함 #shorts,Almost had my chicken breast stolen by a cat #shorts,https://www.youtube.com/shorts/zACvtEuOi5Q,https://www.youtube.com/watch?v=zACvtEuOi5Q,shorts,shorts,shorts,,,,219000,기타/엔터테인먼트,https://i.ytimg.com/vi/zACvtEuOi5Q/hq720_2.jpg?sqp=-oaymwEdCJUDENAFSFXyq4qpAw8IARUAAIhCcAHAAQbQAQE=&rs=AOn4CLDE9zl88VzxcmHUMdj4XL5i2lLonQ
1273,m60bgVXoJQ4,부르면 달려오는 강아..아니 고양이 애기씨🐈🐶,부르면 달려오는 강아..아니 고양이 애기씨🐈🐶,https://www.youtube.com/shorts/m60bgVXoJQ4,https://www.youtube.com/watch?v=m60bgVXoJQ4,shorts,shorts,shorts,,,,361000,기타/엔터테인먼트,https://i.ytimg.com/vi/m60bgVXoJQ4/hq720_2.jpg?sqp=-oaymwEdCI4CEOADSFXyq4qpAw8IARUAAIhCcAHAAQbQAQE=&rs=AOn4CLC4WtEal0_HBc6ymdLv56CuX8oVQA
1274,wKBxw98galw,부르는 족족 쳐다보는 고영희,부르는 족족 쳐다보는 고영희,https://www.youtube.com/shorts/wKBxw98galw,https://www.youtube.com/watch?v=wKBxw98galw,shorts,shorts,shorts,,,,76000,기타/엔터테인먼트,https://i.ytimg.com/vi/wKBxw98galw/hq720_2.jpg?sqp=-oaymwEdCI4CEOADSFXyq4qpAw8IARUAAIhCcAHAAQbQAQE=&rs=AOn4CLDf7DUB-cccKjRPJSR-2scWSfUWyw
1275,E2TwLVsjsw8,냥냥대 꾹꾹이학과 수석졸업한 애기씨 #shorts,냥냥대 꾹꾹이학과 수석졸업한 애기씨 #shorts,https://www.youtube.com/shorts/E2TwLVsjsw8,https://www.youtube.com/watch?v=E2TwLVsjsw8,shorts,shorts,shorts,,,,178000,행동/감정,https://i.ytimg.com/vi/E2TwLVsjsw8/hq720_2.jpg?sqp=-oaymwEdCI4CEOADSFXyq4qpAw8IARUAAIhCcAHAAQbQAQE=&rs=AOn4CLAI-pCpJWhONuEhJ4q_DfD-eZkeCA
1276,Zt1KYxRymhg,고양이 배방구 모먼트💨,고양이 배방구 모먼트💨,https://www.youtube.com/shorts/Zt1KYxRymhg,https://www.youtube.com/watch?v=Zt1KYxRymhg,shorts,shorts,shorts,,,,264000,기타/엔터테인먼트,https://i.ytimg.com/vi/Zt1KYxRymhg/hq720_2.jpg?sqp=-oaymwEdCJYDENAFSFXyq4qpAw8IARUAAIhCcAHAAQbQAQE=&rs=AOn4CLCVbvz-nqndLHFRZ1X1NTxF5k_8Ug
1277,d2pEmskKnpI,마지막 잎새,마지막 잎새,https://www.youtube.com/shorts/d2pEmskKnpI,https://www.youtube.com/watch?v=d2pEmskKnpI,shorts,shorts,shorts,,,,67000,기타/엔터테인먼트,https://i.ytimg.com/vi/d2pEmskKnpI/hq720_2.jpg?sqp=-oaymwEdCI4CEOADSFXyq4qpAw8IARUAAIhCcAHAAQbQAQE=&rs=AOn4CLCH21fkZir-ez9bzMtdid58h8oamg
1278,QVUExTJnEqI,다리가 길어서 식빵에 실패했다🍞 #shorts,다리가 길어서 식빵에 실패했다🍞 #shorts,https://www.youtube.com/shorts/QVUExTJnEqI,https://www.youtube.com/watch?v=QVUExTJnEqI,shorts,shorts,shorts,,,,846000,기타/엔터테인먼트,https://i.ytimg.com/vi/QVUExTJnEqI/hq720_2.jpg?sqp=-oaymwEdCI4CEOADSFXyq4qpAw8IARUAAIhCcAHAAQbQAQE=&rs=AOn4CLCyNr0EADch4x_76VKFa_xxiDO4pQ
1279,Ie96bD47tLc,이 정도면 집사 손에서 츄르가 나온다는게 학예회의 정설💦,이 정도면 집사 손에서 츄르가 나온다는게 학예회의 정설💦,https://www.youtube.com/shorts/Ie96bD47tLc,https://www.youtube.com/watch?v=Ie96bD47tLc,shorts,shorts,shorts,,,,99000,생활/돌봄;관계/윤리,https://i.ytimg.com/vi/Ie96bD47tLc/hq2.jpg?sqp=-oaymwEdCKACEOgCSFXyq4qpAw8IARUAAIhCcAHAAQbQAQE=&rs=AOn4CLAuLEye1LB2iUaqdNQ0WHrCOQjqqg
1280,zf5du-rQjSU,[속보] 김명철 수의사 집에서 왕따로 밝혀져..,[Breaking News] Veterinarian Kim Myeong-cheol revealed to be bullied at home.,https://www.youtube.com/shorts/zf5du-rQjSU,https://www.youtube.com/watch?v=zf5du-rQjSU,shorts,shorts,shorts,,,,1300000,건강/진료,https://i.ytimg.com/vi/zf5du-rQjSU/hq720_2.jpg?sqp=-oaymwEdCI4CEOADSFXyq4qpAw8IARUAAIhCcAHAAQbQAQE=&rs=AOn4CLBbnUOOEhvV9F_4VSZlKl-SkHlOtw
